,descriptor1,descriptor2,descriptor3,year
0,Action,Adventure,Comedy,2000
1,Action,Adventure,Drama,2000
2,Comedy,Family,Fantasy,2000
3,Drama,,,2000
4,Biography,Drama,Sport,2000
5,Crime,Drama,,2000
6,Comedy,Crime,,2000
7,Comedy,Sport,,2000
8,Mystery,Thriller,,2000
9,Action,Drama,History,2000
10,Action,Adventure,Sci-Fi,2000
11,Adventure,Comedy,Drama,2000
12,Comedy,,,2000
13,Comedy,Drama,Romance,2000
14,Adventure,Drama,Romance,2000
15,Drama,Mystery,Sci-Fi,2000
16,Animation,Adventure,Family,2000
17,Comedy,Drama,Music,2000
18,Biography,Drama,,2000
19,Drama,Music,,2000
20,Adventure,Comedy,Crime,2000
21,Animation,Adventure,Comedy,2000
22,Drama,Romance,,2000
23,Comedy,Drama,Fantasy,2000
24,Comedy,Crime,,2000
25,Comedy,Romance,Sport,2000
26,Action,Adventure,Thriller,2000
27,Action,Crime,Thriller,2000
28,Adventure,Comedy,,2000
29,Drama,Romance,,2000
30,Horror,Sci-Fi,Thriller,2000
31,Horror,Thriller,,2000
32,Adventure,Drama,Romance,2000
33,Action,Horror,Sci-Fi,2000
34,Comedy,Drama,,2000
35,Crime,Drama,Thriller,2000
36,Action,Adventure,Drama,2000
37,Action,Adventure,Fantasy,2000
38,Comedy,Fantasy,Romance,2000
39,Drama,Fantasy,Horror,2000
40,Biography,Drama,,2000
41,Horror,Sci-Fi,,2000
42,Adventure,Drama,Sci-Fi,2000
43,Crime,Drama,Musical,2000
44,Action,Adventure,Sci-Fi,2000
45,Comedy,,,2000
46,Drama,Fantasy,Sport,2000
47,Comedy,Fantasy,,2000
48,Action,Crime,Thriller,2000
49,Comedy,Drama,Music,2000
50,Horror,Mystery,,2000
51,Comedy,Fantasy,,2000
52,Animation,Action,Adventure,2000
53,Crime,Drama,Thriller,2000
54,Action,Adventure,Drama,2000
55,Action,Comedy,Crime,2000
56,Drama,Fantasy,Horror,2000
57,Drama,Fantasy,Horror,2000
58,Drama,Thriller,,2000
59,Comedy,Romance,,2000
60,Animation,Adventure,Comedy,2000
61,Biography,Drama,,2000
62,Comedy,Mystery,Sci-Fi,2000
63,Comedy,Family,Romance,2000
64,Horror,Sci-Fi,Thriller,2000
65,Comedy,,,2000
66,Action,Mystery,Sci-Fi,2000
67,Animation,Adventure,Comedy,2000
68,Adventure,Comedy,Family,2000
69,Comedy,,,2000
70,Action,Adventure,Thriller,2000
71,Adventure,Sci-Fi,Thriller,2000
72,Drama,History,Thriller,2000
73,Crime,Drama,Mystery,2000
74,Comedy,Drama,,2000
75,Drama,Romance,Sport,2000
76,Comedy,Family,Fantasy,2000
77,Drama,,,2000
78,Comedy,Romance,,2000
79,Action,Fantasy,Horror,2000
80,Action,War,,2000
81,Comedy,Drama,Romance,2000
82,Action,Adventure,Comedy,2000
83,Action,Adventure,Crime,2000
84,Adventure,Comedy,Family,2000
85,Drama,Music,Romance,2000
86,Action,Sci-Fi,Thriller,2000
87,Adventure,Fantasy,Horror,2000
88,Crime,Drama,Thriller,2000
89,Crime,Drama,Thriller,2000
90,Adventure,Comedy,Family,2000
91,Drama,Mystery,,2000
92,Drama,Horror,,2000
93,Comedy,Drama,Romance,2000
94,Action,Comedy,Crime,2000
95,Crime,Drama,History,2000
96,Comedy,Drama,,2000
97,Action,Crime,Thriller,2000
98,Action,Adventure,Fantasy,2000
99,Action,Adventure,Fantasy,2000
100,Drama,Thriller,War,2000
101,Drama,,,2000
102,Comedy,Drama,Romance,2000
103,Crime,Drama,Romance,2000
104,Drama,Romance,Western,2000
105,Comedy,,,2000
106,Comedy,Sport,,2000
107,Biography,Crime,Drama,2000
108,Action,Drama,Thriller,2000
109,Drama,,,2000
110,Comedy,Drama,Romance,2000
111,Comedy,Romance,,2000
112,Drama,Mystery,Thriller,2000
113,Action,Crime,Drama,2000
114,Action,Crime,Drama,2000
115,Comedy,Romance,Drama,2000
116,Comedy,Drama,Family,2000
117,Adventure,Comedy,Drama,2000
118,Drama,Romance,,2000
119,Crime,Drama,Mystery,2000
120,Crime,Horror,Mystery,2000
121,Drama,War,,2000
122,Biography,Drama,,2000
123,Animation,Action,Adventure,2000
124,Drama,,,2000
125,Animation,Adventure,Comedy,2000
126,Action,Comedy,Crime,2000
127,Drama,Romance,,2000
128,Action,Crime,Drama,2000
129,Comedy,Drama,Romance,2000
130,Drama,Mystery,Romance,2000
131,Comedy,Drama,,2000
132,Biography,Drama,Romance,2000
133,Drama,Mystery,,2000
134,Crime,Drama,Thriller,2000
135,Comedy,Crime,,2000
136,Action,Drama,Thriller,2000
137,Comedy,Fantasy,Romance,2000
138,Comedy,Drama,,2000
139,Drama,Romance,Thriller,2000
140,Crime,Drama,Thriller,2000
141,Horror,Mystery,Thriller,2000
142,Comedy,,,2000
143,Comedy,Crime,Thriller,2000
144,Action,Comedy,Crime,2000
145,Crime,Drama,Mystery,2000
146,Animation,Action,Fantasy,2000
147,Comedy,Drama,Romance,2000
148,Comedy,Romance,Sci-Fi,2000
149,Comedy,Drama,Romance,2000
150,Comedy,Drama,Music,2000
151,Drama,Romance,,2000
152,Action,Comedy,Crime,2000
153,Comedy,Horror,Mystery,2000
154,Drama,Music,Romance,2000
155,Drama,Sport,,2000
156,Drama,Fantasy,Horror,2000
157,Drama,,,2000
158,Action,Romance,,2000
159,Horror,Mystery,Thriller,2000
160,Comedy,Drama,History,2000
161,Comedy,Drama,Romance,2000
162,Crime,Drama,Horror,2000
163,Drama,,,2000
164,Drama,Thriller,,2000
165,Animation,Comedy,Drama,2000
166,Crime,Drama,Thriller,2000
167,Action,Comedy,Crime,2000
168,Animation,Adventure,Comedy,2000
169,Drama,Mystery,Thriller,2000
170,Drama,Mystery,,2000
171,Comedy,Sci-Fi,,2000
172,Comedy,Drama,Romance,2000
173,Comedy,Music,,2000
174,Drama,Romance,Western,2000
175,Comedy,Crime,,2000
176,Comedy,Horror,Mystery,2000
177,Action,Comedy,Fantasy,2000
178,Action,Adventure,Crime,2000
179,Comedy,Drama,Romance,2000
180,Crime,Drama,,2000
181,Comedy,Drama,Romance,2000
182,Comedy,Drama,,2000
183,Drama,Fantasy,Horror,2000
184,Drama,Thriller,,2000
185,Action,Crime,Fantasy,2000
186,Drama,Mystery,Thriller,2000
187,Comedy,Drama,Music,2000
188,Comedy,Crime,Mystery,2000
189,Comedy,Crime,Family,2000
190,Musical,Drama,Romance,2000
191,Drama,,,2000
192,Comedy,Drama,Romance,2000
193,Crime,Mystery,Thriller,2000
194,Drama,Romance,,2000
195,Comedy,Drama,Romance,2000
196,Comedy,Crime,Drama,2000
197,Comedy,Drama,,2000
198,Drama,,,2000
199,Comedy,Sci-Fi,,2000
200,Drama,Romance,War,2000
201,Biography,Crime,Drama,2000
202,Biography,Drama,Romance,2000
203,Adventure,Comedy,Romance,2000
204,Drama,,,2000
205,Animation,Action,Adventure,2000
206,Comedy,Crime,,2000
207,Comedy,Crime,,2000
208,Crime,Thriller,,2000
209,Crime,Drama,Thriller,2000
210,Comedy,Crime,,2000
211,Comedy,Drama,Musical,2000
212,Action,Comedy,Fantasy,2000
213,Comedy,Romance,Western,2000
214,Comedy,Romance,,2000
215,Drama,Romance,,2000
216,Drama,Comedy,,2000
217,Comedy,Romance,,2000
218,Comedy,Crime,,2000
219,Drama,Comedy,Crime,2000
220,Action,Adventure,Comedy,2000
221,Comedy,Romance,,2000
222,Comedy,Crime,,2000
223,Comedy,Thriller,Crime,2000
224,Animation,Adventure,Comedy,2000
225,Horror,Mystery,,2000
226,Comedy,Crime,Romance,2000
227,Comedy,Drama,Romance,2000
228,Comedy,Romance,,2000
229,Adventure,Biography,Drama,2000
230,Action,Adventure,Sci-Fi,2000
231,Comedy,Drama,War,2000
232,Romance,Comedy,Musical,2000
233,Biography,Crime,Drama,2000
234,Romance,Drama,,2000
235,Drama,Music,,2000
236,Drama,Romance,,2000
237,Action,Comedy,Drama,2000
238,Drama,,,2000
239,Drama,Thriller,,2000
240,Animation,Action,Adventure,2000
241,Comedy,Family,Sport,2000
242,Comedy,,,2000
243,Crime,Drama,Thriller,2000
244,Comedy,Crime,Drama,2000
245,Drama,Romance,,2000
246,Drama,,,2000
247,Drama,Romance,,2000
248,Drama,Thriller,,2000
249,Drama,Horror,Thriller,2000
250,Comedy,Drama,Romance,2000
251,Comedy,Crime,Horror,2000
252,Animation,Comedy,Drama,2000
253,Comedy,Drama,Romance,2000
254,Comedy,Drama,Sport,2000
255,Horror,Thriller,,2000
256,Animation,Family,Fantasy,2000
257,Comedy,Horror,Sci-Fi,2000
258,Animation,Action,Adventure,2000
259,Drama,,,2000
260,Crime,Drama,Mystery,2000
261,Comedy,Romance,,2000
262,Biography,Drama,,2000
263,Comedy,Drama,Romance,2000
264,Comedy,Drama,,2000
265,Comedy,Crime,,2000
266,Horror,Thriller,,2000
267,Comedy,,,2000
268,Mystery,Thriller,,2000
269,Biography,Crime,Drama,2000
270,Comedy,Drama,,2000
271,Drama,Fantasy,Romance,2000
272,Drama,Romance,,2000
273,Drama,Romance,,2000
274,Comedy,Romance,,2000
275,Drama,Comedy,,2000
276,Animation,Action,Horror,2000
277,Drama,Sport,,2000
278,Horror,Sci-Fi,Thriller,2000
279,Horror,Thriller,,2000
280,Crime,Drama,Romance,2000
281,Drama,Music,,2000
282,Crime,Drama,Romance,2000
283,Drama,Family,,2000
284,Comedy,,,2000
285,Comedy,Drama,Romance,2000
286,Drama,,,2000
287,Drama,Romance,,2000
288,Comedy,Drama,,2000
289,Drama,,,2000
290,Comedy,Romance,,2000
291,Crime,Drama,Action,2000
292,Action,Sci-Fi,,2000
293,Drama,Mystery,Romance,2000
294,Drama,Romance,,2000
295,Drama,,,2000
296,Crime,Drama,Thriller,2000
297,Comedy,Drama,Romance,2000
298,Drama,Mystery,Romance,2000
299,Comedy,Drama,Mystery,2000
300,Comedy,Crime,Romance,2000
301,Drama,,,2000
302,Comedy,Crime,Fantasy,2000
303,Comedy,Drama,,2000
304,Action,Drama,,2000
305,Adventure,Comedy,Drama,2000
306,Thriller,,,2000
307,Drama,Romance,,2000
308,Thriller,Drama,,2000
309,Drama,Music,Romance,2000
310,Comedy,Family,Romance,2000
311,Drama,Romance,,2000
312,Thriller,,,2000
313,Drama,,,2000
314,Drama,War,,2000
315,Mystery,Thriller,,2000
316,Comedy,Drama,Family,2000
317,Comedy,Drama,Romance,2000
318,Comedy,Drama,Romance,2000
319,Drama,,,2000
320,Action,Crime,Thriller,2000
321,Comedy,Drama,Romance,2000
322,Comedy,,,2000
323,Action,Drama,Thriller,2000
324,Drama,,,2000
325,Adventure,Family,Fantasy,2000
326,Comedy,Romance,,2000
327,Comedy,Drama,,2000
328,Crime,Horror,Thriller,2000
329,Drama,,,2000
330,Drama,Thriller,,2000
331,Comedy,Drama,Romance,2000
332,Drama,Crime,Mystery,2000
333,Comedy,History,,2000
334,Drama,Fantasy,Romance,2000
335,Adventure,Drama,Family,2000
336,Drama,Romance,,2000
337,Drama,Thriller,,2000
338,Biography,Crime,Drama,2000
339,Comedy,Fantasy,Horror,2000
340,Comedy,Romance,,2000
341,Action,Drama,Romance,2000
342,Action,Mystery,Thriller,2000
343,Drama,War,,2000
344,Drama,,,2000
345,Comedy,Drama,Romance,2000
346,Drama,History,Music,2000
347,Romance,Thriller,,2000
348,Comedy,,,2000
349,Comedy,,,2000
350,Animation,Family,Musical,2000
351,Action,Horror,Sci-Fi,2000
352,Comedy,Drama,Romance,2000
353,Action,Crime,Thriller,2000
354,Action,Comedy,Drama,2000
355,Comedy,Horror,Romance,2000
356,Drama,Family,,2000
357,Biography,History,,2000
358,Musical,Romance,,2000
359,Action,Sci-Fi,,2000
360,Drama,,,2000
361,Action,Crime,Drama,2000
362,Comedy,Drama,Romance,2000
363,Drama,Romance,Thriller,2000
364,Comedy,,,2000
365,Drama,Mystery,,2000
366,Fantasy,Horror,,2000
367,Drama,Romance,,2000
368,Drama,Romance,,2000
369,Comedy,Drama,,2000
370,Drama,Romance,Sci-Fi,2000
371,Action,Drama,Sci-Fi,2000
372,Comedy,Drama,Romance,2000
373,Horror,,,2000
374,Comedy,Crime,,2000
375,Animation,Biography,Drama,2000
376,Biography,Crime,Drama,2000
377,Drama,,,2000
378,Comedy,Horror,,2000
379,Crime,Drama,Thriller,2000
380,Action,Crime,Drama,2000
381,Drama,,,2000
382,Romance,Sci-Fi,,2000
383,Drama,,,2000
384,Family,Fantasy,,2000
385,Action,Adventure,Drama,2000
386,Comedy,Drama,Romance,2000
387,Thriller,Action,Crime,2000
388,Action,Drama,Musical,2000
389,Comedy,Fantasy,Romance,2000
390,Comedy,,,2000
391,Horror,Mystery,Thriller,2000
392,Thriller,,,2000
393,Drama,Sport,,2000
394,Drama,Western,,2000
395,Comedy,Romance,,2000
396,Action,Drama,,2000
397,Crime,Drama,Mystery,2000
398,Action,Crime,Drama,2000
399,Family,Western,,2000
400,Biography,Comedy,Drama,2000
401,Drama,Family,Western,2000
402,Drama,,,2000
403,Drama,History,War,2000
404,Drama,,,2000
405,Drama,Romance,,2000
406,Horror,Mystery,,2000
407,Drama,,,2000
408,Drama,Romance,,2000
409,Comedy,Drama,War,2000
410,Comedy,,,2000
411,Drama,,,2000
412,Thriller,,,2000
413,Thriller,,,2000
414,Comedy,Fantasy,Romance,2000
415,Drama,,,2000
416,Drama,,,2000
417,Musical,Drama,,2000
418,Drama,Romance,,2000
419,Drama,,,2000
420,Comedy,Drama,Romance,2000
421,Drama,Crime,,2000
422,Comedy,Drama,,2000
423,Drama,Musical,Romance,2000
424,Comedy,,,2000
425,Drama,,,2000
426,Comedy,Drama,,2000
427,Drama,Musical,Romance,2000
428,Comedy,,,2000
429,Drama,Romance,,2000
430,Drama,History,Romance,2000
431,Comedy,Drama,,2000
432,Action,Comedy,Drama,2000
433,Action,Crime,Drama,2000
434,Comedy,,,2000
435,Drama,,,2000
436,Drama,Thriller,,2000
437,Drama,,,2000
438,Drama,,,2000
439,Drama,Family,War,2000
440,Biography,Drama,,2000
441,Comedy,Romance,,2000
442,Drama,,,2000
443,Animation,Comedy,Family,2000
444,Horror,,,2000
445,Comedy,Romance,,2000
446,Drama,Romance,,2000
447,Action,Adventure,Family,2000
448,Drama,,,2000
449,Comedy,Drama,Romance,2000
450,Drama,,,2000
451,Horror,Thriller,,2000
452,Drama,,,2000
453,Drama,War,,2000
454,Drama,History,Romance,2000
455,Drama,Romance,Thriller,2000
456,Comedy,Drama,,2000
457,Thriller,,,2000
458,Drama,Romance,,2000
459,Drama,,,2000
460,Drama,Romance,Thriller,2000
461,Comedy,Fantasy,Romance,2000
462,Comedy,Drama,,2000
463,Mystery,Thriller,,2000
464,Comedy,Drama,,2000
465,Comedy,Drama,Fantasy,2000
466,Comedy,Drama,Musical,2000
467,Comedy,Sport,,2000
468,Action,Comedy,Crime,2000
469,Action,Crime,Drama,2000
470,Sci-Fi,,,2000
471,Comedy,Drama,Musical,2000
472,Drama,Mystery,Romance,2000
473,Biography,Drama,History,2000
474,Action,Comedy,,2000
475,Comedy,Romance,,2000
476,Crime,Drama,Thriller,2000
477,Drama,War,,2000
478,Drama,,,2000
479,Drama,,,2000
480,Biography,Crime,Drama,2000
481,Comedy,Romance,Drama,2000
482,Comedy,Romance,,2000
483,Drama,Thriller,,2000
484,Drama,Romance,,2000
485,Comedy,Drama,War,2000
486,Comedy,Drama,Romance,2000
487,Drama,,,2000
488,Crime,Drama,,2000
489,Comedy,Music,Romance,2000
490,Comedy,Crime,,2000
491,Drama,,,2000
492,Adventure,Animation,Drama,2000
493,Drama,,,2000
494,Family,Animation,Musical,2000
495,Comedy,Crime,Mystery,2000
496,Drama,Thriller,,2000
497,Biography,Drama,,2000
498,Comedy,Drama,,2000
499,Drama,Thriller,,2000
500,Comedy,Drama,Family,2000
501,Comedy,Crime,Drama,2000
502,Crime,Drama,Thriller,2000
503,Action,Drama,,2000
504,Horror,Thriller,,2000
505,Biography,Drama,Romance,2000
506,Comedy,Thriller,,2000
507,Drama,,,2000
508,Thriller,Comedy,,2000
509,Drama,Sci-Fi,Thriller,2000
510,Drama,,,2000
511,Comedy,,,2000
512,Drama,Romance,,2000
513,Thriller,,,2000
514,Family,Mystery,,2000
515,Comedy,,,2000
516,Animation,Adventure,Comedy,2000
517,Crime,Drama,Thriller,2000
518,Family,,,2000
519,Drama,Romance,,2000
520,Drama,History,War,2000
521,Drama,,,2000
522,Comedy,,,2000
523,Drama,Romance,,2000
524,Drama,History,,2000
525,Comedy,,,2000
526,Comedy,,,2000
527,Action,Drama,,2000
528,Drama,Mystery,Romance,2000
529,Romance,Comedy,,2000
530,Crime,Drama,Thriller,2000
531,Comedy,,,2000
532,Drama,,,2000
533,Thriller,,,2000
534,Crime,Drama,Thriller,2000
535,Crime,Action,Drama,2000
536,Drama,,,2000
537,Drama,,,2000
538,Drama,Romance,,2000
539,Drama,Romance,,2000
540,Comedy,Drama,Romance,2000
541,Drama,,,2000
542,Drama,Romance,,2000
543,Drama,Fantasy,Mystery,2000
544,Comedy,Drama,Music,2000
545,Romance,Thriller,,2000
546,Comedy,Drama,Family,2000
547,Animation,Comedy,Crime,2000
548,Comedy,Romance,,2000
549,Drama,,,2000
550,Drama,,,2000
551,Comedy,Drama,,2000
552,Crime,Drama,Romance,2000
553,Horror,Thriller,,2000
554,Thriller,,,2000
555,Crime,Drama,Thriller,2000
556,Comedy,Drama,Music,2000
557,Drama,Sport,,2000
558,Comedy,Drama,,2000
559,Action,Sci-Fi,Thriller,2000
560,Comedy,Crime,Drama,2000
561,Comedy,Drama,,2000
562,Action,Adventure,Drama,2000
563,Mystery,Sci-Fi,Crime,2000
564,Drama,Thriller,,2000
565,Sci-Fi,,,2000
566,Drama,Romance,,2000
567,Action,Drama,Thriller,2000
568,Comedy,,,2000
569,Drama,Mystery,Romance,2000
570,Comedy,Romance,,2000
571,Biography,Drama,,2000
572,Action,Animation,,2000
573,Action,Crime,Drama,2000
574,Action,Romance,Thriller,2000
575,Drama,Family,Musical,2000
576,Biography,Drama,,2000
577,Action,Crime,,2000
578,Action,,,2000
579,Action,Drama,Sci-Fi,2000
580,Comedy,Family,,2000
581,Drama,,,2000
582,Crime,Drama,,2000
583,Action,Crime,,2000
584,Drama,,,2000
585,Drama,,,2000
586,Drama,Thriller,,2000
587,Mystery,Western,,2000
588,Action,Adventure,Drama,2000
589,Drama,,,2000
590,Action,Adventure,Romance,2000
591,Comedy,,,2000
592,Drama,History,War,2000
593,Comedy,Drama,Family,2000
594,Drama,,,2000
595,Family,Horror,,2000
596,Action,Romance,,2000
597,Comedy,,,2000
598,Drama,Romance,,2000
599,Thriller,,,2000
600,Action,Crime,Drama,2000
601,Crime,Drama,Thriller,2000
602,Drama,,,2000
603,Comedy,Drama,,2000
604,Comedy,,,2000
605,Action,Drama,Fantasy,2000
606,Action,Crime,Drama,2000
607,Action,Fantasy,,2000
608,Action,Crime,Drama,2000
609,Drama,Romance,,2000
610,Drama,Romance,,2000
611,Fantasy,Romance,,2000
612,Drama,,,2000
613,Comedy,,,2000
614,Action,Fantasy,Western,2000
615,Drama,Romance,,2000
616,Horror,Thriller,,2000
617,Comedy,Crime,Drama,2000
618,Action,Adventure,Drama,2000
619,Comedy,Drama,Romance,2000
620,Comedy,,,2000
621,Drama,Thriller,,2000
622,Drama,Romance,,2000
623,Fantasy,Romance,,2000
624,Drama,,,2000
625,Drama,Romance,,2000
626,Horror,,,2000
627,Drama,Romance,,2000
628,Comedy,Drama,,2000
629,Drama,,,2000
630,Drama,Romance,,2000
631,Comedy,Drama,,2000
632,Drama,,,2000
633,Comedy,Drama,Romance,2000
634,Drama,Romance,,2000
635,Comedy,Crime,,2000
636,Crime,Horror,Thriller,2000
637,Thriller,Crime,Drama,2000
638,Comedy,Romance,,2000
639,Horror,,,2000
640,Drama,,,2000
641,Crime,Thriller,Horror,2000
642,Drama,Mystery,Thriller,2000
643,Crime,Drama,Thriller,2000
644,Action,Drama,Crime,2000
645,Comedy,Drama,Romance,2000
646,Action,Drama,History,2000
647,Action,Adventure,Crime,2000
648,Action,Crime,,2000
649,Drama,Mystery,Thriller,2000
650,Comedy,,,2000
651,Horror,Thriller,Mystery,2000
652,Horror,Thriller,Fantasy,2000
653,Action,Comedy,Drama,2000
654,Action,Comedy,Drama,2000
655,Mystery,Thriller,,2000
656,Comedy,Drama,Romance,2000
657,Horror,Sci-Fi,,2000
658,Horror,,,2000
659,Comedy,Crime,Drama,2000
660,Comedy,,,2000
661,Biography,Crime,Drama,2000
662,Comedy,Family,,2000
663,Fantasy,Romance,,2000
664,Comedy,Mystery,Thriller,2000
665,Comedy,Crime,Drama,2000
666,Drama,Fantasy,Horror,2000
667,Thriller,,,2000
668,Comedy,Drama,,2000
669,Comedy,Sci-Fi,,2000
670,Biography,Drama,Music,2000
671,Comedy,Romance,,2000
672,Comedy,,,2000
673,Drama,,,2000
674,Comedy,Crime,Romance,2000
675,Drama,,,2000
676,Comedy,Romance,Drama,2000
677,Drama,History,Romance,2000
678,Drama,,,2000
679,Drama,,,2000
680,Adventure,Drama,Musical,2000
681,Action,,,2000
682,Crime,Thriller,Drama,2000
683,Musical,Drama,Comedy,2000
684,Drama,Romance,,2000
685,Comedy,Drama,Romance,2000
686,Drama,,,2000
687,Action,Adventure,Comedy,2000
688,Comedy,Drama,Romance,2000
689,Drama,Horror,Thriller,2000
690,Drama,Romance,,2000
691,Action,Adventure,Comedy,2000
692,Action,Adventure,Drama,2000
693,Drama,Romance,,2000
694,Drama,,,2000
695,Drama,Action,Fantasy,2000
696,Crime,Drama,,2000
697,Romance,,,2000
698,Action,Adventure,Thriller,2000
699,Thriller,,,2000
700,Comedy,,,2000
701,Comedy,Romance,,2000
702,Comedy,,,2000
703,Action,Thriller,Mystery,2000
704,Action,Adventure,Drama,2000
705,Action,Thriller,Horror,2000
706,Horror,Thriller,,2000
707,Drama,,,2000
708,Comedy,,,2000
709,Comedy,Drama,Romance,2000
710,Comedy,Drama,,2000
711,Drama,,,2000
712,Comedy,Drama,,2000
713,Drama,,,2000
714,Crime,Thriller,,2000
715,Thriller,,,2000
716,Action,Drama,,2000
717,Drama,Romance,,2000
718,Thriller,,,2000
719,Drama,War,,2000
720,Action,Crime,Drama,2000
721,Drama,Sci-Fi,,2000
722,Drama,Thriller,,2000
723,Animation,Adventure,Crime,2000
724,Action,Comedy,Romance,2000
725,Action,Drama,,2000
726,Comedy,,,2000
727,Comedy,Drama,,2000
728,Musical,Romance,,2000
729,Comedy,,,2000
730,Comedy,Drama,Thriller,2000
731,Drama,Mystery,Romance,2000
732,Family,,,2000
733,Adventure,,,2000
734,Musical,Drama,Horror,2000
735,Animation,Family,Fantasy,2000
736,Drama,,,2000
737,Action,Drama,,2000
738,Comedy,,,2000
739,Comedy,Drama,Sport,2000
740,Comedy,Drama,,2000
741,Thriller,,,2000
742,Thriller,,,2000
743,Action,,,2000
744,Crime,,,2000
745,Drama,Musical,Romance,2000
746,Drama,Thriller,,2000
747,Drama,Fantasy,,2000
748,Drama,,,2000
749,Comedy,Drama,Romance,2000
750,Drama,Romance,,2000
751,Drama,,,2000
752,Action,Fantasy,Horror,2000
753,Action,Drama,Thriller,2000
754,Comedy,,,2000
755,Thriller,,,2000
756,Crime,Drama,,2000
757,Comedy,Music,,2000
758,Drama,,,2000
759,Comedy,,,2000
760,Crime,Drama,,2000
761,Action,Comedy,Romance,2000
762,Crime,Drama,,2000
763,Drama,,,2000
764,Horror,Thriller,,2000
765,Drama,,,2000
766,Action,,,2000
767,Drama,Romance,,2000
768,Comedy,Drama,,2000
769,Comedy,Horror,,2000
770,Drama,,,2000
771,Comedy,Drama,,2000
772,Thriller,,,2000
773,Drama,Romance,,2000
774,Action,Crime,,2000
775,Crime,Drama,Mystery,2000
776,Comedy,Family,,2000
777,Comedy,Drama,Fantasy,2000
778,Drama,Romance,,2000
779,Horror,Mystery,,2000
780,Adventure,Comedy,,2000
781,Drama,,,2000
782,Thriller,,,2000
783,Biography,Drama,History,2000
784,Family,,,2000
785,Family,Musical,Drama,2000
786,Action,Drama,,2000
787,Adventure,Comedy,Romance,2000
788,Crime,Mystery,Thriller,2000
789,Drama,History,,2000
790,Drama,,,2000
791,Action,,,2000
792,Romance,Comedy,Drama,2000
793,Action,Adventure,Comedy,2000
794,Crime,Drama,Horror,2000
795,Comedy,,,2000
796,Crime,Thriller,,2000
797,Drama,,,2000
798,Musical,Drama,Thriller,2000
799,Thriller,,,2000
800,Thriller,,,2000
801,Drama,Family,,2000
802,Crime,Drama,Thriller,2000
803,Comedy,Drama,,2000
804,Drama,,,2000
805,Comedy,Crime,Fantasy,2000
806,Comedy,Drama,,2000
807,Drama,,,2000
808,Drama,Fantasy,Romance,2000
809,Comedy,Drama,Thriller,2000
810,Drama,,,2000
811,Action,Romance,,2000
812,Comedy,Music,Romance,2000
813,Horror,Thriller,,2000
814,Action,Crime,Drama,2000
815,Comedy,Drama,Romance,2000
816,Action,Sci-Fi,,2000
817,Drama,,,2000
818,Comedy,Drama,Romance,2000
819,Drama,History,Romance,2000
820,Comedy,,,2000
821,Action,Adventure,,2000
822,Comedy,Drama,Romance,2000
823,Action,,,2000
824,Drama,,,2000
825,Drama,,,2000
826,Action,Crime,Thriller,2000
827,Drama,,,2000
828,Comedy,Romance,,2000
829,Fantasy,Romance,,2000
830,Action,Comedy,Romance,2000
831,Action,Crime,Thriller,2000
832,Crime,Drama,Thriller,2000
833,Action,Crime,,2000
834,Comedy,Romance,,2000
835,Family,Romance,,2000
836,Comedy,Drama,Horror,2000
837,Animation,Comedy,Drama,2000
838,Action,Drama,,2000
839,Drama,Horror,,2000
840,Horror,Mystery,Thriller,2000
841,Animation,,,2000
842,Crime,Drama,,2000
843,Comedy,Musical,Romance,2000
844,Action,Crime,Drama,2000
845,Drama,,,2000
846,Drama,Romance,,2000
847,Drama,,,2000
848,Action,Mystery,,2000
849,Thriller,,,2000
850,Drama,Crime,Thriller,2000
851,Adventure,Family,Fantasy,2000
852,Drama,Fantasy,Mystery,2000
853,Drama,,,2000
854,Action,Crime,Thriller,2000
855,Family,,,2000
856,Drama,Music,,2000
857,Drama,,,2000
858,Comedy,,,2000
859,Action,Drama,,2000
860,Comedy,Drama,,2000
861,Drama,Sport,,2000
862,Drama,Romance,,2000
863,Adventure,Family,Sci-Fi,2000
864,Comedy,Horror,,2000
865,Adventure,Family,Comedy,2000
866,Thriller,,,2000
867,Animation,Family,,2000
868,Action,Drama,,2000
869,Comedy,Romance,,2000
870,Biography,Drama,History,2000
871,Drama,,,2000
872,Drama,,,2000
873,Drama,Thriller,,2000
874,Drama,,,2000
875,Crime,Drama,,2000
876,Crime,Drama,Action,2000
877,Action,Drama,Thriller,2000
878,Crime,Drama,,2000
879,Action,Sci-Fi,Thriller,2000
880,Crime,Thriller,,2000
881,Drama,,,2000
882,Drama,Crime,,2000
883,Action,Drama,Romance,2000
884,Drama,Romance,,2000
885,Drama,History,Romance,2000
886,Drama,,,2000
887,Drama,,,2000
888,Comedy,,,2000
889,Comedy,Crime,,2000
890,Thriller,Drama,Mystery,2000
891,Sci-Fi,Crime,Thriller,2000
892,Crime,Drama,Mystery,2000
893,Comedy,,,2000
894,Drama,Horror,Thriller,2000
895,Drama,Romance,Comedy,2000
896,Drama,,,2000
897,Crime,Horror,Thriller,2000
898,Drama,,,2000
899,Comedy,Drama,Romance,2000
900,Action,,,2000
901,Drama,,,2000
902,Comedy,Romance,,2000
903,Comedy,Drama,,2000
904,Comedy,Horror,Drama,2000
905,Comedy,Drama,,2000
906,Comedy,Crime,Drama,2000
907,Comedy,,,2000
908,Comedy,,,2000
909,Comedy,,,2000
910,Action,Crime,,2000
911,Drama,,,2000
912,Drama,Action,,2000
913,Drama,,,2000
914,Thriller,,,2000
915,Crime,Mystery,Thriller,2000
916,Horror,Mystery,Thriller,2000
917,Adventure,Drama,Romance,2000
918,Drama,,,2000
919,Family,,,2000
920,Drama,,,2000
921,Comedy,,,2000
922,Comedy,Drama,,2000
923,Action,Drama,,2000
924,Comedy,Drama,Romance,2000
925,Action,Thriller,,2000
926,Comedy,,,2000
927,Drama,,,2000
928,Action,Sci-Fi,,2000
929,Musical,,,2000
930,Comedy,,,2000
931,Crime,Drama,Thriller,2000
932,Comedy,Drama,Romance,2000
933,Action,,,2000
934,Biography,Drama,History,2000
935,Comedy,Drama,,2000
936,Comedy,Romance,,2000
937,Adventure,Action,Family,2000
938,Comedy,Drama,,2000
939,Animation,Adventure,Comedy,2000
940,Comedy,,,2000
941,Mystery,Horror,Thriller,2000
942,Comedy,,,2000
943,Comedy,Drama,,2000
944,Crime,Drama,Thriller,2000
945,Comedy,Music,Romance,2000
946,Comedy,,,2000
947,Comedy,,,2000
948,Drama,,,2000
949,Adventure,Comedy,,2000
950,Drama,,,2000
951,Drama,,,2000
952,Action,Thriller,,2000
953,Romance,,,2000
954,Comedy,,,2000
955,Comedy,Musical,Sci-Fi,2000
956,Comedy,,,2000
957,Comedy,Thriller,,2000
958,Mystery,Thriller,,2000
959,Drama,,,2000
960,Drama,Romance,Thriller,2000
961,Horror,,,2000
962,Family,,,2000
963,Drama,History,,2000
964,Drama,,,2000
965,Action,Adventure,,2000
966,Comedy,,,2000
967,Comedy,Romance,,2000
968,Drama,,,2000
969,Crime,Thriller,,2000
970,Action,Crime,Drama,2000
971,Drama,,,2000
972,Comedy,Drama,Family,2000
973,Horror,,,2000
974,Comedy,Drama,Romance,2000
975,Drama,,,2000
976,Comedy,,,2000
977,Drama,,,2000
978,Drama,,,2000
979,Comedy,Drama,Romance,2000
980,Drama,,,2000
981,Comedy,Drama,Romance,2000
982,Action,Crime,Drama,2000
983,Crime,Drama,,2000
984,Action,Drama,Thriller,2000
985,Comedy,Drama,,2000
986,Horror,,,2000
987,Crime,Drama,,2000
988,Thriller,,,2000
989,Crime,Drama,,2000
990,Drama,,,2000
991,Family,,,2000
992,Horror,,,2000
993,Drama,,,2000
994,Drama,Musical,Romance,2000
995,Crime,Drama,Horror,2000
996,Comedy,Drama,Romance,2000
997,Animation,Action,Mystery,2000
998,Action,Drama,,2000
999,Drama,Thriller,,2000
1000,Drama,,,2000
1001,Comedy,Drama,,2000
1002,Biography,Horror,Thriller,2000
1003,Comedy,,,2000
1004,Drama,Fantasy,Thriller,2000
1005,Horror,,,2000
1006,Drama,,,2000
1007,Adventure,Family,,2000
1008,Crime,Drama,Thriller,2000
1009,Comedy,Horror,Sci-Fi,2000
1010,Comedy,,,2000
1011,Thriller,,,2000
1012,Action,Comedy,,2000
1013,Drama,Romance,Sport,2000
1014,Drama,,,2000
1015,Comedy,Horror,,2000
1016,Action,Crime,,2000
1017,Drama,,,2000
1018,Drama,Romance,,2000
1019,Comedy,,,2000
1020,Action,,,2000
1021,Drama,,,2000
1022,Comedy,,,2000
1023,Drama,Family,,2000
1024,Drama,,,2000
1025,Action,Drama,,2000
1026,Drama,,,2000
1027,Drama,,,2000
1028,Comedy,,,2000
1029,Action,Crime,,2000
1030,Comedy,Drama,,2000
1031,Drama,,,2000
1032,Drama,Horror,,2000
1033,Comedy,Family,Fantasy,2000
1034,Horror,Mystery,Sci-Fi,2000
1035,Comedy,Drama,,2000
1036,Romance,,,2000
1037,Drama,Fantasy,,2000
1038,Drama,,,2000
1039,Drama,,,2000
1040,Horror,Thriller,Mystery,2000
1041,Comedy,Sport,,2000
1042,Biography,Comedy,Drama,2000
1043,Comedy,Horror,,2000
1044,Drama,Thriller,,2000
1045,Musical,Comedy,Drama,2000
1046,Comedy,Drama,Romance,2000
1047,Comedy,Family,Fantasy,2000
1048,Comedy,Drama,,2000
1049,Comedy,,,2000
1050,Drama,Romance,,2000
1051,Comedy,Musical,Romance,2000
1052,Drama,Romance,,2000
1053,Drama,,,2000
1054,Action,Comedy,Horror,2000
1055,Comedy,Drama,,2000
1056,Crime,Romance,Thriller,2000
1057,Comedy,,,2000
1058,Comedy,,,2000
1059,Crime,,,2000
1060,Comedy,Fantasy,,2000
1061,Drama,,,2000
1062,Horror,Mystery,Thriller,2000
1063,Drama,Thriller,,2000
1064,Drama,Romance,,2000
1065,Comedy,Crime,,2000
1066,Drama,Comedy,,2000
1067,Drama,,,2000
1068,Comedy,Drama,,2000
1069,Drama,,,2000
1070,Drama,Family,,2000
1071,Adventure,Thriller,Action,2000
1072,Drama,,,2000
1073,Drama,,,2000
1074,Crime,Drama,,2000
1075,Romance,,,2000
1076,Family,Adventure,Fantasy,2000
1077,Drama,,,2000
1078,Comedy,Romance,,2000
1079,Action,Comedy,Crime,2000
1080,Animation,Comedy,Fantasy,2000
1081,Thriller,,,2000
1082,Drama,,,2000
1083,Comedy,Drama,Romance,2000
1084,Comedy,Drama,Romance,2000
1085,Drama,Comedy,,2000
1086,Horror,,,2000
1087,Comedy,Drama,,2000
1088,Crime,Drama,Romance,2000
1089,Drama,,,2000
1090,Drama,Mystery,,2000
1091,Comedy,,,2000
1092,Comedy,,,2000
1093,History,Musical,Romance,2000
1094,Drama,Romance,,2000
1095,Comedy,Drama,,2000
1096,Drama,,,2000
1097,Romance,,,2000
1098,Action,History,,2000
1099,Action,Drama,Horror,2000
1100,Comedy,Romance,,2000
1101,Drama,Family,,2000
1102,Crime,Drama,,2000
1103,Horror,,,2000
1104,Family,Comedy,Drama,2000
1105,Biography,Drama,,2000
1106,Drama,,,2000
1107,Action,Adventure,Comedy,2000
1108,Comedy,,,2000
1109,Drama,,,2000
1110,Comedy,,,2000
1111,Drama,Romance,,2000
1112,Action,Drama,,2000
1113,Comedy,Thriller,,2000
1114,Comedy,Drama,,2000
1115,Musical,,,2000
1116,Drama,,,2000
1117,Comedy,Romance,,2000
1118,Comedy,Drama,Romance,2000
1119,Comedy,Crime,Drama,2000
1120,Biography,Drama,Musical,2000
1121,Comedy,,,2000
1122,Horror,,,2000
1123,Comedy,,,2000
1124,Crime,Drama,,2000
1125,Drama,,,2000
1126,Drama,Romance,,2000
1127,Drama,,,2000
1128,Thriller,,,2000
1129,Comedy,,,2000
1130,Horror,Musical,,2000
1131,Action,Crime,Thriller,2000
1132,Comedy,Fantasy,Horror,2000
1133,Comedy,,,2000
1134,Thriller,,,2000
1135,Drama,,,2000
1136,Biography,Crime,Drama,2000
1137,Drama,,,2000
1138,Drama,,,2000
1139,Drama,Family,Romance,2000
1140,Action,,,2000
1141,Horror,,,2000
1142,Comedy,,,2000
1143,Action,Drama,,2000
1144,Drama,,,2000
1145,Drama,,,2000
1146,Horror,,,2000
1147,Drama,Romance,Thriller,2000
1148,Drama,Thriller,,2000
1149,Animation,Action,Adventure,2000
1150,Crime,Drama,Thriller,2000
1151,Thriller,,,2000
1152,Crime,Drama,,2000
1153,Action,Thriller,,2000
1154,Drama,Thriller,,2000
1155,Drama,Musical,Romance,2000
1156,Comedy,Crime,,2000
1157,Comedy,Romance,,2000
1158,Drama,,,2000
1159,Comedy,Music,,2000
1160,Comedy,Drama,,2000
1161,Drama,,,2000
1162,Comedy,Drama,,2000
1163,Drama,,,2000
1164,Comedy,Crime,Drama,2000
1165,Horror,,,2000
1166,Action,Drama,,2000
1167,Drama,,,2000
1168,Comedy,,,2000
1169,Drama,,,2000
1170,Comedy,,,2000
1171,Comedy,Musical,Romance,2000
1172,Action,Comedy,Crime,2000
1173,Family,Drama,,2000
1174,Comedy,Crime,Thriller,2000
1175,Romance,,,2000
1176,Comedy,,,2000
1177,Drama,Comedy,Romance,2000
1178,Drama,,,2000
1179,Action,Drama,,2000
1180,Comedy,,,2000
1181,Drama,,,2000
1182,Drama,Romance,Action,2000
1183,Horror,Thriller,,2000
1184,Drama,,,2000
1185,Comedy,Crime,Drama,2000
1186,Horror,,,2000
1187,Crime,Drama,,2000
1188,Drama,,,2000
1189,Comedy,Horror,,2000
1190,Comedy,,,2000
1191,Drama,,,2000
1192,Drama,Music,,2000
1193,Crime,Drama,Thriller,2000
1194,Drama,Romance,,2000
1195,Drama,War,,2000
1196,Family,,,2000
1197,Crime,Drama,Thriller,2000
1198,Drama,,,2000
1199,Thriller,,,2000
1200,Drama,Romance,,2000
1201,Biography,History,,2000
1202,Drama,,,2000
1203,Drama,Music,Romance,2000
1204,Horror,Thriller,,2000
1205,Drama,,,2000
1206,Crime,Drama,,2000
1207,Comedy,,,2000
1208,Comedy,Action,,2000
1209,Comedy,,,2000
1210,Action,,,2000
1211,Drama,,,2000
1212,Family,,,2000
1213,Horror,Thriller,,2000
1214,Romance,,,2000
1215,Drama,,,2000
1216,Comedy,Drama,,2000
1217,Action,Comedy,,2000
1218,Drama,,,2000
1219,Horror,,,2000
1220,Family,Adventure,Comedy,2000
1221,Horror,,,2000
1222,Drama,,,2000
1223,Drama,Romance,Thriller,2000
1224,Comedy,Romance,,2000
1225,Drama,,,2000
1226,Comedy,Fantasy,,2000
1227,Comedy,,,2000
1228,Romance,Drama,,2000
1229,Drama,Horror,Mystery,2000
1230,Drama,,,2000
1231,Action,Comedy,Romance,2000
1232,Comedy,Drama,,2000
1233,Action,Adventure,,2000
1234,Drama,Thriller,,2000
1235,Drama,,,2000
1236,Drama,,,2000
1237,Drama,,,2000
1238,Action,Horror,Romance,2000
1239,Thriller,,,2000
1240,Comedy,,,2000
1241,Thriller,Western,,2000
1242,Drama,,,2000
1243,Comedy,,,2000
1244,Drama,,,2000
1245,Comedy,Drama,,2000
1246,Comedy,,,2000
1247,Comedy,,,2000
1248,Drama,,,2000
1249,Comedy,Drama,,2000
1250,Animation,Comedy,,2000
1251,Romance,Drama,,2000
1252,Comedy,Crime,,2000
1253,Drama,War,,2000
1254,Comedy,Crime,Drama,2000
1255,Crime,Horror,Sci-Fi,2000
1256,Drama,,,2000
1257,Drama,,,2000
1258,Animation,,,2000
1259,Adventure,Drama,Fantasy,2000
1260,Drama,,,2000
1261,Action,Biography,,2000
1262,Comedy,Romance,,2000
1263,Animation,Family,,2000
1264,Romance,,,2000
1265,Crime,Thriller,,2000
1266,Drama,,,2000
1267,Drama,,,2000
1268,Action,,,2000
1269,Drama,,,2000
1270,Thriller,,,2000
1271,Drama,,,2000
1272,Romance,,,2000
1273,Action,Drama,Romance,2000
1274,Thriller,,,2000
1275,Drama,History,,2000
1276,Comedy,Romance,,2000
1277,Action,Drama,,2000
1278,Drama,,,2000
1279,Thriller,,,2000
1280,Drama,,,2000
1281,Thriller,,,2000
1282,Drama,Fantasy,,2000
1283,Action,Drama,,2000
1284,Action,Adventure,Fantasy,2000
1285,Comedy,Crime,,2000
1286,Comedy,Drama,Romance,2000
1287,Drama,Romance,,2000
1288,Comedy,Romance,,2000
1289,Comedy,,,2000
1290,Comedy,,,2000
1291,Drama,,,2000
1292,Drama,,,2000
1293,Drama,History,,2000
1294,Thriller,,,2000
1295,Romance,Drama,,2000
1296,Crime,Drama,Mystery,2000
1297,Comedy,,,2000
1298,Thriller,,,2000
1299,Action,Drama,Horror,2000
1300,Adventure,Comedy,Romance,2000
1301,Comedy,Family,Mystery,2000
1302,Drama,,,2000
1303,Action,,,2000
1304,Drama,Romance,,2000
1305,Comedy,,,2000
1306,Drama,,,2000
1307,Thriller,,,2000
1308,Mystery,,,2000
1309,Drama,,,2000
1310,Horror,,,2000
1311,Comedy,Family,Romance,2000
1312,Thriller,,,2000
1313,Comedy,Romance,,2000
1314,Comedy,,,2000
1315,Drama,,,2000
1316,Comedy,,,2000
1317,Drama,Adventure,,2000
1318,Comedy,Drama,,2000
1319,Drama,Romance,,2000
1320,Crime,,,2000
1321,Drama,,,2000
1322,Action,,,2000
1323,Drama,Romance,,2000
1324,Romance,Thriller,,2000
1325,Comedy,,,2000
1326,Comedy,Crime,,2000
1327,Drama,,,2000
1328,Romance,,,2000
1329,Drama,,,2000
1330,Action,Drama,,2000
1331,Drama,,,2000
1332,Animation,Action,Comedy,2000
1333,Horror,,,2000
1334,Drama,,,2000
1335,Drama,Fantasy,,2000
1336,Drama,,,2000
1337,Comedy,,,2000
1338,Drama,,,2000
1339,Adventure,Biography,Comedy,2000
1340,Action,Drama,War,2000
1341,Comedy,Drama,,2000
1342,Drama,,,2000
1343,Drama,,,2000
1344,Crime,Thriller,,2000
1345,Comedy,,,2000
1346,Drama,Comedy,Romance,2000
1347,Drama,War,,2000
1348,Comedy,,,2000
1349,Drama,,,2000
1350,Comedy,,,2000
1351,Drama,,,2000
1352,Drama,,,2000
1353,Drama,Romance,War,2000
1354,Drama,,,2000
1355,Comedy,Crime,Mystery,2000
1356,Crime,Drama,,2000
1357,Comedy,Adventure,,2000
1358,Crime,Thriller,,2000
1359,Drama,Family,,2000
1360,Horror,,,2000
1361,Drama,,,2000
1362,Action,,,2000
1363,Comedy,Romance,,2000
1364,Drama,,,2000
1365,Drama,Thriller,Action,2000
1366,Family,Fantasy,,2000
1367,Biography,Crime,Drama,2000
1368,Drama,,,2000
1369,Drama,Romance,,2000
1370,Drama,,,2000
1371,Drama,,,2000
1372,Drama,Romance,,2000
1373,Action,,,2000
1374,Comedy,,,2000
1375,Comedy,,,2000
1376,Action,,,2000
1377,Biography,Comedy,,2000
1378,Action,Adventure,Drama,2000
1379,Drama,Music,,2000
1380,Crime,Romance,,2000
1381,Drama,,,2000
1382,Comedy,Drama,,2000
1383,Drama,Family,,2000
1384,Comedy,,,2000
1385,Drama,,,2000
1386,Comedy,Romance,,2000
1387,Drama,,,2000
1388,Drama,,,2000
1389,Action,Adventure,Drama,2000
1390,Animation,Drama,Adventure,2000
1391,Action,Crime,Drama,2000
1392,Crime,Drama,,2000
1393,Drama,Musical,Romance,2000
1394,Comedy,Drama,,2000
1395,Comedy,Romance,,2000
1396,Action,,,2000
1397,Adventure,Comedy,Crime,2000
1398,Drama,Romance,,2000
1399,Adventure,Comedy,,2000
1400,Action,Comedy,Drama,2000
1401,Action,,,2000
1402,Romance,,,2000
1403,Drama,Thriller,,2000
1404,Drama,,,2000
1405,Crime,Comedy,,2000
1406,Comedy,Drama,Romance,2000
1407,Action,,,2000
1408,Drama,Fantasy,War,2000
1409,Comedy,,,2000
1410,Horror,,,2000
1411,Action,Comedy,Romance,2000
1412,Drama,Romance,,2000
1413,Action,Drama,,2000
1414,Horror,,,2000
1415,Crime,Drama,,2000
1416,Comedy,,,2000
1417,Comedy,,,2000
1418,Adventure,Family,Fantasy,2000
1419,Action,Drama,Sci-Fi,2000
1420,Drama,War,,2000
1421,Drama,,,2000
1422,Thriller,,,2000
1423,Drama,,,2000
1424,Comedy,,,2000
1425,Comedy,Drama,Romance,2000
1426,Horror,,,2000
1427,Comedy,Romance,,2000
1428,Family,,,2000
1429,Comedy,,,2000
1430,Drama,,,2000
1431,Horror,,,2000
1432,Action,,,2000
1433,Comedy,Crime,Romance,2000
1434,Drama,Sci-Fi,,2000
1435,Biography,,,2000
1436,Comedy,,,2000
1437,Crime,,,2000
1438,Drama,,,2000
1439,Comedy,Crime,Drama,2000
1440,Crime,Thriller,,2000
1441,Action,Adventure,,2000
1442,Drama,,,2000
1443,Drama,Thriller,,2000
1444,Drama,,,2000
1445,Drama,War,,2000
1446,Drama,,,2000
1447,Comedy,,,2000
1448,Action,Drama,,2000
1449,Drama,Family,Fantasy,2000
1450,Comedy,Romance,,2000
1451,Drama,Romance,,2000
1452,Family,,,2000
1453,Crime,,,2000
1454,Action,Comedy,,2000
1455,Drama,,,2000
1456,Comedy,Romance,,2000
1457,Horror,,,2000
1458,Action,,,2000
1459,Crime,Drama,Horror,2000
1460,Comedy,Drama,,2000
1461,Drama,Romance,,2000
1462,Drama,,,2000
1463,Romance,,,2000
1464,Comedy,,,2000
1465,Thriller,,,2000
1466,Action,Thriller,,2000
1467,Horror,Sci-Fi,,2000
1468,Thriller,,,2000
1469,Comedy,Family,,2000
1470,Comedy,Romance,Drama,2000
1471,Drama,,,2000
1472,Drama,,,2000
1473,Drama,,,2000
1474,Drama,,,2000
1475,Comedy,,,2000
1476,Action,,,2000
1477,Comedy,,,2000
1478,Comedy,Drama,,2000
1479,Drama,,,2000
1480,Comedy,,,2000
1481,Crime,Drama,,2000
1482,Horror,,,2000
1483,Animation,Action,Drama,2000
1484,Comedy,,,2000
1485,Action,Adventure,,2000
1486,Comedy,Drama,,2000
1487,Drama,,,2000
1488,Drama,War,,2000
1489,Adventure,Animation,,2000
1490,Drama,Romance,,2000
1491,Crime,Drama,Thriller,2000
1492,Action,Adventure,Romance,2000
1493,Comedy,Drama,Romance,2000
1494,Thriller,,,2000
1495,Romance,,,2000
1496,Romance,,,2000
1497,Drama,,,2000
1498,Comedy,,,2000
1499,Crime,Drama,,2000
1500,Action,Drama,,2000
1501,Comedy,,,2000
1502,Comedy,Crime,Drama,2000
1503,Drama,Romance,,2000
1504,Comedy,,,2000
1505,Comedy,Drama,,2000
1506,Drama,,,2000
1507,Comedy,,,2000
1508,Animation,,,2000
1509,Drama,,,2000
1510,Comedy,Romance,,2000
1511,Horror,,,2000
1512,Adventure,Family,Fantasy,2000
1513,Crime,Drama,Mystery,2000
1514,Drama,,,2000
1515,Adventure,Drama,Romance,2000
1516,Comedy,Drama,Romance,2000
1517,Crime,Drama,Thriller,2000
1518,Comedy,Drama,,2000
1519,Romance,,,2000
1520,Romance,,,2000
1521,Comedy,Drama,,2000
1522,Drama,,,2000
1523,Musical,Comedy,,2000
1524,Comedy,,,2000
1525,Drama,,,2000
1526,Action,,,2000
1527,Drama,Romance,,2000
1528,Comedy,Drama,,2000
1529,Crime,Drama,,2000
1530,Action,,,2000
1531,Comedy,Drama,,2000
1532,Action,Thriller,,2000
1533,Comedy,Drama,,2000
1534,Drama,War,,2000
1535,Adventure,Drama,Romance,2000
1536,Drama,,,2000
1537,Drama,Mystery,,2000
1538,Comedy,Romance,,2000
1539,Crime,Drama,,2000
1540,Comedy,Drama,,2000
1541,Drama,Romance,,2000
1542,Drama,,,2000
1543,Action,,,2000
1544,Action,,,2000
1545,Horror,,,2000
1546,Comedy,,,2000
1547,Drama,,,2000
1548,Crime,Drama,Romance,2000
1549,Thriller,,,2000
1550,Comedy,Crime,Drama,2000
1551,Drama,,,2000
1552,Drama,Romance,,2000
1553,Drama,Mystery,Sci-Fi,2000
1554,Drama,Crime,,2000
1555,Fantasy,Sci-Fi,,2000
1556,Drama,,,2000
1557,Comedy,,,2000
1558,Thriller,,,2000
1559,Comedy,Drama,,2000
1560,Action,Drama,,2000
1561,Adventure,Romance,,2000
1562,Drama,,,2000
1563,Comedy,Crime,,2000
1564,Comedy,Drama,,2000
1565,Horror,,,2000
1566,Comedy,Drama,Romance,2000
1567,Drama,,,2000
1568,Action,,,2000
1569,Drama,,,2000
1570,Comedy,Drama,,2000
1571,Comedy,,,2000
1572,Action,,,2000
1573,Animation,Family,Musical,2000
1574,Action,Adventure,Crime,2000
1575,Horror,,,2000
1576,Drama,,,2000
1577,Family,Thriller,,2000
1578,Drama,Thriller,,2000
1579,Drama,,,2000
1580,Comedy,,,2000
1581,Drama,Comedy,,2000
1582,Horror,,,2000
1583,Thriller,,,2000
1584,Animation,Adventure,Fantasy,2000
1585,Drama,,,2000
1586,Sci-Fi,Thriller,,2000
1587,Thriller,,,2000
1588,Drama,,,2000
1589,Action,Romance,,2000
1590,Family,,,2000
1591,Adventure,,,2000
1592,Biography,Comedy,Drama,2000
1593,Thriller,,,2000
1594,Drama,Thriller,,2000
1595,Action,,,2000
1596,Comedy,,,2000
1597,Drama,,,2000
1598,Drama,,,2000
1599,Comedy,Horror,,2000
1600,Drama,,,2000
1601,Comedy,,,2000
1602,Comedy,Romance,Sci-Fi,2000
1603,Adventure,Animation,,2000
1604,Drama,,,2000
1605,Thriller,,,2000
1606,Action,,,2000
1607,Drama,,,2000
1608,Drama,,,2000
1609,Crime,Drama,,2000
1610,Drama,,,2000
1611,Drama,,,2000
1612,Action,,,2000
1613,Drama,,,2000
1614,Comedy,Thriller,,2000
1615,Comedy,,,2000
1616,Crime,Drama,,2000
1617,Thriller,,,2000
1618,Horror,,,2000
1619,Comedy,,,2000
1620,Comedy,,,2000
1621,Drama,Thriller,,2000
1622,Animation,Family,,2000
1623,Drama,,,2000
1624,Crime,Thriller,,2000
1625,Drama,,,2000
1626,Action,Comedy,,2000
1627,Comedy,,,2000
1628,Comedy,Drama,,2000
1629,Drama,Romance,Thriller,2000
1630,Drama,,,2000
1631,Drama,Sport,,2000
1632,Drama,,,2000
1633,Thriller,,,2000
1634,Comedy,,,2000
1635,Drama,Family,Fantasy,2000
1636,Drama,Thriller,,2000
1637,Drama,Fantasy,,2000
1638,Comedy,Romance,,2000
1639,Thriller,,,2000
1640,Comedy,Drama,Romance,2000
1641,Family,Action,Adventure,2000
1642,Action,,,2000
1643,Drama,,,2000
1644,Action,Crime,,2000
1645,Action,Thriller,,2000
1646,Action,,,2000
1647,Drama,,,2000
1648,Drama,Horror,Romance,2000
1649,Drama,,,2000
1650,Action,Crime,Thriller,2000
1651,Biography,History,Romance,2000
1652,Comedy,Romance,,2000
1653,Drama,,,2000
1654,Action,,,2000
1655,Animation,Family,,2000
1656,Romance,,,2000
1657,Drama,,,2000
1658,Musical,Action,Comedy,2000
1659,Drama,,,2000
1660,Drama,,,2000
1661,Drama,,,2000
1662,Biography,,,2000
1663,Drama,,,2000
1664,Drama,,,2000
1665,Action,Thriller,,2000
1666,Comedy,,,2000
1667,Crime,Mystery,,2000
1668,Comedy,Romance,,2000
1669,Biography,,,2000
1670,Comedy,Romance,,2000
1671,Family,Comedy,Romance,2000
1672,Action,Drama,Romance,2000
1673,Family,,,2000
1674,Crime,Drama,Thriller,2000
1675,Drama,,,2000
1676,Drama,Action,,2000
1677,Drama,,,2000
1678,Thriller,,,2000
1679,Romance,,,2000
1680,Family,,,2000
1681,Action,Thriller,,2000
1682,Drama,,,2000
1683,Drama,Family,Romance,2000
1684,Comedy,,,2000
1685,Comedy,Drama,Romance,2000
1686,Drama,Horror,,2000
1687,Horror,,,2000
1688,Romance,,,2000
1689,Drama,,,2000
1690,Drama,Fantasy,Thriller,2000
1691,Drama,,,2000
1692,Comedy,Drama,,2000
1693,Horror,Mystery,,2000
1694,Action,,,2000
1695,Drama,,,2000
1696,Comedy,,,2000
1697,Drama,,,2000
1698,Comedy,Romance,,2000
1699,Comedy,Romance,,2000
1700,Drama,,,2000
1701,Comedy,,,2000
1702,Comedy,Thriller,,2000
1703,Comedy,,,2000
1704,Action,,,2000
1705,Comedy,,,2000
1706,Comedy,,,2000
1707,Fantasy,Horror,Mystery,2000
1708,Action,Drama,,2000
1709,Thriller,,,2000
1710,Action,Drama,,2000
1711,Drama,,,2000
1712,Drama,,,2000
1713,Comedy,Horror,,2000
1714,Comedy,Drama,Horror,2000
1715,Drama,,,2000
1716,Drama,Music,,2000
1717,Drama,,,2000
1718,Drama,,,2000
1719,Drama,,,2000
1720,Comedy,Crime,,2000
1721,Action,,,2000
1722,Comedy,,,2000
1723,Crime,Horror,Mystery,2000
1724,Comedy,,,2000
1725,Musical,,,2000
1726,Crime,,,2000
1727,Comedy,Drama,,2000
1728,Comedy,,,2000
1729,Drama,,,2000
1730,Comedy,Drama,Family,2000
1731,Drama,,,2000
1732,Drama,Sci-Fi,Thriller,2000
1733,Comedy,,,2000
1734,Action,Mystery,Thriller,2000
1735,Drama,Romance,,2000
1736,Action,Romance,Thriller,2000
1737,Drama,,,2000
1738,Horror,,,2000
1739,Drama,,,2000
1740,Thriller,,,2000
1741,Comedy,,,2000
1742,Crime,,,2000
1743,Comedy,Drama,,2000
1744,Comedy,,,2000
1745,Drama,,,2000
1746,Drama,War,,2000
1747,Drama,,,2000
1748,Drama,,,2000
1749,Romance,,,2000
1750,Drama,,,2000
1751,Comedy,,,2000
1752,Drama,,,2000
1753,Drama,,,2000
1754,Drama,,,2000
1755,Romance,Comedy,,2000
1756,Action,,,2000
1757,Fantasy,,,2000
1758,Drama,,,2000
1759,Thriller,,,2000
1760,Crime,Drama,,2000
1761,Drama,Romance,,2000
1762,Comedy,Drama,,2000
1763,Romance,,,2000
1764,Comedy,,,2000
1765,Horror,,,2000
1766,Sci-Fi,,,2000
1767,Drama,,,2000
1768,Romance,,,2000
1769,Comedy,Drama,,2000
1770,Comedy,Music,,2000
1771,Comedy,Drama,,2000
1772,Drama,,,2000
1773,Drama,,,2000
1774,Comedy,Romance,,2000
1775,Comedy,Musical,,2000
1776,Action,,,2000
1777,Horror,,,2000
1778,Drama,,,2000
1779,Comedy,Drama,Musical,2000
1780,Drama,,,2000
1781,Comedy,Drama,,2000
1782,Comedy,Drama,,2000
1783,Drama,,,2000
1784,Comedy,,,2000
1785,Comedy,Family,,2000
1786,Comedy,Romance,,2000
1787,Animation,Adventure,Comedy,2000
1788,Drama,,,2000
1789,Action,Thriller,,2000
1790,Animation,Action,Adventure,2000
1791,Family,,,2000
1792,Action,Drama,,2000
1793,Comedy,,,2000
1794,Comedy,Romance,,2000
1795,Drama,,,2000
1796,Drama,,,2000
1797,Drama,,,2000
1798,Comedy,,,2000
1799,Drama,,,2000
1800,Drama,,,2000
1801,Horror,,,2000
1802,Drama,,,2000
1803,Comedy,,,2000
1804,Comedy,,,2000
1805,Comedy,,,2000
1806,Drama,,,2000
1807,Crime,Drama,Thriller,2000
1808,Biography,Drama,Music,2000
1809,Comedy,,,2000
1810,Drama,,,2000
1811,Comedy,Drama,,2000
1812,Drama,Romance,,2000
1813,Drama,,,2000
1814,Drama,,,2000
1815,Comedy,,,2000
1816,Action,,,2000
1817,Drama,,,2000
1818,Drama,War,,2000
1819,Action,Drama,,2000
1820,Action,Horror,,2000
1821,Drama,Romance,,2000
1822,Family,,,2000
1823,Drama,,,2000
1824,Comedy,Musical,Romance,2000
1825,Crime,,,2000
1826,Drama,,,2000
1827,Biography,Drama,,2000
1828,Action,,,2000
1829,Action,Adventure,Comedy,2000
1830,Crime,Drama,Mystery,2000
1831,Comedy,,,2000
1832,Horror,,,2000
1833,Drama,,,2000
1834,Drama,,,2000
1835,Adventure,Comedy,Fantasy,2000
1836,Comedy,,,2000
1837,Crime,,,2000
1838,Drama,,,2000
1839,Action,Drama,,2000
1840,Crime,Drama,,2000
1841,Comedy,,,2000
1842,Comedy,,,2000
1843,Comedy,Drama,,2000
1844,Comedy,Fantasy,,2000
1845,Family,Adventure,Animation,2000
1846,Drama,Thriller,,2000
1847,Drama,,,2000
1848,Comedy,Romance,,2000
1849,Drama,,,2000
1850,Drama,Thriller,,2000
1851,Comedy,Romance,,2000
1852,Comedy,Horror,,2000
1853,Drama,,,2000
1854,Comedy,Crime,,2000
1855,Drama,,,2000
1856,Fantasy,,,2000
1857,Thriller,,,2000
1858,Drama,,,2000
1859,Drama,,,2000
1860,Comedy,,,2000
1861,Action,,,2000
1862,Crime,Drama,Mystery,2000
1863,Action,,,2000
1864,Drama,Romance,,2000
1865,Action,,,2000
1866,Drama,,,2000
1867,Action,Adventure,,2000
1868,Drama,,,2000
1869,Music,,,2000
1870,Comedy,Crime,,2000
1871,Sci-Fi,,,2000
1872,Animation,Adventure,Comedy,2000
1873,Action,Crime,,2000
1874,Drama,,,2000
1875,Drama,Romance,,2000
1876,Drama,,,2000
1877,Action,,,2000
1878,Drama,,,2000
1879,Action,Comedy,Family,2000
1880,Thriller,,,2000
1881,Drama,,,2000
1882,Action,Crime,Drama,2000
1883,Drama,Romance,,2000
1884,Drama,,,2000
1885,Drama,Romance,,2000
1886,Comedy,,,2000
1887,Drama,,,2000
1888,Drama,,,2000
1889,Drama,,,2000
1890,Comedy,,,2000
1891,Drama,,,2000
1892,Drama,,,2000
1893,Crime,Drama,Thriller,2000
1894,Action,,,2000
1895,Drama,,,2000
1896,Comedy,Romance,,2000
1897,Action,,,2000
1898,Action,Romance,Drama,2000
1899,Comedy,,,2000
1900,Action,Drama,,2000
1901,Mystery,Thriller,,2000
1902,Drama,,,2000
1903,Drama,,,2000
1904,Thriller,,,2000
1905,Drama,,,2000
1906,Comedy,Drama,,2000
1907,Drama,,,2000
1908,Drama,,,2000
1909,Drama,Comedy,,2000
1910,Comedy,,,2000
1911,Drama,Mystery,Thriller,2000
1912,Comedy,Drama,,2000
1913,Drama,,,2000
1914,Comedy,,,2000
1915,Drama,,,2000
1916,Comedy,,,2000
1917,Drama,,,2000
1918,Action,,,2000
1919,Comedy,,,2000
1920,Comedy,,,2000
1921,Horror,,,2000
1922,Crime,Drama,Thriller,2000
1923,Drama,Romance,,2000
1924,Drama,,,2000
1925,Comedy,,,2000
1926,Comedy,,,2000
1927,Action,,,2000
1928,Comedy,Drama,Romance,2000
1929,Thriller,,,2000
1930,Action,Crime,Drama,2000
1931,Comedy,Romance,,2000
1932,Drama,,,2000
1933,Comedy,,,2000
1934,Comedy,Romance,,2000
1935,Drama,Romance,,2000
1936,Drama,,,2000
1937,Biography,Drama,Music,2000
1938,Comedy,,,2000
1939,Drama,,,2000
1940,Thriller,,,2000
1941,Drama,,,2000
1942,Horror,,,2000
1943,Drama,Romance,,2000
1944,Adventure,Drama,Fantasy,2000
1945,Action,Drama,Romance,2000
1946,Action,,,2000
1947,Action,,,2000
1948,Comedy,,,2000
1949,Drama,,,2000
1950,Action,Crime,Thriller,2000
1951,Comedy,,,2000
1952,Comedy,Romance,,2000
1953,Comedy,,,2000
1954,Drama,,,2000
1955,Comedy,,,2000
1956,Comedy,,,2000
1957,Drama,,,2000
1958,Action,Crime,,2000
1959,Drama,,,2000
1960,Comedy,Crime,Thriller,2000
1961,Drama,,,2000
1962,Drama,Romance,,2000
1963,Action,Crime,Thriller,2000
1964,Horror,,,2000
1965,Drama,,,2000
1966,Comedy,Family,,2000
1967,Drama,,,2000
1968,Drama,,,2000
1969,Comedy,Drama,,2000
1970,Comedy,Drama,Romance,2000
1971,Animation,Family,,2000
1972,Action,Horror,Thriller,2000
1973,Drama,Romance,,2000
1974,Drama,,,2000
1975,Comedy,,,2000
1976,Drama,Romance,,2000
1977,Comedy,,,2000
1978,Comedy,,,2000
1979,Drama,,,2000
1980,Thriller,,,2000
1981,Drama,Romance,,2000
1982,Comedy,,,2000
1983,Drama,,,2000
1984,Drama,Romance,,2000
1985,Drama,,,2000
1986,Mystery,,,2000
1987,Action,Crime,Thriller,2000
1988,Music,,,2000
1989,Comedy,Drama,Romance,2000
1990,Crime,,,2000
1991,Action,Family,Adventure,2000
1992,Romance,,,2000
1993,Comedy,,,2000
1994,Comedy,,,2000
1995,Horror,,,2000
1996,Romance,,,2000
1997,Action,Sci-Fi,,2000
1998,Crime,Drama,Romance,2000
1999,Crime,,,2000
2000,Drama,,,2000
2001,Comedy,,,2000
2002,Action,,,2000
2003,Crime,Drama,,2000
2004,Comedy,Drama,,2000
2005,Comedy,Music,,2000
2006,Comedy,,,2000
2007,Horror,,,2000
2008,Comedy,,,2000
2009,Romance,,,2000
2010,Drama,Music,Romance,2000
2011,Drama,,,2000
2012,Drama,,,2000
2013,Comedy,Drama,Romance,2000
2014,Drama,,,2000
2015,Comedy,Crime,Fantasy,2000
2016,Drama,,,2000
2017,Drama,,,2000
2018,Drama,,,2000
2019,Drama,,,2000
2020,Action,Drama,,2000
2021,Comedy,,,2000
2022,Action,Drama,,2000
2023,Action,Crime,Thriller,2000
2024,Action,Crime,Thriller,2000
2025,Action,Crime,Drama,2000
2026,Romance,,,2000
2027,Comedy,Family,Romance,2000
2028,Action,Crime,Drama,2000
2029,Drama,,,2000
2030,Comedy,,,2000
2031,Drama,,,2000
2032,Comedy,,,2000
2033,Musical,,,2000
2034,Comedy,,,2000
2035,Drama,Romance,,2000
2036,Drama,,,2000
2037,Drama,,,2000
2038,Comedy,,,2000
2039,Comedy,Horror,Sci-Fi,2000
2040,Action,Crime,Thriller,2000
2041,Thriller,,,2000
2042,Comedy,Romance,,2000
2043,Drama,,,2000
2044,Romance,,,2000
2045,Action,Romance,,2000
2046,Action,Drama,Thriller,2000
2047,Comedy,,,2000
2048,Romance,,,2000
2049,Comedy,,,2000
2050,Comedy,,,2000
2051,Action,Drama,,2000
2052,Horror,,,2000
2053,Animation,,,2000
2054,Adventure,Comedy,Fantasy,2000
2055,Thriller,,,2000
2056,Animation,,,2000
2057,Comedy,Crime,Thriller,2000
2058,Drama,Comedy,,2000
2059,Horror,,,2000
2060,Comedy,Drama,,2000
2061,Animation,Family,,2000
2062,Comedy,Crime,,2000
2063,Animation,,,2000
2064,Action,,,2000
2065,Action,Horror,,2000
2066,Adventure,Thriller,,2000
2067,Animation,,,2000
2068,Comedy,,,2000
2069,Drama,,,2000
2070,Crime,Drama,,2000
2071,Drama,,,2000
2072,Comedy,,,2000
2073,Comedy,,,2000
2074,Comedy,,,2000
2075,Drama,,,2000
2076,Action,,,2000
2077,Action,Adventure,Family,2000
2078,Animation,,,2000
2079,Drama,Romance,,2000
2080,Drama,,,2000
2081,Thriller,,,2000
2082,Comedy,,,2000
2083,Thriller,,,2000
2084,Crime,,,2000
2085,Action,,,2000
2086,Family,,,2000
2087,Action,,,2000
2088,Drama,,,2000
2089,Comedy,Drama,,2000
2090,Drama,,,2000
2091,Action,,,2000
2092,Drama,,,2000
2093,Drama,,,2000
2094,Drama,,,2000
2095,Comedy,,,2000
2096,Drama,,,2000
2097,Action,Thriller,,2000
2098,Drama,,,2000
2099,Drama,,,2000
2100,Comedy,,,2000
2101,Comedy,,,2000
2102,Drama,,,2000
2103,Comedy,,,2000
2104,Action,Drama,Crime,2000
2105,Drama,,,2000
2106,Thriller,,,2000
2107,Family,,,2000
2108,Action,Adventure,Comedy,2000
2109,Drama,Romance,,2000
2110,Drama,Thriller,,2000
2111,Drama,,,2000
2112,Drama,,,2000
2113,Action,,,2000
2114,Comedy,,,2000
2115,Comedy,Drama,,2000
2116,Drama,,,2000
2117,Drama,,,2000
2118,Comedy,Romance,,2000
2119,Sci-Fi,,,2000
2120,Drama,,,2000
2121,Drama,,,2000
2122,Horror,,,2000
2123,Drama,,,2000
2124,Comedy,,,2000
2125,Crime,,,2000
2126,Drama,,,2000
2127,Adventure,Sci-Fi,Western,2000
2128,Drama,,,2000
2129,Comedy,,,2000
2130,Family,,,2000
2131,Adventure,Comedy,Drama,2000
2132,Crime,,,2000
2133,Comedy,Music,,2000
2134,Drama,,,2000
2135,Family,,,2000
2136,Horror,,,2000
2137,Comedy,Drama,,2000
2138,Drama,,,2000
2139,Drama,,,2000
2140,Comedy,,,2000
2141,Drama,Thriller,,2000
2142,Comedy,,,2000
2143,Comedy,,,2000
2144,Drama,,,2000
2145,Comedy,Drama,,2000
2146,Horror,,,2000
2147,Horror,,,2000
2148,Drama,,,2000
2149,Comedy,,,2000
2150,Comedy,Sport,,2000
2151,Action,Drama,,2000
2152,Crime,,,2000
2153,Drama,Thriller,,2000
2154,Drama,,,2000
2155,Biography,,,2000
2156,Drama,,,2000
2157,Drama,,,2000
2158,Drama,,,2000
2159,Action,,,2000
2160,Comedy,,,2000
2161,Comedy,,,2000
2162,Action,Thriller,,2000
2163,Comedy,,,2000
2164,Action,Crime,Drama,2000
2165,Thriller,Drama,,2000
2166,Drama,,,2000
2167,Drama,,,2000
2168,Comedy,,,2000
2169,Action,Crime,,2000
2170,Drama,,,2000
2171,Drama,,,2000
2172,Comedy,Sci-Fi,,2000
2173,Crime,Drama,,2000
2174,Crime,Mystery,Thriller,2000
2175,Comedy,Drama,Romance,2000
2176,Drama,,,2000
2177,Comedy,Drama,Romance,2000
2178,Music,,,2000
2179,Thriller,,,2000
2180,Crime,Drama,,2000
2181,Drama,,,2000
2182,Drama,,,2000
2183,Drama,,,2000
2184,Action,,,2000
2185,Comedy,Romance,,2000
2186,Drama,,,2000
2187,Drama,,,2000
2188,Crime,,,2000
2189,Drama,,,2000
2190,Comedy,Musical,Romance,2000
2191,Mystery,,,2000
2192,Action,,,2000
2193,Comedy,,,2000
2194,Comedy,Drama,,2000
2195,Drama,,,2000
2196,Drama,,,2000
2197,Comedy,Romance,,2000
2198,Thriller,,,2000
2199,Drama,,,2000
2200,Horror,Fantasy,,2000
2201,Comedy,,,2000
2202,Crime,Comedy,,2000
2203,Drama,,,2000
2204,Comedy,Horror,,2000
2205,Sci-Fi,,,2000
2206,Drama,,,2000
2207,Music,,,2000
2208,Action,,,2000
2209,Drama,,,2000
2210,Crime,,,2000
2211,Drama,,,2000
2212,Drama,Romance,,2000
2213,Action,,,2000
2214,Action,,,2000
2215,Comedy,Romance,,2000
2216,Drama,,,2000
2217,Comedy,,,2000
2218,Horror,,,2000
2219,Animation,,,2000
2220,Action,,,2000
2221,Comedy,,,2000
2222,Mystery,,,2000
2223,Action,Sci-Fi,,2000
2224,Drama,,,2000
2225,Horror,Mystery,Sci-Fi,2000
2226,Drama,,,2000
2227,Romance,,,2000
2228,Drama,,,2000
2229,Comedy,Drama,,2000
2230,Action,,,2000
2231,Horror,,,2000
2232,Animation,Action,Adventure,2000
2233,Comedy,Drama,,2000
2234,Crime,,,2000
2235,Romance,,,2000
2236,Action,,,2000
2237,Drama,,,2000
2238,Drama,,,2000
2239,Drama,Comedy,,2000
2240,Comedy,Western,,2000
2241,Romance,,,2000
2242,Comedy,Crime,,2000
2243,Romance,,,2000
2244,Action,,,2000
2245,Horror,,,2000
2246,Drama,,,2000
2247,Action,,,2000
2248,Crime,,,2000
2249,Drama,,,2000
2250,Drama,Fantasy,Romance,2000
2251,Drama,Musical,,2000
2252,Horror,,,2000
2253,Action,,,2000
2254,Drama,Mystery,,2000
2255,Family,,,2000
2256,Thriller,,,2000
2257,Action,,,2000
2258,Crime,Thriller,,2000
2259,Drama,,,2000
2260,Drama,Mystery,,2000
2261,Horror,,,2000
2262,Crime,Drama,Thriller,2000
2263,Animation,,,2000
2264,Comedy,,,2000
2265,Comedy,Drama,,2000
2266,Comedy,,,2000
2267,Drama,,,2000
2268,Comedy,,,2000
2269,Drama,Romance,,2000
2270,Drama,,,2000
2271,Drama,,,2000
2272,Drama,,,2000
2273,Drama,,,2000
2274,Drama,,,2000
2275,Action,Crime,Drama,2000
2276,Romance,,,2000
2277,Drama,,,2000
2278,Comedy,Thriller,,2000
2279,Drama,,,2000
2280,Animation,,,2000
2281,Comedy,,,2000
2282,Comedy,,,2000
2283,Action,,,2000
2284,Comedy,Romance,,2000
2285,Comedy,Horror,,2000
2286,Horror,Comedy,Thriller,2000
2287,Musical,,,2000
2288,Romance,,,2000
2289,Comedy,Drama,,2000
2290,Romance,,,2000
2291,War,,,2000
2292,Drama,,,2000
2293,Drama,,,2000
2294,Comedy,Drama,,2000
2295,Horror,,,2000
2296,Action,Comedy,Fantasy,2000
2297,Drama,,,2000
2298,Action,Mystery,Thriller,2000
2299,Drama,,,2000
2300,Action,,,2000
2301,Comedy,,,2000
2302,Drama,,,2000
2303,Musical,,,2000
2304,Drama,Fantasy,Mystery,2000
2305,Action,,,2000
2306,Comedy,,,2000
2307,Comedy,,,2000
2308,Drama,,,2000
2309,Drama,,,2000
2310,Musical,,,2000
2311,Drama,,,2000
2312,Drama,,,2000
2313,Drama,Romance,,2000
2314,Adventure,Thriller,,2000
2315,Action,,,2000
2316,Action,Drama,,2000
2317,Action,Comedy,Sci-Fi,2000
2318,Drama,,,2000
2319,Drama,,,2000
2320,Animation,,,2000
2321,Action,Crime,Drama,2000
2322,Action,,,2000
2323,Drama,,,2000
2324,Drama,,,2000
2325,Drama,,,2000
2326,Drama,,,2000
2327,Comedy,,,2000
2328,Drama,,,2000
2329,Comedy,,,2000
2330,Thriller,,,2000
2331,Drama,,,2000
2332,Drama,Romance,,2000
2333,Action,Crime,,2000
2334,Thriller,,,2000
2335,Action,Crime,,2000
2336,Drama,,,2000
2337,Family,,,2000
2338,Drama,,,2000
2339,Crime,Drama,,2000
2340,Musical,,,2000
2341,Crime,Mystery,,2000
2342,Comedy,,,2000
2343,Comedy,Romance,,2000
2344,Drama,,,2000
2345,Action,Drama,Comedy,2000
2346,Action,,,2000
2347,Drama,,,2000
2348,Drama,,,2000
2349,Thriller,,,2000
2350,Comedy,Horror,Thriller,2000
2351,Comedy,Sci-Fi,,2000
2352,Romance,,,2000
2353,Action,Comedy,Drama,2000
2354,Thriller,,,2000
2355,Musical,,,2000
2356,Drama,Romance,,2000
2357,Action,Drama,Fantasy,2000
2358,Action,Adventure,,2000
2359,Action,,,2000
2360,Drama,,,2000
2361,Comedy,,,2000
2362,Thriller,,,2000
2363,Action,,,2000
2364,Horror,,,2000
2365,Musical,,,2000
2366,Action,Crime,Thriller,2000
2367,Drama,Romance,,2000
2368,Comedy,Romance,,2000
2369,Comedy,Romance,Sci-Fi,2000
2370,Sport,,,2000
2371,Drama,,,2000
2372,Thriller,,,2000
2373,Comedy,,,2000
2374,Drama,Romance,,2000
2375,Drama,,,2000
2376,Romance,,,2000
2377,Animation,,,2000
2378,Action,,,2000
2379,Horror,,,2000
2380,Drama,,,2000
2381,Action,,,2000
2382,Comedy,,,2000
2383,Thriller,,,2000
2384,Animation,,,2000
2385,Action,Animation,,2000
2386,Action,Comedy,Crime,2000
2387,Thriller,,,2000
2388,Thriller,,,2000
2389,Drama,Family,,2000
2390,Drama,Romance,War,2000
2391,Drama,,,2000
2392,Drama,,,2000
2393,Drama,,,2000
2394,Horror,,,2000
2395,Comedy,,,2000
2396,Adventure,War,,2000
2397,Drama,,,2000
2398,Comedy,Family,Fantasy,2000
2399,Drama,,,2000
2400,Action,,,2000
2401,Drama,,,2000
2402,Horror,,,2000
2403,Horror,,,2000
2404,Family,Adventure,Comedy,2000
2405,Adventure,Comedy,Family,2000
2406,Action,,,2000
2407,Action,,,2000
2408,Action,Horror,,2000
2409,Action,,,2000
2410,Drama,,,2000
2411,Thriller,,,2000
2412,Comedy,,,2000
2413,Drama,Romance,,2000
2414,Thriller,,,2000
2415,Musical,Comedy,,2000
2416,Drama,,,2000
2417,Horror,,,2000
2418,Drama,,,2000
2419,Action,,,2000
2420,Comedy,Drama,,2000
2421,Comedy,,,2000
2422,Drama,,,2000
2423,Action,,,2000
2424,Action,,,2000
2425,Thriller,,,2000
2426,Drama,,,2000
2427,Thriller,,,2000
2428,Drama,,,2000
2429,Comedy,Drama,,2000
2430,Action,,,2000
2431,Drama,,,2000
2432,Comedy,,,2000
2433,Comedy,Romance,,2000
2434,Comedy,Crime,Drama,2000
2435,Comedy,,,2000
2436,Thriller,,,2000
2437,Crime,Thriller,,2000
2438,Comedy,,,2000
2439,Comedy,,,2000
2440,Comedy,Drama,Family,2000
2441,Drama,,,2000
2442,Drama,,,2000
2443,Drama,,,2000
2444,Drama,,,2000
2445,Drama,,,2000
2446,Crime,Thriller,,2000
2447,Drama,,,2000
2448,Action,Biography,,2000
2449,Action,,,2000
2450,Drama,,,2000
2451,Comedy,,,2000
2452,Musical,Action,Thriller,2000
2453,Drama,,,2000
2454,Drama,,,2000
2455,Drama,,,2000
2456,Comedy,,,2000
2457,Drama,War,,2000
2458,Drama,,,2000
2459,Comedy,,,2000
2460,Drama,Fantasy,Horror,2000
2461,Action,,,2000
2462,Drama,,,2000
2463,Action,,,2000
2464,Drama,,,2000
2465,Action,,,2000
2466,Action,,,2000
2467,Drama,Romance,,2000
2468,Drama,,,2000
2469,Action,,,2000
2470,Drama,,,2000
2471,Drama,Sci-Fi,,2000
2472,Action,Drama,Romance,2000
2473,Drama,,,2000
2474,Drama,,,2000
2475,Action,Thriller,,2000
2476,Action,,,2000
2477,Musical,,,2000
2478,Drama,,,2000
2479,Drama,,,2000
2480,Romance,,,2000
2481,Drama,,,2000
2482,Drama,,,2000
2483,Drama,,,2000
2484,Drama,Fantasy,Romance,2000
2485,Thriller,,,2000
2486,Drama,Mystery,,2000
2487,Action,Drama,,2000
2488,Thriller,,,2000
2489,Crime,Drama,Thriller,2000
2490,Thriller,,,2000
2491,Comedy,Drama,,2000
2492,Action,,,2000
2493,Thriller,,,2000
2494,Comedy,,,2000
2495,Drama,,,2000
2496,Comedy,Romance,,2000
2497,Drama,,,2000
2498,Drama,,,2000
2499,Crime,Romance,,2000
2500,Animation,Drama,Crime,2000
2501,Drama,,,2000
2502,War,,,2000
2503,Drama,,,2000
2504,Comedy,,,2000
2505,Family,,,2000
2506,Comedy,,,2000
2507,Crime,Drama,,2000
2508,Animation,Adventure,Comedy,2000
2509,Drama,,,2000
2510,Drama,Romance,,2000
2511,Comedy,,,2000
2512,Action,Drama,,2000
2513,Drama,,,2000
2514,Drama,Thriller,,2000
2515,Drama,War,,2000
2516,Comedy,,,2000
2517,Drama,,,2000
2518,Drama,Family,,2000
2519,Comedy,Drama,,2000
2520,Drama,,,2000
2521,Drama,,,2000
2522,Thriller,,,2000
2523,Crime,Drama,Thriller,2000
2524,Drama,,,2000
2525,Comedy,,,2000
2526,Drama,,,2000
2527,Drama,,,2000
2528,Drama,,,2000
2529,Drama,,,2000
2530,Drama,,,2000
2531,Action,Crime,Drama,2000
2532,Thriller,,,2000
2533,Drama,,,2000
2534,Sport,,,2000
2535,Drama,,,2000
2536,Comedy,,,2000
2537,Animation,Fantasy,,2000
2538,Comedy,Drama,,2000
2539,Drama,,,2000
2540,Thriller,,,2000
2541,Drama,,,2000
2542,Horror,Romance,,2000
2543,Drama,,,2000
2544,Drama,,,2000
2545,Action,Crime,Thriller,2000
2546,Drama,,,2000
2547,Crime,Drama,,2000
2548,Comedy,,,2000
2549,Action,,,2000
2550,Drama,,,2000
2551,Comedy,,,2000
2552,Horror,,,2000
2553,Horror,,,2000
2554,Action,,,2000
2555,Thriller,,,2000
2556,Fantasy,Mystery,,2000
2557,Drama,,,2000
2558,Drama,,,2000
2559,Action,,,2000
2560,Drama,,,2000
2561,Drama,,,2000
2562,Fantasy,,,2000
2563,Comedy,,,2000
2564,Action,,,2000
2565,Comedy,,,2000
2566,Thriller,,,2000
2567,Sport,,,2000
2568,Drama,Thriller,,2000
2569,Drama,,,2000
2570,Thriller,,,2000
2571,Family,,,2000
2572,Drama,,,2000
2573,Drama,,,2000
2574,Musical,,,2000
2575,Drama,,,2000
2576,Comedy,,,2000
2577,Drama,,,2000
2578,Drama,Romance,,2000
2579,Comedy,Drama,,2000
2580,Drama,,,2000
2581,Drama,,,2000
2582,Drama,,,2000
2583,Action,,,2000
2584,Drama,,,2000
2585,Thriller,,,2000
2586,Drama,Romance,,2000
2587,Comedy,,,2000
2588,Drama,,,2000
2589,Action,Biography,Drama,2000
2590,Action,,,2000
2591,Mystery,,,2000
2592,Comedy,Romance,,2000
2593,Drama,,,2000
2594,Adventure,Drama,Romance,2000
2595,Drama,Music,,2000
2596,Drama,,,2000
2597,Drama,,,2000
2598,Adventure,Drama,,2000
2599,Comedy,,,2000
2600,Action,Comedy,Drama,2000
2601,Drama,,,2000
2602,Comedy,,,2000
2603,Horror,,,2000
2604,Drama,,,2000
2605,Fantasy,Horror,Mystery,2000
2606,Comedy,Drama,,2000
2607,Action,,,2000
2608,Thriller,,,2000
2609,Romance,,,2000
2610,Animation,,,2000
2611,Action,,,2000
2612,Drama,,,2000
2613,Horror,,,2000
2614,Drama,,,2000
2615,Action,Crime,Drama,2000
2616,Sci-Fi,,,2000
2617,Drama,,,2000
2618,Action,,,2000
2619,Drama,,,2000
2620,Sci-Fi,,,2000
2621,Family,,,2000
2622,Comedy,Drama,,2000
2623,Drama,,,2000
2624,Drama,,,2000
2625,Musical,,,2000
2626,Drama,,,2000
2627,Drama,,,2000
2628,Sci-Fi,,,2000
2629,Comedy,,,2000
2630,Comedy,Drama,,2000
2631,Comedy,Drama,Romance,2000
2632,Crime,Drama,,2000
2633,Family,,,2000
2634,Comedy,Fantasy,,2000
2635,Drama,,,2000
2636,Thriller,,,2000
2637,Horror,,,2000
2638,Comedy,,,2000
2639,Drama,,,2000
2640,Comedy,Romance,,2000
2641,Fantasy,Action,,2000
2642,Drama,Fantasy,Musical,2000
2643,Romance,,,2000
2644,Crime,,,2000
2645,Thriller,,,2000
2646,Drama,Romance,,2000
2647,Animation,,,2000
2648,Animation,,,2000
2649,Drama,,,2000
2650,Horror,Thriller,,2000
2651,Drama,Sci-Fi,,2000
2652,Drama,,,2000
2653,Action,Drama,,2000
2654,Comedy,Crime,Drama,2000
2655,Comedy,,,2000
2656,History,,,2000
2657,Comedy,,,2000
2658,Drama,Family,,2000
2659,Horror,,,2000
2660,Comedy,,,2000
2661,Comedy,Romance,,2000
2662,Drama,,,2000
2663,Action,Drama,,2000
2664,Horror,,,2000
2665,Comedy,,,2000
2666,Action,,,2000
2667,Horror,,,2000
2668,Action,,,2000
2669,Drama,,,2000
2670,Family,,,2000
2671,Drama,,,2000
2672,Drama,,,2000
2673,Drama,,,2000
2674,Comedy,Drama,,2000
2675,Sci-Fi,Thriller,Horror,2000
2676,Action,Crime,Drama,2000
2677,Comedy,,,2000
2678,Comedy,Horror,,2000
2679,Comedy,,,2000
2680,History,,,2000
2681,Comedy,,,2000
2682,Drama,,,2000
2683,Comedy,Drama,,2000
2684,Horror,,,2000
2685,Sport,,,2000
2686,Comedy,,,2000
2687,Action,,,2000
2688,Horror,,,2000
2689,Drama,,,2000
2690,Romance,,,2000
2691,Action,Drama,,2000
2692,Action,Drama,,2000
2693,Drama,,,2000
2694,Crime,,,2000
2695,Horror,,,2000
2696,Drama,,,2000
2697,Comedy,Drama,,2000
2698,Crime,Drama,,2000
2699,Action,,,2000
2700,Music,,,2000
2701,Comedy,,,2000
2702,Drama,Romance,,2000
2703,Comedy,,,2000
2704,Action,Crime,Thriller,2000
2705,Drama,,,2000
2706,History,,,2000
2707,Family,,,2000
2708,Action,,,2000
2709,Comedy,Romance,,2000
2710,Drama,,,2000
2711,Comedy,,,2000
2712,Drama,,,2000
2713,Music,,,2000
2714,Drama,Family,,2000
2715,Comedy,Drama,Mystery,2000
2716,Comedy,,,2000
2717,Drama,,,2000
2718,Thriller,,,2000
2719,Drama,,,2000
2720,Comedy,,,2000
2721,Drama,,,2000
2722,Action,,,2000
2723,Drama,,,2000
2724,Drama,,,2000
2725,Drama,,,2000
2726,Horror,,,2000
2727,Drama,,,2000
2728,Drama,,,2000
2729,Comedy,,,2000
2730,Thriller,,,2000
2731,Action,Adventure,,2000
2732,Action,,,2000
2733,Drama,,,2000
2734,Drama,,,2000
2735,Action,Horror,,2000
2736,Action,Comedy,Romance,2000
2737,Comedy,,,2000
2738,Crime,Drama,,2000
2739,Action,Crime,,2000
2740,Drama,,,2000
2741,Drama,Music,,2000
2742,Sport,,,2000
2743,Sport,,,2000
2744,Sport,,,2000
2745,Sport,,,2000
2746,Drama,,,2000
2747,Animation,Sci-Fi,,2000
2748,Action,Drama,,2000
2749,Comedy,,,2000
2750,Action,,,2000
2751,Comedy,,,2000
2752,Horror,,,2000
2753,Adventure,,,2000
2754,Comedy,,,2000
2755,Family,,,2000
2756,Drama,Romance,,2000
2757,Drama,,,2000
2758,Comedy,Drama,,2000
2759,Musical,,,2000
2760,Action,,,2000
2761,Drama,,,2000
2762,Comedy,Mystery,Romance,2000
2763,Comedy,,,2000
2764,Drama,,,2000
2765,Romance,,,2000
2766,Drama,,,2000
2767,Music,,,2000
2768,Drama,,,2000
2769,Thriller,,,2000
2770,Thriller,,,2000
2771,Crime,Drama,Mystery,2000
2772,Drama,,,2000
2773,Drama,,,2000
2774,Musical,,,2000
2775,Drama,,,2000
2776,Drama,Romance,,2000
2777,Comedy,,,2000
2778,Action,,,2000
2779,Comedy,,,2000
2780,Horror,,,2000
2781,Thriller,,,2000
2782,Drama,,,2000
2783,Action,Drama,Sci-Fi,2000
2784,Drama,,,2000
2785,Comedy,Drama,,2000
2786,Horror,,,2000
2787,Drama,,,2000
2788,Fantasy,,,2000
2789,Drama,,,2000
2790,Family,,,2000
2791,Romance,,,2000
2792,Comedy,,,2000
2793,Drama,Romance,,2000
2794,Action,Crime,Drama,2000
2795,Drama,Romance,,2000
2796,Comedy,Drama,,2000
2797,Mystery,Thriller,,2000
2798,Drama,,,2000
2799,Horror,,,2000
2800,Biography,Drama,,2000
2801,Horror,,,2000
2802,Thriller,,,2000
2803,Comedy,Drama,,2000
2804,Adventure,Drama,,2000
2805,Comedy,,,2000
2806,Drama,,,2000
2807,Drama,,,2000
2808,Action,,,2000
2809,Fantasy,Musical,,2000
2810,Drama,,,2000
2811,Drama,,,2000
2812,Comedy,,,2000
2813,Comedy,Drama,Fantasy,2000
2814,Drama,,,2000
2815,Crime,Action,Fantasy,2000
2816,Horror,,,2000
2817,Drama,,,2000
2818,Sci-Fi,,,2000
2819,Comedy,,,2000
2820,Drama,Crime,Action,2000
2821,Action,,,2000
2822,Drama,,,2000
2823,Drama,,,2000
2824,Comedy,,,2000
2825,Drama,,,2000
2826,Comedy,Crime,Mystery,2000
2827,Comedy,,,2000
2828,Sport,,,2000
2829,Comedy,,,2000
2830,Drama,,,2000
2831,Sci-Fi,,,2000
2832,Comedy,Crime,,2000
2833,Drama,,,2000
2834,Drama,,,2000
2835,Crime,Thriller,,2000
2836,Drama,Romance,,2000
2837,Drama,Romance,Family,2000
2838,Drama,,,2000
2839,Horror,,,2000
2840,War,,,2000
2841,Drama,,,2000
2842,Action,,,2000
2843,Drama,,,2000
2844,Adventure,,,2000
2845,Action,Fantasy,,2000
2846,Crime,,,2000
2847,Comedy,,,2000
2848,Drama,,,2000
2849,Drama,,,2000
2850,Comedy,Drama,Romance,2000
2851,Drama,,,2000
2852,Action,Drama,,2000
2853,Thriller,,,2000
2854,Animation,Comedy,,2000
2855,Animation,,,2000
2856,Comedy,Mystery,,2000
2857,Drama,,,2000
2858,Action,Crime,Thriller,2000
2859,Drama,,,2000
2860,Drama,,,2000
2861,Drama,,,2000
2862,Horror,,,2000
2863,Comedy,Horror,,2000
2864,Thriller,,,2000
2865,Drama,,,2000
2866,Drama,,,2000
2867,Drama,,,2000
2868,Drama,,,2000
2869,Comedy,Mystery,,2000
2870,Drama,,,2000
2871,Drama,,,2000
2872,Drama,,,2000
2873,Comedy,Romance,,2000
2874,Drama,Thriller,,2000
2875,Drama,,,2000
2876,Drama,,,2000
2877,Thriller,,,2000
2878,Horror,,,2000
2879,Drama,,,2000
2880,Family,,,2000
2881,Comedy,,,2000
2882,Comedy,,,2000
2883,Drama,,,2000
2884,Drama,,,2000
2885,Action,,,2000
2886,Thriller,,,2000
2887,Comedy,,,2000
2888,Drama,,,2000
2889,Crime,Drama,Thriller,2000
2890,Horror,,,2000
2891,Drama,,,2000
2892,Action,,,2000
2893,Action,Adventure,,2000
2894,Thriller,,,2000
2895,Romance,,,2000
2896,Comedy,,,2000
2897,Action,,,2000
2898,Action,Thriller,,2000
2899,Comedy,,,2000
2900,Romance,,,2000
2901,Crime,,,2000
2902,Comedy,Romance,,2000
2903,Music,,,2000
2904,Drama,Music,Romance,2000
2905,Action,,,2000
2906,Comedy,,,2000
2907,Musical,,,2000
2908,Comedy,,,2000
2909,Comedy,Horror,,2000
2910,Comedy,Romance,,2000
2911,Action,,,2000
2912,Comedy,Family,,2000
2913,Drama,,,2000
2914,Thriller,,,2000
2915,Action,Romance,,2000
2916,Thriller,,,2000
2917,Drama,,,2000
2918,Drama,,,2000
2919,Action,,,2000
2920,Drama,,,2000
2921,Thriller,,,2000
2922,Romance,,,2000
2923,Drama,,,2000
2924,Action,,,2000
2925,Drama,,,2000
2926,Drama,,,2000
2927,Biography,,,2000
2928,Drama,,,2000
2929,Drama,,,2000
2930,Action,Drama,,2000
2931,Drama,,,2000
2932,Comedy,,,2000
2933,Drama,,,2000
2934,Thriller,,,2000
2935,Music,,,2000
2936,Action,Drama,,2000
2937,Horror,,,2000
2938,Crime,Drama,,2000
2939,War,,,2000
2940,Animation,,,2000
2941,Crime,Mystery,,2000
2942,Action,Adventure,,2000
2943,Crime,Thriller,,2000
2944,Comedy,,,2000
2945,Drama,,,2000
2946,History,,,2000
2947,Sci-Fi,,,2000
2948,Comedy,Family,Music,2000
2949,Comedy,,,2000
2950,Drama,War,,2000
2951,Drama,,,2000
2952,Comedy,Romance,,2000
2953,Comedy,,,2000
2954,Music,,,2000
2955,Thriller,,,2000
2956,Comedy,Drama,,2000
2957,Drama,Romance,,2000
2958,Drama,,,2000
2959,Drama,Family,Fantasy,2000
2960,Romance,,,2000
2961,Drama,,,2000
2962,Animation,,,2000
2963,Horror,,,2000
2964,Thriller,,,2000
2965,Animation,Family,,2000
2966,Horror,,,2000
2967,Romance,,,2000
2968,Drama,,,2000
2969,Drama,,,2000
2970,Comedy,,,2000
2971,Drama,,,2000
2972,Comedy,,,2000
2973,Drama,,,2000
2974,Drama,Family,,2000
2975,Comedy,,,2000
2976,Drama,,,2000
2977,Action,,,2000
2978,Comedy,,,2000
2979,Comedy,,,2000
2980,Family,,,2000
2981,Horror,,,2000
2982,Comedy,,,2000
2983,Biography,,,2000
2984,Drama,,,2000
2985,Mystery,Sci-Fi,,2000
2986,Drama,,,2000
2987,Romance,,,2000
2988,Drama,,,2000
2989,Drama,,,2000
2990,Horror,,,2000
2991,Drama,,,2000
2992,Animation,,,2000
2993,Comedy,Drama,,2000
2994,Action,,,2000
2995,Drama,Musical,,2000
2996,Action,,,2000
2997,Drama,,,2000
2998,Drama,,,2000
2999,Drama,,,2000
3000,Crime,Drama,,2000
3001,Fantasy,,,2000
3002,Comedy,,,2000
3003,Crime,Drama,,2000
3004,Action,Crime,Drama,2000
3005,Romance,,,2000
3006,Crime,Horror,,2000
3007,Comedy,,,2000
3008,Thriller,,,2000
3009,Comedy,,,2000
3010,Comedy,Horror,,2000
3011,Comedy,,,2000
3012,Comedy,Music,,2000
3013,Drama,,,2000
3014,Action,Comedy,Drama,2000
3015,Comedy,,,2000
3016,Drama,,,2000
3017,Drama,,,2000
3018,Drama,,,2000
3019,Action,Drama,,2000
3020,Biography,Drama,Music,2000
3021,Drama,,,2000
3022,Drama,,,2000
3023,Drama,,,2000
3024,Drama,,,2000
3025,Drama,,,2000
3026,Comedy,,,2000
3027,Comedy,,,2000
3028,Musical,,,2000
3029,Thriller,,,2000
3030,Drama,,,2000
3031,Fantasy,,,2000
3032,Crime,Drama,,2000
3033,Comedy,,,2000
3034,Comedy,,,2000
3035,Drama,Romance,,2000
3036,Comedy,,,2000
3037,Thriller,,,2000
3038,Thriller,,,2000
3039,Drama,,,2000
3040,Romance,,,2000
3041,Animation,Family,,2000
3042,Comedy,,,2000
3043,Comedy,,,2000
3044,Horror,,,2000
3045,Fantasy,,,2000
3046,Comedy,Sci-Fi,,2000
3047,Comedy,,,2000
3048,Action,Crime,Drama,2000
3049,Drama,History,,2000
3050,Romance,,,2000
3051,Action,,,2000
3052,Adventure,Crime,,2000
3053,Action,Adventure,,2000
3054,Drama,,,2000
3055,Drama,,,2000
3056,Musical,,,2000
3057,Drama,,,2000
3058,Drama,,,2000
3059,Drama,Family,Romance,2000
3060,Drama,,,2000
3061,Drama,,,2000
3062,Comedy,,,2000
3063,War,,,2000
3064,Action,,,2000
3065,Drama,,,2000
3066,Comedy,Drama,,2000
3067,Thriller,,,2000
3068,Comedy,Drama,,2000
3069,Horror,,,2000
3070,Action,Crime,Thriller,2000
3071,Crime,Fantasy,,2000
3072,Thriller,,,2000
3073,Drama,,,2000
3074,Drama,,,2000
3075,Animation,,,2000
3076,Drama,Mystery,,2000
3077,Drama,,,2000
3078,Comedy,Drama,,2000
3079,Animation,,,2000
3080,Comedy,Horror,,2000
3081,Family,Drama,Fantasy,2000
3082,Action,,,2000
3083,Comedy,,,2000
3084,Mystery,,,2000
3085,Action,Thriller,,2000
3086,Family,,,2000
3087,Action,,,2000
3088,Music,Romance,,2000
3089,Drama,,,2000
3090,Drama,,,2000
3091,Drama,,,2000
3092,Drama,,,2000
3093,Drama,,,2000
3094,Crime,Drama,,2000
3095,Drama,,,2000
3096,Comedy,,,2000
3097,Romance,,,2000
3098,Drama,,,2000
3099,Drama,Romance,,2000
3100,Action,Drama,Romance,2000
3101,Comedy,,,2000
3102,Drama,,,2000
3103,Drama,Romance,,2000
3104,Comedy,Musical,,2000
3105,Thriller,,,2000
3106,Drama,,,2000
3107,Drama,,,2000
3108,Comedy,,,2000
3109,Crime,Drama,Horror,2000
3110,Drama,,,2000
3111,Action,,,2000
3112,Romance,,,2000
3113,Comedy,Drama,,2000
3114,Thriller,,,2000
3115,Drama,,,2000
3116,Drama,,,2000
3117,Thriller,,,2000
3118,Drama,,,2000
3119,Comedy,Crime,,2000
3120,Thriller,,,2000
3121,Drama,,,2000
3122,Action,,,2000
3123,Drama,,,2000
3124,Drama,,,2000
3125,Drama,,,2000
3126,Drama,,,2000
3127,Crime,Drama,,2000
3128,Horror,,,2000
3129,Horror,Thriller,,2000
3130,Drama,,,2000
3131,Action,Crime,Drama,2000
3132,Horror,,,2000
3133,Comedy,,,2000
3134,Drama,,,2000
3135,Action,,,2000
3136,Drama,,,2000
3137,Action,,,2000
3138,Music,,,2000
3139,Drama,,,2000
3140,Drama,,,2000
3141,Comedy,Romance,,2000
3142,Action,,,2000
3143,Comedy,Musical,,2000
3144,Action,,,2000
3145,Drama,,,2000
3146,Biography,,,2000
3147,Drama,,,2000
3148,Comedy,,,2000
3149,Drama,,,2000
3150,Drama,,,2000
3151,Drama,,,2000
3152,Comedy,Crime,,2000
3153,Family,,,2000
3154,Thriller,,,2000
3155,Drama,,,2000
3156,Animation,Comedy,Fantasy,2000
3157,Comedy,,,2000
3158,Comedy,,,2000
3159,Drama,,,2000
3160,Music,,,2000
3161,Sci-Fi,,,2000
3162,Drama,,,2000
3163,Drama,,,2000
3164,Animation,,,2000
3165,Musical,,,2000
3166,Drama,,,2000
3167,Musical,,,2000
3168,Comedy,,,2000
3169,Drama,Musical,,2000
3170,Drama,Music,,2000
