,descriptor1,descriptor2,descriptor3,year
0,Adventure,Family,Fantasy,2001
1,Adventure,Drama,Fantasy,2001
2,Animation,Adventure,Comedy,2001
3,Biography,Crime,Drama,2001
4,Animation,Adventure,Family,2001
5,Comedy,Family,Romance,2001
6,Comedy,,,2001
7,Drama,Sci-Fi,Thriller,2001
8,Action,Drama,History,2001
9,Biography,Drama,,2001
10,Drama,History,War,2001
11,Animation,Adventure,Comedy,2001
12,Crime,Drama,Thriller,2001
13,Comedy,Drama,Mystery,2001
14,Drama,Mystery,Thriller,2001
15,Crime,Thriller,,2001
16,Drama,Musical,Romance,2001
17,Comedy,Romance,,2001
18,Animation,Action,Adventure,2001
19,Action,Crime,Thriller,2001
20,Comedy,Romance,,2001
21,Comedy,Romance,,2001
22,Action,Adventure,Romance,2001
23,Comedy,,,2001
24,Drama,,,2001
25,Crime,Drama,Thriller,2001
26,Drama,Sci-Fi,,2001
27,Action,Adventure,Comedy,2001
28,Comedy,Drama,,2001
29,Comedy,,,2001
30,Horror,Mystery,Thriller,2001
31,Action,Adventure,Sci-Fi,2001
32,Drama,Mystery,Romance,2001
33,Fantasy,Mystery,Romance,2001
34,Comedy,Drama,Romance,2001
35,Action,Adventure,Fantasy,2001
36,Drama,Romance,,2001
37,Comedy,Drama,,2001
38,Drama,History,War,2001
39,Comedy,Romance,,2001
40,Drama,,,2001
41,Action,Adventure,Fantasy,2001
42,Drama,Romance,,2001
43,Adventure,Comedy,Drama,2001
44,Drama,Thriller,,2001
45,Action,Adventure,Sci-Fi,2001
46,Adventure,Comedy,,2001
47,Comedy,Drama,Fantasy,2001
48,Action,Crime,Thriller,2001
49,Comedy,Sci-Fi,,2001
50,Comedy,,,2001
51,Drama,Romance,,2001
52,Crime,Drama,Thriller,2001
53,Comedy,,,2001
54,Horror,Thriller,,2001
55,Horror,Mystery,,2001
56,Action,Drama,Thriller,2001
57,Action,Comedy,Crime,2001
58,Crime,Drama,Mystery,2001
59,Drama,,,2001
60,Comedy,Fantasy,Romance,2001
61,Comedy,Sport,,2001
62,Comedy,Crime,Mystery,2001
63,Mystery,Thriller,,2001
64,Action,Crime,Thriller,2001
65,Biography,Crime,Drama,2001
66,Horror,Mystery,Thriller,2001
67,Action,Drama,Thriller,2001
68,Comedy,Romance,,2001
69,Comedy,Music,,2001
70,Comedy,Fantasy,,2001
71,Crime,Drama,,2001
72,Drama,Music,,2001
73,Drama,Romance,,2001
74,Action,Adventure,Drama,2001
75,Drama,Sport,,2001
76,Crime,Drama,Romance,2001
77,Action,Horror,Sci-Fi,2001
78,Biography,Drama,Sport,2001
79,Drama,Sci-Fi,,2001
80,Comedy,Crime,Family,2001
81,Crime,Drama,Thriller,2001
82,Action,Horror,Sci-Fi,2001
83,Drama,Music,Romance,2001
84,Adventure,Comedy,Crime,2001
85,Action,Comedy,Crime,2001
86,Animation,Action,Adventure,2001
87,Comedy,Crime,Drama,2001
88,Action,Comedy,Crime,2001
89,Animation,Drama,Fantasy,2001
90,Drama,Horror,,2001
91,Comedy,Crime,Romance,2001
92,Drama,Music,Romance,2001
93,Drama,Mystery,Thriller,2001
94,Action,Drama,Sport,2001
95,Horror,Mystery,Thriller,2001
96,Comedy,,,2001
97,Horror,Mystery,,2001
98,Adventure,Drama,Musical,2001
99,Crime,Drama,Mystery,2001
100,Action,Comedy,Crime,2001
101,Drama,,,2001
102,Drama,,,2001
103,Fantasy,Horror,Mystery,2001
104,Adventure,Comedy,Romance,2001
105,Crime,Drama,,2001
106,Comedy,Crime,Drama,2001
107,Action,Comedy,Family,2001
108,Crime,Drama,Mystery,2001
109,Comedy,Drama,Music,2001
110,Action,Crime,Drama,2001
111,Comedy,Romance,,2001
112,Action,Comedy,Fantasy,2001
113,Drama,Romance,,2001
114,Comedy,Crime,Romance,2001
115,Drama,Romance,,2001
116,Animation,Comedy,Family,2001
117,Comedy,Romance,,2001
118,Animation,Comedy,Fantasy,2001
119,Action,Drama,War,2001
120,Comedy,Crime,,2001
121,Comedy,Drama,Thriller,2001
122,Drama,Romance,Thriller,2001
123,Biography,Drama,Romance,2001
124,Drama,Romance,,2001
125,Comedy,Crime,Drama,2001
126,Drama,Thriller,,2001
127,Comedy,Crime,Drama,2001
128,Drama,Romance,,2001
129,Drama,Mystery,Thriller,2001
130,Biography,Comedy,Drama,2001
131,Comedy,Drama,Romance,2001
132,Drama,,,2001
133,Action,Sci-Fi,Thriller,2001
134,Drama,,,2001
135,Comedy,Crime,,2001
136,Comedy,Family,Fantasy,2001
137,Animation,Action,Adventure,2001
138,Drama,Mystery,,2001
139,Drama,Musical,Romance,2001
140,Action,Crime,Drama,2001
141,Comedy,Sci-Fi,,2001
142,Drama,War,,2001
143,Action,Crime,Drama,2001
144,Comedy,Drama,Romance,2001
145,Comedy,Crime,,2001
146,Adventure,Comedy,Fantasy,2001
147,Comedy,Drama,Romance,2001
148,Action,Western,,2001
149,Comedy,Drama,,2001
150,Comedy,Fantasy,Sci-Fi,2001
151,Comedy,,,2001
152,Drama,Romance,,2001
153,Action,Adventure,Comedy,2001
154,Comedy,,,2001
155,Action,Crime,Drama,2001
156,Action,Comedy,Crime,2001
157,Comedy,Crime,,2001
158,Crime,Drama,Romance,2001
159,Drama,Mystery,Romance,2001
160,Animation,Action,Adventure,2001
161,Action,Adventure,Comedy,2001
162,Comedy,Drama,,2001
163,Animation,Action,Crime,2001
164,Animation,Drama,Fantasy,2001
165,Drama,Horror,Thriller,2001
166,Comedy,Drama,Romance,2001
167,Comedy,Crime,Mystery,2001
168,Drama,,,2001
169,Drama,History,War,2001
170,Horror,Mystery,Sci-Fi,2001
171,Drama,War,,2001
172,Comedy,Drama,Horror,2001
173,Drama,,,2001
174,Action,Crime,Fantasy,2001
175,Comedy,Drama,,2001
176,Comedy,Family,Romance,2001
177,Comedy,Drama,Romance,2001
178,Action,Adventure,Romance,2001
179,Crime,Horror,,2001
180,Biography,Drama,Romance,2001
181,Action,Drama,Comedy,2001
182,Adventure,Biography,Drama,2001
183,Comedy,Fantasy,,2001
184,Comedy,Crime,Thriller,2001
185,Comedy,Romance,,2001
186,Drama,,,2001
187,Comedy,Drama,Romance,2001
188,Crime,Drama,Romance,2001
189,Comedy,Drama,,2001
190,Comedy,Drama,,2001
191,Comedy,Mystery,Romance,2001
192,Drama,,,2001
193,Horror,Mystery,Thriller,2001
194,Crime,Drama,,2001
195,Drama,Music,Romance,2001
196,Comedy,Fantasy,,2001
197,Comedy,Sport,,2001
198,Comedy,Drama,Romance,2001
199,Drama,Romance,Thriller,2001
200,Action,Comedy,Crime,2001
201,Drama,Comedy,Romance,2001
202,Action,Thriller,,2001
203,Crime,Drama,Horror,2001
204,Drama,,,2001
205,Family,Romance,,2001
206,Drama,Sport,,2001
207,Drama,Mystery,Sci-Fi,2001
208,Drama,Romance,,2001
209,Action,Horror,Thriller,2001
210,Action,Sci-Fi,Thriller,2001
211,Crime,Drama,Thriller,2001
212,Crime,Drama,Mystery,2001
213,Horror,Mystery,Thriller,2001
214,Action,Adventure,Drama,2001
215,Crime,Drama,Mystery,2001
216,Drama,,,2001
217,Comedy,Drama,Family,2001
218,Action,Drama,Thriller,2001
219,Action,Horror,Thriller,2001
220,Animation,Family,,2001
221,Comedy,Romance,,2001
222,Drama,,,2001
223,Crime,Mystery,Thriller,2001
224,Animation,Adventure,Drama,2001
225,Action,Comedy,,2001
226,Action,Drama,Fantasy,2001
227,Action,Comedy,Drama,2001
228,Action,Comedy,Crime,2001
229,Action,Comedy,Crime,2001
230,Comedy,Crime,Drama,2001
231,Drama,,,2001
232,Comedy,Family,Romance,2001
233,Comedy,Drama,Romance,2001
234,Drama,History,Romance,2001
235,Comedy,Romance,,2001
236,Action,Adventure,Comedy,2001
237,Comedy,Drama,,2001
238,Action,Horror,Mystery,2001
239,Biography,Drama,,2001
240,Crime,Drama,Romance,2001
241,Drama,Mystery,Romance,2001
242,Crime,Drama,Music,2001
243,Comedy,Romance,Drama,2001
244,Drama,Romance,,2001
245,Comedy,Drama,,2001
246,Comedy,Horror,,2001
247,Comedy,Drama,Romance,2001
248,Drama,History,Thriller,2001
249,Drama,Romance,,2001
250,Drama,,,2001
251,Drama,Romance,,2001
252,Drama,Romance,,2001
253,Comedy,Drama,,2001
254,Drama,,,2001
255,Comedy,,,2001
256,Comedy,Drama,,2001
257,Comedy,Fantasy,Horror,2001
258,Comedy,Drama,Romance,2001
259,Comedy,Drama,,2001
260,Action,Adventure,Drama,2001
261,Drama,,,2001
262,Comedy,Crime,,2001
263,Comedy,Romance,,2001
264,Comedy,Romance,Drama,2001
265,Drama,Thriller,,2001
266,Comedy,Drama,Romance,2001
267,Drama,Comedy,Sci-Fi,2001
268,Comedy,Crime,Drama,2001
269,Comedy,Drama,Fantasy,2001
270,Drama,Romance,,2001
271,Drama,,,2001
272,Comedy,Crime,,2001
273,Family,Fantasy,Drama,2001
274,Drama,Romance,,2001
275,Comedy,Romance,Drama,2001
276,Adventure,Fantasy,,2001
277,Action,Drama,Crime,2001
278,Comedy,Drama,Romance,2001
279,Drama,,,2001
280,Comedy,,,2001
281,Action,Biography,Drama,2001
282,Drama,,,2001
283,Action,Drama,Romance,2001
284,Drama,,,2001
285,Horror,Thriller,,2001
286,Drama,,,2001
287,Drama,Romance,,2001
288,Musical,Drama,Romance,2001
289,War,Drama,Action,2001
290,Drama,,,2001
291,Drama,Mystery,Romance,2001
292,Action,Adventure,Drama,2001
293,Drama,,,2001
294,Drama,,,2001
295,Drama,Fantasy,Romance,2001
296,Comedy,Romance,,2001
297,Comedy,Romance,,2001
298,Crime,Drama,Music,2001
299,Action,Sci-Fi,,2001
300,Comedy,Romance,,2001
301,Comedy,,,2001
302,Comedy,,,2001
303,Horror,Mystery,Thriller,2001
304,Drama,,,2001
305,Comedy,Family,,2001
306,Drama,Sci-Fi,,2001
307,Action,Comedy,Crime,2001
308,Thriller,,,2001
309,Action,Adventure,Horror,2001
310,Comedy,Drama,Family,2001
311,Comedy,Romance,,2001
312,Drama,Romance,,2001
313,Action,Comedy,Horror,2001
314,Drama,Thriller,,2001
315,Comedy,Romance,Drama,2001
316,Drama,,,2001
317,Action,Crime,Thriller,2001
318,Drama,Romance,Western,2001
319,Horror,Thriller,,2001
320,Drama,,,2001
321,Adventure,Drama,,2001
322,Action,Sci-Fi,Thriller,2001
323,Drama,Thriller,,2001
324,Drama,Romance,,2001
325,Action,Comedy,Crime,2001
326,Drama,Romance,,2001
327,Drama,Romance,Western,2001
328,Drama,Thriller,,2001
329,Adventure,Biography,Drama,2001
330,Drama,Romance,,2001
331,Crime,Drama,Romance,2001
332,Crime,Romance,Thriller,2001
333,Comedy,Romance,,2001
334,Drama,Horror,Mystery,2001
335,Comedy,Romance,,2001
336,Biography,Drama,,2001
337,Crime,Drama,Romance,2001
338,Comedy,Drama,,2001
339,Comedy,Horror,,2001
340,Drama,,,2001
341,Comedy,,,2001
342,Comedy,Western,,2001
343,Comedy,Drama,Mystery,2001
344,Crime,Drama,,2001
345,Drama,Mystery,Thriller,2001
346,Adventure,Drama,Action,2001
347,Comedy,Drama,Romance,2001
348,Drama,,,2001
349,Comedy,,,2001
350,Drama,Romance,,2001
351,Drama,,,2001
352,Comedy,Drama,Romance,2001
353,Drama,Romance,,2001
354,Drama,Comedy,Romance,2001
355,Comedy,,,2001
356,Comedy,Family,Fantasy,2001
357,Drama,,,2001
358,Comedy,,,2001
359,Drama,Romance,,2001
360,Comedy,Horror,Sci-Fi,2001
361,Adventure,Drama,Romance,2001
362,Comedy,,,2001
363,Crime,Drama,,2001
364,Comedy,Thriller,,2001
365,Biography,Drama,History,2001
366,Action,Adventure,Horror,2001
367,Action,,,2001
368,Action,Drama,Thriller,2001
369,Drama,,,2001
370,Comedy,Romance,,2001
371,Drama,Crime,Romance,2001
372,Drama,Romance,,2001
373,Action,Drama,Romance,2001
374,Mystery,Fantasy,Horror,2001
375,Comedy,Thriller,,2001
376,Action,Fantasy,,2001
377,Comedy,Drama,Romance,2001
378,Adventure,Family,Fantasy,2001
379,Drama,,,2001
380,Crime,Horror,Romance,2001
381,Comedy,Romance,,2001
382,Drama,Romance,War,2001
383,Drama,,,2001
384,Action,Horror,Sci-Fi,2001
385,Action,Drama,Thriller,2001
386,Adventure,Drama,Fantasy,2001
387,Drama,,,2001
388,Drama,Thriller,,2001
389,Crime,Drama,,2001
390,Comedy,Drama,Romance,2001
391,Drama,,,2001
392,Action,Comedy,Fantasy,2001
393,Action,Crime,Drama,2001
394,Comedy,Drama,Fantasy,2001
395,Comedy,Drama,,2001
396,Fantasy,Romance,,2001
397,Horror,Sci-Fi,,2001
398,Drama,Romance,Thriller,2001
399,Drama,Action,Adventure,2001
400,Comedy,Sport,,2001
401,Comedy,Drama,,2001
402,Comedy,Drama,Romance,2001
403,Comedy,Drama,Fantasy,2001
404,Drama,,,2001
405,Comedy,Drama,Romance,2001
406,Comedy,Family,Sport,2001
407,Comedy,Crime,,2001
408,Horror,,,2001
409,Comedy,Crime,Drama,2001
410,Drama,Comedy,Crime,2001
411,Action,Thriller,,2001
412,Action,Crime,Horror,2001
413,Comedy,Romance,,2001
414,Comedy,Drama,Family,2001
415,Biography,Drama,War,2001
416,Comedy,Drama,,2001
417,Action,Comedy,Drama,2001
418,Action,Crime,,2001
419,Crime,Drama,Thriller,2001
420,Comedy,,,2001
421,Drama,,,2001
422,Action,Comedy,Crime,2001
423,Crime,Drama,Thriller,2001
424,Action,Drama,,2001
425,Thriller,,,2001
426,Crime,Drama,,2001
427,Drama,,,2001
428,Action,Horror,Sci-Fi,2001
429,Drama,Music,War,2001
430,Comedy,,,2001
431,Action,Crime,Mystery,2001
432,Comedy,Drama,,2001
433,Drama,Thriller,,2001
434,Drama,Thriller,,2001
435,Drama,Mystery,Thriller,2001
436,Comedy,Drama,Musical,2001
437,Thriller,,,2001
438,Comedy,Musical,Mystery,2001
439,Action,Drama,Musical,2001
440,Drama,War,,2001
441,Crime,Drama,,2001
442,Drama,Romance,,2001
443,Comedy,,,2001
444,Crime,Horror,Drama,2001
445,Drama,,,2001
446,Comedy,,,2001
447,Comedy,Musical,,2001
448,Drama,Romance,,2001
449,Comedy,Thriller,,2001
450,Comedy,Thriller,,2001
451,Drama,Romance,,2001
452,Comedy,Drama,Romance,2001
453,Crime,Drama,,2001
454,Comedy,Thriller,Crime,2001
455,Action,Mystery,Thriller,2001
456,Action,Sport,,2001
457,Comedy,Drama,Family,2001
458,Action,Crime,Thriller,2001
459,Drama,,,2001
460,Action,Crime,Drama,2001
461,Action,Drama,War,2001
462,Animation,Adventure,Comedy,2001
463,Family,Adventure,Comedy,2001
464,Comedy,Fantasy,,2001
465,Action,Adventure,Crime,2001
466,Drama,,,2001
467,Comedy,Drama,Romance,2001
468,Crime,Drama,,2001
469,Drama,Romance,,2001
470,Comedy,Drama,Crime,2001
471,Drama,,,2001
472,Comedy,Romance,,2001
473,Drama,Romance,,2001
474,Comedy,,,2001
475,Drama,,,2001
476,Drama,Romance,,2001
477,Action,Adventure,Fantasy,2001
478,Drama,Music,,2001
479,Drama,Romance,,2001
480,Crime,Drama,,2001
481,Action,Comedy,Crime,2001
482,Drama,,,2001
483,Action,Crime,Drama,2001
484,Biography,Drama,History,2001
485,Crime,Romance,,2001
486,Thriller,,,2001
487,Drama,,,2001
488,Drama,,,2001
489,Drama,Thriller,,2001
490,Comedy,Drama,,2001
491,Thriller,Drama,,2001
492,Comedy,Drama,Romance,2001
493,Comedy,Crime,Drama,2001
494,Action,Adventure,Fantasy,2001
495,Action,Drama,,2001
496,Action,Drama,,2001
497,Drama,Family,History,2001
498,Comedy,Drama,Romance,2001
499,Crime,Action,Drama,2001
500,Comedy,Drama,,2001
501,Drama,,,2001
502,Comedy,,,2001
503,Adventure,Comedy,Sport,2001
504,Drama,Fantasy,,2001
505,Action,Adventure,Comedy,2001
506,Sci-Fi,,,2001
507,Adventure,Drama,,2001
508,Drama,,,2001
509,Animation,Action,Adventure,2001
510,Animation,Action,Adventure,2001
511,Drama,Musical,Romance,2001
512,Biography,Drama,,2001
513,Action,Adventure,Drama,2001
514,Comedy,Romance,,2001
515,Drama,,,2001
516,Drama,Mystery,Thriller,2001
517,Horror,Thriller,,2001
518,Musical,Comedy,Sci-Fi,2001
519,Thriller,,,2001
520,Drama,History,Romance,2001
521,Comedy,,,2001
522,Drama,Thriller,,2001
523,Drama,,,2001
524,Comedy,,,2001
525,Action,Mystery,Drama,2001
526,Comedy,Drama,Romance,2001
527,Comedy,Horror,Mystery,2001
528,Thriller,,,2001
529,Drama,Musical,Romance,2001
530,Animation,Drama,Family,2001
531,Drama,History,War,2001
532,Mystery,Romance,Thriller,2001
533,Musical,Romance,,2001
534,Drama,,,2001
535,Action,Drama,Mystery,2001
536,Action,Crime,Drama,2001
537,Comedy,Drama,Mystery,2001
538,Comedy,Crime,Romance,2001
539,Animation,Action,Romance,2001
540,Drama,Horror,,2001
541,Drama,,,2001
542,Drama,,,2001
543,Drama,,,2001
544,Drama,Romance,Thriller,2001
545,Drama,,,2001
546,Drama,,,2001
547,Drama,Family,,2001
548,Drama,,,2001
549,Thriller,,,2001
550,Drama,,,2001
551,Sci-Fi,Thriller,,2001
552,Horror,,,2001
553,Horror,,,2001
554,Drama,,,2001
555,Comedy,Drama,Family,2001
556,Comedy,,,2001
557,Comedy,,,2001
558,Action,Crime,Drama,2001
559,Drama,Crime,,2001
560,Crime,Drama,,2001
561,Crime,Mystery,Romance,2001
562,Adventure,Family,Fantasy,2001
563,Comedy,Romance,,2001
564,Drama,Romance,Thriller,2001
565,Drama,Thriller,,2001
566,Drama,Action,Thriller,2001
567,Comedy,Musical,,2001
568,Drama,War,,2001
569,Drama,,,2001
570,Thriller,Crime,Drama,2001
571,Drama,Romance,,2001
572,Drama,Sci-Fi,Thriller,2001
573,Drama,,,2001
574,Action,Sci-Fi,,2001
575,Drama,,,2001
576,Drama,,,2001
577,Comedy,Romance,,2001
578,Drama,Romance,,2001
579,Drama,,,2001
580,Comedy,,,2001
581,Drama,Romance,,2001
582,Drama,,,2001
583,Drama,,,2001
584,Comedy,,,2001
585,Thriller,,,2001
586,Action,Adventure,Comedy,2001
587,Drama,War,,2001
588,Drama,,,2001
589,Drama,,,2001
590,Horror,Mystery,Thriller,2001
591,Drama,,,2001
592,Comedy,Drama,Romance,2001
593,Comedy,Thriller,,2001
594,Action,Adventure,Horror,2001
595,Crime,Drama,Romance,2001
596,Drama,Comedy,,2001
597,Drama,Musical,Romance,2001
598,Comedy,Drama,,2001
599,Crime,Drama,,2001
600,Comedy,Crime,Romance,2001
601,Drama,,,2001
602,Adventure,Comedy,,2001
603,Horror,Sci-Fi,Thriller,2001
604,Comedy,Drama,,2001
605,Action,,,2001
606,Drama,,,2001
607,Action,Crime,Drama,2001
608,Drama,Romance,Comedy,2001
609,Comedy,,,2001
610,Action,Drama,Thriller,2001
611,Adventure,Comedy,Family,2001
612,Comedy,Crime,Thriller,2001
613,Action,Adventure,Fantasy,2001
614,Drama,,,2001
615,Crime,Drama,,2001
616,Animation,Family,Adventure,2001
617,Action,Mystery,Thriller,2001
618,Drama,Romance,,2001
619,Drama,,,2001
620,Animation,Action,Adventure,2001
621,Action,Drama,History,2001
622,Drama,,,2001
623,Action,Drama,Fantasy,2001
624,Action,Sci-Fi,,2001
625,Romance,,,2001
626,Action,Thriller,,2001
627,Drama,Romance,,2001
628,Drama,Crime,,2001
629,Drama,,,2001
630,Drama,,,2001
631,Action,Sci-Fi,Thriller,2001
632,Drama,Family,,2001
633,Drama,Action,Romance,2001
634,Drama,Musical,Romance,2001
635,Animation,,,2001
636,Action,Thriller,,2001
637,Comedy,Drama,,2001
638,Animation,Adventure,Family,2001
639,Action,Comedy,Drama,2001
640,Comedy,,,2001
641,Comedy,Romance,,2001
642,Sci-Fi,Drama,Thriller,2001
643,Comedy,Drama,Romance,2001
644,Action,Romance,,2001
645,Comedy,,,2001
646,Drama,Thriller,,2001
647,Biography,Drama,Music,2001
648,Horror,Sci-Fi,Thriller,2001
649,Comedy,Drama,,2001
650,Comedy,Drama,,2001
651,Crime,Thriller,Action,2001
652,Action,Thriller,,2001
653,Drama,,,2001
654,Drama,Romance,War,2001
655,Comedy,Romance,Sport,2001
656,Drama,Romance,,2001
657,Family,,,2001
658,Action,Adventure,Drama,2001
659,Horror,,,2001
660,Action,Crime,Thriller,2001
661,Drama,,,2001
662,Comedy,Drama,Romance,2001
663,Action,Drama,Music,2001
664,Adventure,Sci-Fi,Action,2001
665,Comedy,Fantasy,Romance,2001
666,Action,Horror,Sci-Fi,2001
667,Crime,Drama,,2001
668,Action,Fantasy,Sci-Fi,2001
669,Comedy,Drama,,2001
670,Comedy,,,2001
671,Drama,Romance,War,2001
672,Comedy,Drama,,2001
673,Drama,Thriller,,2001
674,Comedy,Romance,,2001
675,Romance,,,2001
676,Drama,Romance,,2001
677,Thriller,,,2001
678,Drama,Thriller,,2001
679,Action,Sci-Fi,,2001
680,Comedy,Romance,,2001
681,Drama,,,2001
682,Drama,Thriller,,2001
683,Family,,,2001
684,Crime,Drama,,2001
685,Comedy,,,2001
686,Crime,Mystery,Thriller,2001
687,Drama,,,2001
688,Drama,,,2001
689,Comedy,Romance,,2001
690,Drama,History,,2001
691,Action,Adventure,Drama,2001
692,Action,Thriller,,2001
693,Action,Comedy,Drama,2001
694,Crime,,,2001
695,Action,Adventure,Crime,2001
696,Comedy,Drama,Romance,2001
697,Comedy,,,2001
698,Drama,Thriller,,2001
699,Drama,Family,Musical,2001
700,Animation,Action,Comedy,2001
701,Drama,,,2001
702,Action,Crime,Drama,2001
703,Action,Adventure,,2001
704,Thriller,,,2001
705,Drama,Music,Romance,2001
706,Comedy,Drama,Romance,2001
707,Action,Sci-Fi,,2001
708,Comedy,Thriller,,2001
709,Drama,,,2001
710,Thriller,Drama,Horror,2001
711,Comedy,Crime,,2001
712,Action,,,2001
713,Drama,Mystery,Thriller,2001
714,Action,Fantasy,Sci-Fi,2001
715,Drama,Musical,Romance,2001
716,Horror,Mystery,Thriller,2001
717,Drama,Thriller,,2001
718,Drama,Fantasy,Romance,2001
719,Comedy,Crime,,2001
720,Action,Crime,,2001
721,Action,Drama,,2001
722,Crime,Romance,Thriller,2001
723,Drama,,,2001
724,Drama,Comedy,,2001
725,Drama,,,2001
726,Musical,Comedy,Family,2001
727,Horror,Thriller,,2001
728,Romance,,,2001
729,Comedy,Drama,Fantasy,2001
730,Adventure,Family,,2001
731,Comedy,,,2001
732,Crime,Drama,,2001
733,Action,Fantasy,Horror,2001
734,Drama,,,2001
735,Comedy,Romance,,2001
736,Comedy,Drama,Romance,2001
737,Comedy,Drama,Mystery,2001
738,Horror,,,2001
739,Comedy,Drama,,2001
740,Comedy,Romance,,2001
741,Action,Thriller,,2001
742,Drama,,,2001
743,Comedy,,,2001
744,Adventure,Drama,History,2001
745,Comedy,Romance,,2001
746,Drama,,,2001
747,Horror,,,2001
748,Crime,Drama,,2001
749,Drama,,,2001
750,Comedy,Romance,,2001
751,Adventure,Fantasy,Sci-Fi,2001
752,Drama,,,2001
753,Mystery,Thriller,Action,2001
754,Drama,,,2001
755,Comedy,,,2001
756,Drama,Romance,,2001
757,Comedy,Drama,,2001
758,Action,,,2001
759,Drama,Romance,,2001
760,Thriller,,,2001
761,Crime,Drama,Action,2001
762,Drama,Romance,War,2001
763,Action,Drama,,2001
764,Action,,,2001
765,Drama,Romance,,2001
766,Comedy,Drama,,2001
767,Drama,Thriller,Fantasy,2001
768,Drama,,,2001
769,Drama,Romance,,2001
770,Crime,Action,Comedy,2001
771,Crime,,,2001
772,Comedy,Drama,,2001
773,Drama,Music,Romance,2001
774,Drama,Romance,,2001
775,Comedy,,,2001
776,Comedy,Crime,Drama,2001
777,Drama,Romance,,2001
778,Drama,,,2001
779,Action,Drama,,2001
780,Family,Fantasy,Music,2001
781,Comedy,Crime,,2001
782,Action,Adventure,Comedy,2001
783,Comedy,Horror,,2001
784,Drama,Thriller,,2001
785,Drama,,,2001
786,Action,Crime,,2001
787,Crime,Thriller,,2001
788,Action,Crime,Thriller,2001
789,Biography,Drama,,2001
790,Drama,,,2001
791,Drama,Thriller,,2001
792,Comedy,Drama,Musical,2001
793,Comedy,Romance,Drama,2001
794,Family,,,2001
795,Musical,Drama,,2001
796,Drama,,,2001
797,Drama,Mystery,,2001
798,Adventure,Family,Fantasy,2001
799,Comedy,,,2001
800,Action,Adventure,Drama,2001
801,Comedy,Fantasy,Romance,2001
802,Romance,,,2001
803,Drama,Romance,War,2001
804,Comedy,Romance,,2001
805,Crime,Mystery,Romance,2001
806,Drama,,,2001
807,Drama,,,2001
808,Action,Thriller,,2001
809,Comedy,Horror,,2001
810,Comedy,Drama,,2001
811,Action,Adventure,Fantasy,2001
812,Adventure,Drama,,2001
813,Drama,Romance,,2001
814,Adventure,Sci-Fi,,2001
815,Romance,Thriller,Crime,2001
816,Comedy,Romance,,2001
817,Drama,,,2001
818,Romance,,,2001
819,Drama,Thriller,,2001
820,Drama,Sci-Fi,Thriller,2001
821,Action,Drama,,2001
822,Comedy,,,2001
823,Comedy,Action,,2001
824,Comedy,Drama,,2001
825,Crime,Horror,,2001
826,Drama,Fantasy,Horror,2001
827,Action,Crime,Drama,2001
828,Drama,Mystery,Thriller,2001
829,Comedy,Romance,Drama,2001
830,Comedy,,,2001
831,Drama,Mystery,Thriller,2001
832,Drama,,,2001
833,Drama,,,2001
834,Thriller,,,2001
835,Comedy,Drama,Family,2001
836,Drama,,,2001
837,Drama,War,,2001
838,Comedy,Drama,Family,2001
839,Romance,,,2001
840,Drama,Musical,Mystery,2001
841,Animation,Action,,2001
842,Drama,,,2001
843,Family,,,2001
844,Drama,Thriller,,2001
845,Drama,,,2001
846,Comedy,Romance,,2001
847,Drama,Thriller,,2001
848,Comedy,Crime,Romance,2001
849,Comedy,Drama,Music,2001
850,Animation,Action,Mystery,2001
851,Action,Crime,Thriller,2001
852,Drama,Mystery,Romance,2001
853,Comedy,Romance,,2001
854,Crime,Drama,Romance,2001
855,Action,Drama,,2001
856,Comedy,Drama,Mystery,2001
857,Drama,Romance,,2001
858,Action,Crime,Mystery,2001
859,Biography,Crime,Drama,2001
860,Drama,Romance,,2001
861,Drama,,,2001
862,Drama,Romance,Thriller,2001
863,Crime,Drama,Thriller,2001
864,Action,,,2001
865,Horror,Mystery,,2001
866,Drama,Fantasy,,2001
867,Horror,Thriller,,2001
868,Action,,,2001
869,Action,Romance,,2001
870,Comedy,,,2001
871,Comedy,Drama,,2001
872,Drama,Thriller,,2001
873,Drama,Horror,Thriller,2001
874,Drama,,,2001
875,Drama,Romance,,2001
876,Drama,Sport,,2001
877,Drama,Romance,,2001
878,Comedy,Drama,Sport,2001
879,Comedy,Crime,Mystery,2001
880,Comedy,Drama,Romance,2001
881,Comedy,Drama,,2001
882,Comedy,,,2001
883,Comedy,Crime,Drama,2001
884,Family,Drama,,2001
885,Sci-Fi,Horror,Mystery,2001
886,Drama,Thriller,,2001
887,Comedy,Romance,,2001
888,Action,Crime,Thriller,2001
889,Comedy,Romance,,2001
890,Drama,,,2001
891,Adventure,Drama,Fantasy,2001
892,Drama,,,2001
893,Horror,Thriller,,2001
894,Drama,Romance,,2001
895,Comedy,Family,Fantasy,2001
896,Drama,,,2001
897,Comedy,,,2001
898,Romance,Drama,,2001
899,Action,Drama,Comedy,2001
900,Drama,,,2001
901,Action,,,2001
902,Drama,Romance,,2001
903,Comedy,Family,Fantasy,2001
904,Horror,Sci-Fi,Thriller,2001
905,Comedy,Drama,Romance,2001
906,Crime,Drama,Thriller,2001
907,Action,,,2001
908,Drama,,,2001
909,Action,Comedy,Thriller,2001
910,Comedy,Romance,,2001
911,Adventure,Drama,,2001
912,Thriller,,,2001
913,Crime,Drama,,2001
914,Romance,,,2001
915,Thriller,,,2001
916,Comedy,Drama,,2001
917,Drama,Romance,Sport,2001
918,Crime,Drama,Thriller,2001
919,Comedy,Crime,,2001
920,Comedy,,,2001
921,Comedy,Crime,,2001
922,Drama,Romance,,2001
923,Horror,Mystery,,2001
924,Drama,Romance,Thriller,2001
925,Crime,Drama,Mystery,2001
926,Action,Comedy,Romance,2001
927,Adventure,Fantasy,,2001
928,Animation,Comedy,Sci-Fi,2001
929,Biography,Drama,,2001
930,Romance,Thriller,,2001
931,Comedy,Crime,Drama,2001
932,Horror,Thriller,,2001
933,Action,Drama,Thriller,2001
934,Drama,Musical,,2001
935,Drama,Romance,,2001
936,Animation,Family,Fantasy,2001
937,Drama,,,2001
938,Drama,,,2001
939,Comedy,Drama,,2001
940,Comedy,,,2001
941,Drama,,,2001
942,Horror,,,2001
943,Drama,Romance,,2001
944,Action,Adventure,Thriller,2001
945,War,,,2001
946,Drama,Thriller,,2001
947,Drama,,,2001
948,Comedy,,,2001
949,Fantasy,Horror,,2001
950,Action,Horror,Mystery,2001
951,Comedy,,,2001
952,Thriller,,,2001
953,Drama,,,2001
954,Drama,,,2001
955,Biography,Drama,Romance,2001
956,Drama,,,2001
957,Comedy,Drama,Romance,2001
958,Action,Drama,War,2001
959,Comedy,Crime,,2001
960,Drama,Fantasy,Horror,2001
961,Comedy,Fantasy,,2001
962,Drama,,,2001
963,Drama,Romance,,2001
964,Comedy,Romance,,2001
965,Drama,Thriller,,2001
966,Drama,,,2001
967,Drama,Sport,,2001
968,Drama,,,2001
969,Drama,Comedy,,2001
970,Musical,Romance,Drama,2001
971,Family,Romance,,2001
972,Action,Drama,Sport,2001
973,Biography,Drama,,2001
974,Drama,,,2001
975,Adventure,Comedy,Drama,2001
976,Comedy,Musical,Family,2001
977,Comedy,Drama,,2001
978,Crime,Drama,Thriller,2001
979,Drama,,,2001
980,Horror,Thriller,,2001
981,Comedy,,,2001
982,Comedy,,,2001
983,Drama,Horror,Mystery,2001
984,Comedy,Drama,,2001
985,Comedy,,,2001
986,Comedy,Drama,,2001
987,Biography,Drama,History,2001
988,Animation,Adventure,Fantasy,2001
989,Comedy,Drama,Thriller,2001
990,Action,Drama,Thriller,2001
991,Drama,,,2001
992,Comedy,Mystery,,2001
993,Action,Crime,Drama,2001
994,Drama,Romance,,2001
995,Drama,,,2001
996,Horror,Sci-Fi,,2001
997,Drama,,,2001
998,Comedy,,,2001
999,Drama,,,2001
1000,Comedy,Drama,,2001
1001,Action,Thriller,,2001
1002,Romance,,,2001
1003,Drama,,,2001
1004,Comedy,Horror,,2001
1005,Western,,,2001
1006,Animation,Family,Fantasy,2001
1007,Drama,Comedy,Mystery,2001
1008,Drama,,,2001
1009,Comedy,,,2001
1010,Comedy,,,2001
1011,Action,Drama,,2001
1012,Comedy,,,2001
1013,Comedy,,,2001
1014,Comedy,,,2001
1015,Drama,Romance,,2001
1016,Thriller,,,2001
1017,Horror,,,2001
1018,Drama,,,2001
1019,Musical,Comedy,Romance,2001
1020,Comedy,Drama,Romance,2001
1021,Drama,Romance,,2001
1022,Action,Thriller,,2001
1023,Biography,Drama,History,2001
1024,Drama,,,2001
1025,Drama,,,2001
1026,Drama,Mystery,Sci-Fi,2001
1027,Action,Comedy,,2001
1028,Crime,Romance,Thriller,2001
1029,Comedy,,,2001
1030,Thriller,Horror,,2001
1031,Drama,Romance,,2001
1032,Comedy,Sci-Fi,,2001
1033,Action,Sport,,2001
1034,Action,,,2001
1035,Action,,,2001
1036,Comedy,Drama,,2001
1037,Drama,,,2001
1038,Horror,,,2001
1039,Drama,,,2001
1040,Action,Comedy,Drama,2001
1041,Drama,,,2001
1042,Romance,,,2001
1043,Action,Drama,,2001
1044,Comedy,,,2001
1045,Action,Comedy,Crime,2001
1046,Romance,,,2001
1047,Drama,,,2001
1048,Horror,Thriller,,2001
1049,Animation,Adventure,Biography,2001
1050,Drama,,,2001
1051,Drama,Comedy,Romance,2001
1052,Action,Comedy,Drama,2001
1053,Comedy,Drama,Sport,2001
1054,Adventure,Comedy,,2001
1055,Comedy,Drama,Romance,2001
1056,Drama,,,2001
1057,Horror,,,2001
1058,Drama,,,2001
1059,Action,,,2001
1060,Drama,,,2001
1061,Action,Drama,,2001
1062,Comedy,Drama,,2001
1063,Drama,,,2001
1064,Drama,,,2001
1065,Drama,,,2001
1066,Drama,,,2001
1067,Comedy,Horror,Thriller,2001
1068,Drama,,,2001
1069,Drama,Mystery,,2001
1070,Comedy,Drama,,2001
1071,Comedy,Romance,,2001
1072,Horror,Sci-Fi,Thriller,2001
1073,Drama,,,2001
1074,Comedy,,,2001
1075,Drama,,,2001
1076,Thriller,,,2001
1077,Animation,Action,Adventure,2001
1078,Action,Comedy,Crime,2001
1079,Crime,Drama,,2001
1080,Comedy,Drama,,2001
1081,Drama,,,2001
1082,Comedy,Drama,,2001
1083,Comedy,Drama,Music,2001
1084,Drama,,,2001
1085,Drama,,,2001
1086,Drama,,,2001
1087,Comedy,Drama,,2001
1088,Comedy,Drama,,2001
1089,Crime,Horror,,2001
1090,Action,Adventure,,2001
1091,Comedy,Drama,,2001
1092,Comedy,Drama,,2001
1093,Comedy,Crime,Drama,2001
1094,Drama,Horror,Mystery,2001
1095,Comedy,Drama,Thriller,2001
1096,Action,Drama,,2001
1097,Drama,Romance,,2001
1098,Drama,Action,Comedy,2001
1099,Animation,Adventure,Family,2001
1100,Adventure,Fantasy,Western,2001
1101,Comedy,Fantasy,,2001
1102,Comedy,Crime,Drama,2001
1103,Comedy,Romance,,2001
1104,Action,Adventure,Horror,2001
1105,Drama,,,2001
1106,Comedy,Romance,,2001
1107,Drama,Romance,,2001
1108,Drama,,,2001
1109,Drama,Romance,,2001
1110,Action,Thriller,,2001
1111,Drama,,,2001
1112,Drama,Thriller,,2001
1113,Drama,Romance,,2001
1114,Action,Comedy,Drama,2001
1115,Drama,,,2001
1116,Drama,Family,,2001
1117,Action,,,2001
1118,Animation,Adventure,Musical,2001
1119,Drama,,,2001
1120,Drama,,,2001
1121,Drama,,,2001
1122,Action,Comedy,Fantasy,2001
1123,Drama,,,2001
1124,Drama,,,2001
1125,Drama,,,2001
1126,Action,,,2001
1127,Crime,Thriller,Drama,2001
1128,Drama,,,2001
1129,Action,Drama,War,2001
1130,Drama,Music,Romance,2001
1131,Comedy,Drama,Romance,2001
1132,Comedy,Drama,Romance,2001
1133,Action,Drama,,2001
1134,Comedy,Drama,,2001
1135,Comedy,Drama,Musical,2001
1136,Comedy,Drama,Romance,2001
1137,Comedy,,,2001
1138,Romance,,,2001
1139,Comedy,,,2001
1140,Comedy,Drama,Music,2001
1141,Action,Crime,,2001
1142,Horror,Thriller,,2001
1143,Action,,,2001
1144,Comedy,Family,,2001
1145,Crime,Drama,,2001
1146,Comedy,,,2001
1147,Action,Fantasy,Musical,2001
1148,Animation,Action,Adventure,2001
1149,Comedy,,,2001
1150,Drama,,,2001
1151,Crime,Drama,,2001
1152,Crime,Drama,,2001
1153,Drama,,,2001
1154,Drama,Family,Musical,2001
1155,Romance,,,2001
1156,Action,,,2001
1157,Comedy,Fantasy,,2001
1158,Drama,,,2001
1159,Drama,,,2001
1160,Comedy,Music,,2001
1161,Adventure,Comedy,Mystery,2001
1162,Drama,,,2001
1163,Comedy,Romance,,2001
1164,Fantasy,Horror,Mystery,2001
1165,Action,Comedy,Musical,2001
1166,Comedy,Drama,,2001
1167,Drama,,,2001
1168,Biography,Drama,Music,2001
1169,Horror,,,2001
1170,Action,Drama,,2001
1171,Thriller,,,2001
1172,Comedy,,,2001
1173,Animation,Adventure,Comedy,2001
1174,Crime,Drama,Thriller,2001
1175,Drama,,,2001
1176,Crime,Action,,2001
1177,Crime,Drama,,2001
1178,Comedy,Crime,,2001
1179,Comedy,,,2001
1180,Action,Drama,Mystery,2001
1181,Adventure,Action,Comedy,2001
1182,Drama,,,2001
1183,Comedy,Romance,,2001
1184,Action,Drama,Romance,2001
1185,Biography,Drama,History,2001
1186,Crime,Drama,,2001
1187,Romance,Thriller,,2001
1188,Drama,,,2001
1189,Comedy,,,2001
1190,Horror,Mystery,Thriller,2001
1191,Action,Crime,Drama,2001
1192,Romance,,,2001
1193,Drama,,,2001
1194,Horror,,,2001
1195,Musical,Comedy,,2001
1196,Biography,,,2001
1197,Drama,Comedy,Romance,2001
1198,Adventure,Comedy,Family,2001
1199,Comedy,,,2001
1200,Comedy,,,2001
1201,Drama,Comedy,,2001
1202,Crime,Drama,Mystery,2001
1203,Drama,Romance,,2001
1204,Action,Drama,,2001
1205,Action,,,2001
1206,Action,Crime,Thriller,2001
1207,Family,,,2001
1208,Crime,Drama,War,2001
1209,Drama,Fantasy,,2001
1210,Comedy,Drama,,2001
1211,Comedy,,,2001
1212,Thriller,,,2001
1213,Comedy,,,2001
1214,Romance,Comedy,,2001
1215,Comedy,Romance,,2001
1216,Comedy,,,2001
1217,Drama,Thriller,,2001
1218,Drama,,,2001
1219,Comedy,,,2001
1220,Romance,Family,Comedy,2001
1221,Action,,,2001
1222,Action,Adventure,Comedy,2001
1223,Family,Romance,,2001
1224,Biography,Drama,,2001
1225,Drama,,,2001
1226,Comedy,,,2001
1227,Animation,Action,Adventure,2001
1228,Drama,,,2001
1229,Drama,,,2001
1230,Drama,,,2001
1231,Musical,Romance,,2001
1232,Comedy,,,2001
1233,Action,Thriller,War,2001
1234,Drama,Comedy,,2001
1235,Comedy,Family,Drama,2001
1236,Romance,,,2001
1237,Drama,,,2001
1238,Drama,,,2001
1239,Drama,,,2001
1240,Comedy,Crime,Thriller,2001
1241,Thriller,Romance,,2001
1242,Drama,,,2001
1243,Thriller,,,2001
1244,Drama,,,2001
1245,Romance,Thriller,Drama,2001
1246,Crime,Drama,,2001
1247,Horror,Western,,2001
1248,Romance,,,2001
1249,Comedy,Drama,,2001
1250,Drama,,,2001
1251,Action,Crime,,2001
1252,Drama,,,2001
1253,Comedy,Romance,,2001
1254,Drama,,,2001
1255,Drama,Romance,,2001
1256,Comedy,,,2001
1257,Comedy,,,2001
1258,Comedy,,,2001
1259,Comedy,Drama,,2001
1260,Action,Comedy,Drama,2001
1261,Biography,Drama,Music,2001
1262,Comedy,,,2001
1263,Romance,,,2001
1264,Comedy,,,2001
1265,Drama,Sci-Fi,Thriller,2001
1266,Drama,,,2001
1267,Comedy,Sci-Fi,,2001
1268,Drama,,,2001
1269,Drama,,,2001
1270,Drama,,,2001
1271,Comedy,,,2001
1272,Drama,,,2001
1273,Comedy,,,2001
1274,Action,Adventure,Comedy,2001
1275,Comedy,Horror,,2001
1276,Comedy,Drama,,2001
1277,Drama,,,2001
1278,Comedy,,,2001
1279,Drama,Romance,,2001
1280,Drama,Sport,,2001
1281,Drama,Music,Comedy,2001
1282,Drama,,,2001
1283,Comedy,Romance,,2001
1284,Drama,,,2001
1285,Comedy,,,2001
1286,Action,,,2001
1287,Comedy,Crime,,2001
1288,Family,Fantasy,,2001
1289,Drama,Romance,,2001
1290,Comedy,,,2001
1291,Drama,Fantasy,Thriller,2001
1292,Drama,,,2001
1293,Drama,,,2001
1294,Drama,History,Romance,2001
1295,Action,,,2001
1296,Sci-Fi,,,2001
1297,Adventure,Comedy,Thriller,2001
1298,Horror,Comedy,Romance,2001
1299,Drama,,,2001
1300,Animation,Family,Musical,2001
1301,Comedy,Drama,,2001
1302,Adventure,Drama,Romance,2001
1303,Biography,Comedy,Drama,2001
1304,Drama,,,2001
1305,Comedy,Romance,,2001
1306,Drama,Thriller,Action,2001
1307,Drama,,,2001
1308,Musical,Drama,,2001
1309,Comedy,,,2001
1310,Crime,Mystery,Thriller,2001
1311,Drama,Romance,,2001
1312,Drama,Musical,,2001
1313,Action,Adventure,Comedy,2001
1314,Drama,Romance,,2001
1315,Crime,Drama,Mystery,2001
1316,Comedy,,,2001
1317,Action,Drama,,2001
1318,Crime,Thriller,,2001
1319,Action,Crime,,2001
1320,Drama,,,2001
1321,Biography,Drama,History,2001
1322,Drama,,,2001
1323,Drama,Romance,,2001
1324,Drama,,,2001
1325,Drama,,,2001
1326,Drama,Romance,,2001
1327,Drama,,,2001
1328,Adventure,Comedy,Drama,2001
1329,Action,Crime,,2001
1330,Horror,Mystery,,2001
1331,Comedy,,,2001
1332,Drama,Music,Thriller,2001
1333,Romance,Comedy,,2001
1334,Horror,,,2001
1335,Comedy,,,2001
1336,Action,Drama,Thriller,2001
1337,Drama,,,2001
1338,Drama,Mystery,,2001
1339,Drama,Romance,,2001
1340,Musical,Comedy,Romance,2001
1341,Drama,Family,Comedy,2001
1342,Horror,,,2001
1343,Drama,Sport,,2001
1344,Horror,,,2001
1345,Family,Drama,Romance,2001
1346,Action,Comedy,Drama,2001
1347,Romance,,,2001
1348,Action,,,2001
1349,Comedy,Drama,Musical,2001
1350,Sport,,,2001
1351,Animation,Comedy,Drama,2001
1352,Mystery,,,2001
1353,Action,Drama,,2001
1354,Action,Adventure,Drama,2001
1355,Drama,Romance,,2001
1356,Action,,,2001
1357,Sci-Fi,Comedy,,2001
1358,Comedy,Crime,,2001
1359,Drama,Family,Comedy,2001
1360,Drama,,,2001
1361,Horror,,,2001
1362,Comedy,Drama,,2001
1363,Adventure,Family,,2001
1364,Drama,Thriller,,2001
1365,Thriller,,,2001
1366,Comedy,Romance,,2001
1367,Crime,Drama,,2001
1368,Drama,,,2001
1369,Comedy,Drama,,2001
1370,Romance,,,2001
1371,Drama,Romance,,2001
1372,Drama,Thriller,,2001
1373,Action,,,2001
1374,Drama,,,2001
1375,Drama,Romance,Thriller,2001
1376,Drama,,,2001
1377,Action,Comedy,Drama,2001
1378,Animation,Family,,2001
1379,Comedy,Fantasy,,2001
1380,Drama,Family,,2001
1381,Comedy,Drama,Romance,2001
1382,Comedy,Crime,Family,2001
1383,Action,Crime,Thriller,2001
1384,Crime,Drama,,2001
1385,Crime,Drama,Romance,2001
1386,Comedy,,,2001
1387,Crime,Drama,,2001
1388,Drama,Romance,,2001
1389,Crime,Drama,Romance,2001
1390,Comedy,Crime,Drama,2001
1391,Thriller,,,2001
1392,Drama,Thriller,,2001
1393,Thriller,,,2001
1394,Action,,,2001
1395,Comedy,Drama,Romance,2001
1396,Drama,,,2001
1397,Drama,,,2001
1398,Drama,,,2001
1399,Comedy,Drama,,2001
1400,Drama,,,2001
1401,Comedy,,,2001
1402,Drama,,,2001
1403,Action,Crime,Horror,2001
1404,Drama,,,2001
1405,Action,Comedy,,2001
1406,Drama,Romance,,2001
1407,Comedy,Drama,Romance,2001
1408,Action,Crime,Musical,2001
1409,Comedy,Drama,,2001
1410,Adventure,Drama,,2001
1411,War,Drama,,2001
1412,Drama,Romance,,2001
1413,Drama,,,2001
1414,Comedy,,,2001
1415,Drama,,,2001
1416,Drama,,,2001
1417,Comedy,Romance,,2001
1418,Drama,War,,2001
1419,Drama,,,2001
1420,Action,Crime,Drama,2001
1421,Thriller,,,2001
1422,Comedy,Romance,,2001
1423,Action,,,2001
1424,Comedy,,,2001
1425,Comedy,Horror,Thriller,2001
1426,Horror,Sci-Fi,Thriller,2001
1427,Drama,,,2001
1428,Horror,,,2001
1429,Thriller,,,2001
1430,Romance,,,2001
1431,Drama,,,2001
1432,Crime,Drama,,2001
1433,Comedy,,,2001
1434,Comedy,,,2001
1435,Comedy,Drama,Romance,2001
1436,Comedy,,,2001
1437,Drama,,,2001
1438,Drama,Romance,,2001
1439,Comedy,Drama,,2001
1440,Drama,,,2001
1441,Action,,,2001
1442,Comedy,Drama,,2001
1443,Comedy,,,2001
1444,Drama,,,2001
1445,Comedy,Fantasy,Sci-Fi,2001
1446,Comedy,Romance,,2001
1447,Comedy,Romance,,2001
1448,Drama,,,2001
1449,Adventure,Thriller,Action,2001
1450,Drama,,,2001
1451,Comedy,Drama,Family,2001
1452,Romance,Fantasy,,2001
1453,Action,Drama,Thriller,2001
1454,Drama,,,2001
1455,Drama,,,2001
1456,Horror,,,2001
1457,Drama,,,2001
1458,Comedy,,,2001
1459,Drama,Crime,,2001
1460,Comedy,,,2001
1461,Romance,,,2001
1462,Drama,,,2001
1463,Drama,,,2001
1464,Comedy,Horror,Sci-Fi,2001
1465,Comedy,Drama,Family,2001
1466,Comedy,Drama,Thriller,2001
1467,Drama,,,2001
1468,Drama,,,2001
1469,Comedy,Drama,,2001
1470,Comedy,,,2001
1471,Drama,Thriller,,2001
1472,Drama,,,2001
1473,Drama,,,2001
1474,Drama,Romance,,2001
1475,Drama,,,2001
1476,Comedy,Drama,,2001
1477,Horror,Mystery,,2001
1478,Drama,Romance,,2001
1479,Family,,,2001
1480,Thriller,,,2001
1481,Drama,Crime,,2001
1482,Drama,,,2001
1483,Comedy,Drama,Horror,2001
1484,Drama,,,2001
1485,Drama,,,2001
1486,Drama,,,2001
1487,Action,,,2001
1488,Drama,,,2001
1489,Comedy,,,2001
1490,Drama,,,2001
1491,Drama,Musical,Romance,2001
1492,Comedy,Drama,,2001
1493,Comedy,,,2001
1494,Drama,Comedy,Romance,2001
1495,Comedy,,,2001
1496,Fantasy,Horror,Romance,2001
1497,Family,,,2001
1498,Drama,,,2001
1499,Drama,,,2001
1500,Action,,,2001
1501,Action,,,2001
1502,Comedy,Drama,Romance,2001
1503,Horror,,,2001
1504,Action,,,2001
1505,Crime,Drama,Music,2001
1506,Comedy,Romance,,2001
1507,Drama,Horror,Mystery,2001
1508,Drama,,,2001
1509,Drama,,,2001
1510,Comedy,,,2001
1511,Comedy,Drama,,2001
1512,Drama,Horror,Mystery,2001
1513,Drama,Thriller,,2001
1514,Drama,Family,,2001
1515,Drama,Romance,,2001
1516,Drama,,,2001
1517,Drama,Thriller,,2001
1518,Action,,,2001
1519,Comedy,Romance,,2001
1520,Horror,,,2001
1521,Drama,,,2001
1522,Action,,,2001
1523,Comedy,,,2001
1524,Drama,,,2001
1525,Action,Crime,,2001
1526,Comedy,,,2001
1527,Action,,,2001
1528,Crime,Drama,Romance,2001
1529,Comedy,Romance,,2001
1530,Comedy,Drama,Music,2001
1531,Comedy,Drama,Romance,2001
1532,Comedy,,,2001
1533,Comedy,Drama,,2001
1534,Action,Crime,Drama,2001
1535,Animation,Action,Adventure,2001
1536,Comedy,Crime,Drama,2001
1537,Drama,,,2001
1538,Comedy,Drama,,2001
1539,Family,,,2001
1540,Thriller,,,2001
1541,Drama,Family,,2001
1542,Drama,,,2001
1543,Action,,,2001
1544,Drama,Horror,Mystery,2001
1545,Comedy,,,2001
1546,Drama,,,2001
1547,Family,Adventure,,2001
1548,Thriller,,,2001
1549,Comedy,,,2001
1550,Comedy,,,2001
1551,Thriller,Comedy,,2001
1552,Action,,,2001
1553,Action,,,2001
1554,Comedy,Family,,2001
1555,Drama,,,2001
1556,Drama,,,2001
1557,Mystery,Thriller,,2001
1558,Drama,Romance,War,2001
1559,Comedy,,,2001
1560,Comedy,Romance,,2001
1561,Drama,,,2001
1562,Drama,,,2001
1563,Comedy,,,2001
1564,Adventure,Comedy,Mystery,2001
1565,Comedy,,,2001
1566,Drama,,,2001
1567,Sci-Fi,,,2001
1568,Drama,,,2001
1569,Drama,Thriller,,2001
1570,Comedy,Drama,,2001
1571,Drama,Family,Action,2001
1572,Drama,Comedy,,2001
1573,Comedy,Drama,,2001
1574,Comedy,Romance,,2001
1575,Crime,Drama,,2001
1576,Comedy,Drama,,2001
1577,Drama,,,2001
1578,Drama,,,2001
1579,Drama,,,2001
1580,Romance,Drama,,2001
1581,Action,,,2001
1582,Drama,,,2001
1583,Drama,History,,2001
1584,Drama,,,2001
1585,Drama,,,2001
1586,Comedy,Drama,,2001
1587,Comedy,Drama,,2001
1588,Drama,Romance,,2001
1589,Drama,,,2001
1590,Comedy,Drama,,2001
1591,Drama,,,2001
1592,Comedy,Crime,Drama,2001
1593,Drama,Romance,,2001
1594,Crime,Drama,Thriller,2001
1595,Action,Thriller,Crime,2001
1596,Comedy,,,2001
1597,Comedy,Romance,,2001
1598,Thriller,,,2001
1599,Comedy,,,2001
1600,Comedy,Drama,Musical,2001
1601,Comedy,Romance,,2001
1602,Drama,,,2001
1603,Comedy,,,2001
1604,Crime,Mystery,,2001
1605,Drama,,,2001
1606,Fantasy,,,2001
1607,Drama,,,2001
1608,Comedy,Thriller,,2001
1609,Drama,,,2001
1610,Drama,Comedy,,2001
1611,Crime,,,2001
1612,Family,,,2001
1613,Drama,Sci-Fi,,2001
1614,Animation,Drama,,2001
1615,Comedy,,,2001
1616,Drama,,,2001
1617,Adventure,Drama,,2001
1618,Comedy,Drama,,2001
1619,Comedy,Drama,,2001
1620,Comedy,,,2001
1621,Action,Comedy,,2001
1622,Horror,,,2001
1623,Action,Adventure,Comedy,2001
1624,Drama,Family,,2001
1625,Drama,,,2001
1626,Crime,Drama,Mystery,2001
1627,Thriller,,,2001
1628,Comedy,Drama,Thriller,2001
1629,Action,Drama,,2001
1630,Comedy,,,2001
1631,Comedy,,,2001
1632,Comedy,Crime,Drama,2001
1633,Drama,,,2001
1634,Drama,,,2001
1635,Comedy,,,2001
1636,Drama,,,2001
1637,Drama,,,2001
1638,Adventure,Animation,,2001
1639,Family,,,2001
1640,Crime,,,2001
1641,Comedy,,,2001
1642,Animation,Action,Comedy,2001
1643,Family,,,2001
1644,Action,Comedy,Drama,2001
1645,Drama,,,2001
1646,Comedy,Romance,,2001
1647,Drama,Romance,Thriller,2001
1648,Comedy,Drama,,2001
1649,Drama,Romance,,2001
1650,Drama,,,2001
1651,Action,,,2001
1652,Comedy,,,2001
1653,Drama,,,2001
1654,Comedy,,,2001
1655,Drama,Romance,Comedy,2001
1656,Drama,,,2001
1657,Action,Musical,Romance,2001
1658,Comedy,Musical,,2001
1659,Drama,Thriller,,2001
1660,Comedy,Drama,,2001
1661,Drama,Thriller,,2001
1662,Romance,,,2001
1663,Drama,,,2001
1664,Fantasy,,,2001
1665,Action,Drama,,2001
1666,Comedy,Drama,,2001
1667,Drama,,,2001
1668,Drama,,,2001
1669,Comedy,Drama,Romance,2001
1670,Romance,,,2001
1671,Action,Thriller,,2001
1672,Action,,,2001
1673,Drama,,,2001
1674,Drama,,,2001
1675,Crime,Drama,,2001
1676,Drama,Thriller,,2001
1677,Sci-Fi,Family,Fantasy,2001
1678,Action,Comedy,Drama,2001
1679,Drama,Romance,,2001
1680,Adventure,Drama,,2001
1681,Drama,,,2001
1682,Drama,,,2001
1683,Comedy,Drama,,2001
1684,Romance,,,2001
1685,Drama,,,2001
1686,Action,Drama,Thriller,2001
1687,Biography,,,2001
1688,Comedy,Drama,Romance,2001
1689,Animation,Family,,2001
1690,Comedy,,,2001
1691,Comedy,Drama,Sci-Fi,2001
1692,Comedy,,,2001
1693,Drama,,,2001
1694,Drama,,,2001
1695,Comedy,,,2001
1696,Comedy,,,2001
1697,Thriller,,,2001
1698,Drama,,,2001
1699,Drama,,,2001
1700,Comedy,Drama,,2001
1701,Comedy,Drama,Romance,2001
1702,Romance,,,2001
1703,Comedy,Drama,Romance,2001
1704,Comedy,Drama,Romance,2001
1705,Drama,War,,2001
1706,Comedy,,,2001
1707,Drama,War,,2001
1708,Drama,Family,,2001
1709,Animation,Comedy,Family,2001
1710,Comedy,,,2001
1711,Comedy,Drama,,2001
1712,Crime,Drama,,2001
1713,Drama,,,2001
1714,Drama,Romance,,2001
1715,Drama,,,2001
1716,Drama,,,2001
1717,Drama,Comedy,,2001
1718,Crime,Horror,Mystery,2001
1719,Horror,,,2001
1720,Sci-Fi,Thriller,,2001
1721,Fantasy,,,2001
1722,Drama,,,2001
1723,Drama,,,2001
1724,Comedy,Romance,,2001
1725,Crime,Drama,Thriller,2001
1726,Comedy,Drama,,2001
1727,Comedy,,,2001
1728,Comedy,Romance,,2001
1729,Drama,Fantasy,Mystery,2001
1730,Drama,,,2001
1731,Sci-Fi,,,2001
1732,Comedy,,,2001
1733,Adventure,Action,Comedy,2001
1734,Action,Drama,,2001
1735,Horror,Thriller,Comedy,2001
1736,Comedy,,,2001
1737,Crime,,,2001
1738,Drama,,,2001
1739,Action,Crime,Thriller,2001
1740,Romance,,,2001
1741,Comedy,Romance,,2001
1742,Fantasy,History,,2001
1743,Comedy,Drama,,2001
1744,Drama,History,,2001
1745,Comedy,,,2001
1746,Comedy,Romance,,2001
1747,Thriller,,,2001
1748,Comedy,Romance,,2001
1749,Drama,Adventure,Crime,2001
1750,Thriller,,,2001
1751,Drama,,,2001
1752,Drama,,,2001
1753,Drama,,,2001
1754,Drama,,,2001
1755,Horror,,,2001
1756,Drama,,,2001
1757,Action,,,2001
1758,Drama,,,2001
1759,Crime,Drama,,2001
1760,Sci-Fi,,,2001
1761,Drama,,,2001
1762,Drama,Family,,2001
1763,Drama,Crime,Action,2001
1764,Romance,,,2001
1765,Horror,,,2001
1766,Drama,,,2001
1767,Comedy,Drama,,2001
1768,Animation,Sci-Fi,,2001
1769,Romance,,,2001
1770,Comedy,,,2001
1771,Comedy,Drama,Romance,2001
1772,Drama,,,2001
1773,Family,,,2001
1774,Drama,Action,Romance,2001
1775,Drama,,,2001
1776,Comedy,,,2001
1777,Animation,Horror,Sci-Fi,2001
1778,Action,,,2001
1779,Drama,,,2001
1780,Drama,,,2001
1781,Drama,,,2001
1782,Drama,Romance,Thriller,2001
1783,Comedy,,,2001
1784,Comedy,Drama,Family,2001
1785,Drama,,,2001
1786,Romance,,,2001
1787,Action,,,2001
1788,Horror,Mystery,Sci-Fi,2001
1789,Action,Drama,War,2001
1790,Action,Drama,Thriller,2001
1791,Drama,,,2001
1792,Comedy,Drama,Family,2001
1793,Drama,Mystery,Thriller,2001
1794,Drama,,,2001
1795,Drama,,,2001
1796,Romance,,,2001
1797,Comedy,Drama,,2001
1798,Drama,,,2001
1799,Drama,,,2001
1800,Drama,,,2001
1801,Action,Adventure,,2001
1802,Drama,,,2001
1803,Animation,Family,,2001
1804,Comedy,,,2001
1805,Action,,,2001
1806,Drama,Music,,2001
1807,Action,Crime,Thriller,2001
1808,Drama,Romance,,2001
1809,Drama,Family,Musical,2001
1810,Comedy,,,2001
1811,Comedy,Drama,,2001
1812,Adventure,Family,Fantasy,2001
1813,Drama,,,2001
1814,Comedy,,,2001
1815,Comedy,Romance,,2001
1816,Drama,,,2001
1817,Drama,Mystery,Sci-Fi,2001
1818,Drama,Horror,Romance,2001
1819,Action,,,2001
1820,Comedy,Drama,,2001
1821,Drama,Family,,2001
1822,Drama,,,2001
1823,Drama,Adventure,Romance,2001
1824,Drama,Musical,,2001
1825,Romance,,,2001
1826,Comedy,Romance,,2001
1827,Drama,,,2001
1828,Drama,,,2001
1829,Drama,,,2001
1830,Drama,,,2001
1831,Drama,,,2001
1832,Comedy,,,2001
1833,Drama,,,2001
1834,Comedy,Crime,,2001
1835,Comedy,,,2001
1836,Drama,,,2001
1837,Drama,History,,2001
1838,Drama,,,2001
1839,Drama,Romance,,2001
1840,Drama,,,2001
1841,Biography,Drama,,2001
1842,Comedy,Drama,,2001
1843,Drama,,,2001
1844,Drama,Romance,,2001
1845,Action,,,2001
1846,Family,,,2001
1847,Action,,,2001
1848,Drama,Mystery,,2001
1849,Romance,,,2001
1850,Thriller,,,2001
1851,Crime,Sci-Fi,Comedy,2001
1852,Comedy,,,2001
1853,Comedy,Romance,,2001
1854,Action,Drama,Family,2001
1855,Drama,,,2001
1856,Action,Comedy,,2001
1857,Drama,,,2001
1858,Romance,,,2001
1859,Drama,Fantasy,Sci-Fi,2001
1860,Comedy,,,2001
1861,Action,Adventure,,2001
1862,Crime,,,2001
1863,Musical,Comedy,,2001
1864,Romance,,,2001
1865,Action,Crime,,2001
1866,Sci-Fi,,,2001
1867,Comedy,Romance,,2001
1868,Drama,,,2001
1869,Drama,,,2001
1870,Drama,,,2001
1871,Action,Drama,,2001
1872,Drama,,,2001
1873,Comedy,,,2001
1874,Fantasy,,,2001
1875,Action,Thriller,,2001
1876,Comedy,,,2001
1877,Romance,,,2001
1878,Drama,,,2001
1879,Thriller,,,2001
1880,Comedy,Drama,Romance,2001
1881,Action,Crime,Drama,2001
1882,Romance,,,2001
1883,Drama,Romance,,2001
1884,Horror,,,2001
1885,Drama,,,2001
1886,Action,Adventure,Comedy,2001
1887,Drama,Romance,,2001
1888,Drama,,,2001
1889,Drama,Romance,,2001
1890,Drama,,,2001
1891,Drama,,,2001
1892,Drama,Comedy,,2001
1893,Comedy,Horror,Thriller,2001
1894,Drama,,,2001
1895,Drama,Romance,Sport,2001
1896,Fantasy,,,2001
1897,Crime,,,2001
1898,Comedy,Drama,,2001
1899,Drama,,,2001
1900,Comedy,Romance,,2001
1901,Drama,,,2001
1902,Comedy,Romance,,2001
1903,Drama,,,2001
1904,Drama,,,2001
1905,Comedy,,,2001
1906,Drama,,,2001
1907,Action,Crime,Drama,2001
1908,Comedy,,,2001
1909,Action,Horror,Thriller,2001
1910,Comedy,Fantasy,Romance,2001
1911,Drama,Comedy,,2001
1912,Action,Crime,Drama,2001
1913,Comedy,Crime,,2001
1914,Romance,,,2001
1915,Drama,,,2001
1916,Action,Fantasy,Romance,2001
1917,Action,Thriller,,2001
1918,Drama,,,2001
1919,Drama,,,2001
1920,Drama,,,2001
1921,Crime,Thriller,,2001
1922,Comedy,Sport,,2001
1923,Drama,,,2001
1924,Comedy,,,2001
1925,Action,Adventure,Crime,2001
1926,Comedy,,,2001
1927,Comedy,,,2001
1928,Comedy,Romance,,2001
1929,Comedy,,,2001
1930,Action,,,2001
1931,Action,,,2001
1932,Drama,Thriller,,2001
1933,Drama,,,2001
1934,Romance,,,2001
1935,Animation,,,2001
1936,Horror,,,2001
1937,Action,Crime,Drama,2001
1938,Romance,,,2001
1939,Romance,,,2001
1940,Comedy,,,2001
1941,Thriller,,,2001
1942,Action,,,2001
1943,Comedy,Sci-Fi,,2001
1944,Musical,Drama,Comedy,2001
1945,Action,Drama,,2001
1946,Crime,Mystery,,2001
1947,Drama,Romance,,2001
1948,Action,,,2001
1949,Adventure,,,2001
1950,Romance,,,2001
1951,Drama,,,2001
1952,Comedy,Musical,,2001
1953,Crime,Drama,,2001
1954,Action,Crime,Drama,2001
1955,Comedy,,,2001
1956,Romance,,,2001
1957,Comedy,Drama,,2001
1958,Comedy,Drama,,2001
1959,Drama,,,2001
1960,Action,Drama,,2001
1961,Drama,,,2001
1962,Drama,Family,,2001
1963,Drama,,,2001
1964,Comedy,Drama,,2001
1965,Action,Crime,Drama,2001
1966,Drama,,,2001
1967,Action,Drama,Fantasy,2001
1968,Drama,Romance,,2001
1969,Drama,,,2001
1970,Adventure,Family,Fantasy,2001
1971,Comedy,Fantasy,Romance,2001
1972,Horror,,,2001
1973,Crime,Thriller,,2001
1974,Comedy,Drama,,2001
1975,Action,Drama,History,2001
1976,Comedy,Romance,,2001
1977,Drama,,,2001
1978,Drama,Romance,,2001
1979,Comedy,Horror,Thriller,2001
1980,Drama,,,2001
1981,Drama,,,2001
1982,Drama,,,2001
1983,Drama,,,2001
1984,Drama,,,2001
1985,Comedy,Drama,,2001
1986,Comedy,Crime,,2001
1987,Comedy,Horror,Mystery,2001
1988,Comedy,Drama,Music,2001
1989,Action,,,2001
1990,Horror,,,2001
1991,Drama,,,2001
1992,Action,Family,Sci-Fi,2001
1993,Comedy,Romance,,2001
1994,Comedy,Fantasy,,2001
1995,Mystery,Thriller,,2001
1996,Drama,,,2001
1997,Drama,Romance,,2001
1998,Comedy,Drama,,2001
1999,Drama,,,2001
2000,Comedy,,,2001
2001,Family,,,2001
2002,Action,,,2001
2003,Action,,,2001
2004,Drama,Romance,Comedy,2001
2005,Comedy,Drama,,2001
2006,Drama,,,2001
2007,Comedy,,,2001
2008,Drama,,,2001
2009,Horror,,,2001
2010,Comedy,,,2001
2011,Biography,Comedy,Drama,2001
2012,Comedy,,,2001
2013,Comedy,,,2001
2014,Drama,,,2001
2015,Drama,,,2001
2016,Drama,Thriller,,2001
2017,Thriller,,,2001
2018,Comedy,,,2001
2019,Action,,,2001
2020,Fantasy,,,2001
2021,Romance,,,2001
2022,Drama,,,2001
2023,Drama,,,2001
2024,Drama,Family,Comedy,2001
2025,Comedy,,,2001
2026,Thriller,,,2001
2027,Comedy,,,2001
2028,Drama,,,2001
2029,Action,Drama,,2001
2030,Comedy,,,2001
2031,Comedy,Romance,,2001
2032,Crime,Drama,,2001
2033,Drama,Mystery,,2001
2034,Horror,,,2001
2035,Drama,Mystery,,2001
2036,Action,Comedy,,2001
2037,Drama,,,2001
2038,Romance,,,2001
2039,Thriller,,,2001
2040,Fantasy,Mystery,,2001
2041,Crime,Drama,Thriller,2001
2042,Comedy,,,2001
2043,Drama,,,2001
2044,Comedy,,,2001
2045,Drama,,,2001
2046,Comedy,Fantasy,,2001
2047,Comedy,Romance,,2001
2048,Action,Drama,Romance,2001
2049,Drama,Crime,,2001
2050,Comedy,Romance,,2001
2051,Drama,,,2001
2052,Drama,,,2001
2053,Drama,,,2001
2054,Adventure,Comedy,,2001
2055,Drama,,,2001
2056,Comedy,,,2001
2057,Drama,Romance,,2001
2058,Comedy,Crime,Romance,2001
2059,Drama,,,2001
2060,Drama,,,2001
2061,Action,Drama,Sport,2001
2062,Action,,,2001
2063,Romance,,,2001
2064,Drama,,,2001
2065,Comedy,Drama,,2001
2066,Drama,,,2001
2067,Action,Crime,Drama,2001
2068,Comedy,,,2001
2069,Comedy,Romance,,2001
2070,Crime,,,2001
2071,Action,Drama,,2001
2072,Drama,,,2001
2073,Drama,,,2001
2074,Comedy,Drama,,2001
2075,Drama,Romance,Comedy,2001
2076,Drama,,,2001
2077,Drama,,,2001
2078,Thriller,,,2001
2079,Drama,Romance,,2001
2080,Comedy,,,2001
2081,Drama,Comedy,,2001
2082,Drama,,,2001
2083,Comedy,Romance,,2001
2084,Drama,Action,Romance,2001
2085,Drama,,,2001
2086,Romance,,,2001
2087,Comedy,,,2001
2088,Romance,,,2001
2089,Action,,,2001
2090,Drama,,,2001
2091,Comedy,Drama,,2001
2092,Drama,Thriller,,2001
2093,Drama,,,2001
2094,Drama,,,2001
2095,Crime,Drama,,2001
2096,Drama,,,2001
2097,Action,,,2001
2098,Action,,,2001
2099,Action,Crime,Romance,2001
2100,Action,Crime,Drama,2001
2101,Action,,,2001
2102,Drama,,,2001
2103,Drama,,,2001
2104,Thriller,,,2001
2105,Drama,Thriller,,2001
2106,Drama,,,2001
2107,Drama,,,2001
2108,Action,,,2001
2109,Drama,Romance,,2001
2110,Thriller,,,2001
2111,Comedy,Drama,,2001
2112,Sci-Fi,Drama,,2001
2113,Drama,,,2001
2114,Drama,,,2001
2115,Drama,Music,,2001
2116,Drama,,,2001
2117,Family,Drama,,2001
2118,Adventure,Comedy,Romance,2001
2119,Romance,,,2001
2120,Comedy,,,2001
2121,Drama,,,2001
2122,Drama,Family,,2001
2123,Romance,,,2001
2124,Comedy,Romance,,2001
2125,Drama,Thriller,,2001
2126,Action,Crime,Thriller,2001
2127,Comedy,,,2001
2128,Comedy,Romance,,2001
2129,Drama,,,2001
2130,Family,Comedy,Crime,2001
2131,Comedy,Romance,,2001
2132,Drama,,,2001
2133,Drama,Romance,,2001
2134,Comedy,Romance,,2001
2135,Drama,,,2001
2136,Comedy,,,2001
2137,Drama,,,2001
2138,Drama,,,2001
2139,Comedy,,,2001
2140,Comedy,Drama,Romance,2001
2141,Comedy,Drama,Romance,2001
2142,Comedy,Drama,,2001
2143,Horror,,,2001
2144,Drama,,,2001
2145,Thriller,,,2001
2146,Comedy,Romance,,2001
2147,Crime,Mystery,,2001
2148,Comedy,,,2001
2149,Crime,,,2001
2150,Music,,,2001
2151,Drama,,,2001
2152,Drama,,,2001
2153,Drama,,,2001
2154,Comedy,,,2001
2155,Comedy,Fantasy,,2001
2156,Drama,,,2001
2157,Animation,,,2001
2158,Drama,,,2001
2159,Action,Comedy,,2001
2160,Horror,Thriller,,2001
2161,Comedy,,,2001
2162,Drama,Romance,,2001
2163,Drama,War,,2001
2164,Drama,Crime,,2001
2165,Thriller,,,2001
2166,Horror,,,2001
2167,Drama,,,2001
2168,Drama,,,2001
2169,Horror,Thriller,,2001
2170,Romance,,,2001
2171,Drama,,,2001
2172,Crime,Drama,War,2001
2173,Comedy,,,2001
2174,Drama,,,2001
2175,Drama,,,2001
2176,Comedy,,,2001
2177,Drama,,,2001
2178,Drama,,,2001
2179,Drama,Adventure,,2001
2180,Comedy,,,2001
2181,Comedy,Crime,,2001
2182,Mystery,Thriller,Horror,2001
2183,Action,,,2001
2184,Romance,,,2001
2185,Comedy,Romance,,2001
2186,Romance,,,2001
2187,Drama,,,2001
2188,Comedy,Drama,,2001
2189,Animation,,,2001
2190,Comedy,,,2001
2191,Comedy,Romance,,2001
2192,Action,,,2001
2193,Action,,,2001
2194,Drama,,,2001
2195,Thriller,,,2001
2196,Comedy,Drama,,2001
2197,Comedy,,,2001
2198,Comedy,Drama,Romance,2001
2199,Drama,Horror,Mystery,2001
2200,Drama,History,Romance,2001
2201,Family,,,2001
2202,Comedy,Romance,Sport,2001
2203,Action,Comedy,,2001
2204,Drama,,,2001
2205,Comedy,,,2001
2206,Horror,,,2001
2207,Drama,,,2001
2208,Drama,,,2001
2209,Comedy,Drama,,2001
2210,Comedy,,,2001
2211,Action,,,2001
2212,Music,Romance,,2001
2213,Horror,,,2001
2214,Thriller,,,2001
2215,Drama,Family,Comedy,2001
2216,Action,Thriller,,2001
2217,Action,,,2001
2218,Horror,,,2001
2219,Drama,,,2001
2220,Comedy,,,2001
2221,Action,,,2001
2222,Comedy,,,2001
2223,Adventure,Comedy,,2001
2224,Romance,,,2001
2225,Drama,,,2001
2226,Thriller,,,2001
2227,Comedy,,,2001
2228,Drama,,,2001
2229,Comedy,Sci-Fi,,2001
2230,Action,,,2001
2231,Drama,,,2001
2232,Drama,,,2001
2233,Comedy,Romance,,2001
2234,Drama,,,2001
2235,Horror,,,2001
2236,Animation,,,2001
2237,Drama,,,2001
2238,Comedy,,,2001
2239,Horror,,,2001
2240,Action,,,2001
2241,Drama,,,2001
2242,Crime,,,2001
2243,Crime,Mystery,Thriller,2001
2244,Drama,,,2001
2245,Comedy,Drama,Music,2001
2246,Drama,,,2001
2247,Comedy,Fantasy,Drama,2001
2248,Drama,,,2001
2249,Comedy,Mystery,Romance,2001
2250,Drama,,,2001
2251,Drama,,,2001
2252,Comedy,,,2001
2253,Drama,,,2001
2254,Drama,,,2001
2255,Action,,,2001
2256,Horror,Thriller,,2001
2257,Action,,,2001
2258,Action,Drama,,2001
2259,Drama,,,2001
2260,Drama,Romance,,2001
2261,Comedy,Drama,,2001
2262,Drama,,,2001
2263,Horror,,,2001
2264,Horror,,,2001
2265,Drama,,,2001
2266,Comedy,Romance,,2001
2267,Comedy,Romance,Crime,2001
2268,Drama,,,2001
2269,Drama,,,2001
2270,Drama,Comedy,,2001
2271,Drama,,,2001
2272,Crime,Thriller,,2001
2273,Action,,,2001
2274,Drama,,,2001
2275,Drama,,,2001
2276,Drama,,,2001
2277,Crime,Drama,,2001
2278,Action,Crime,Drama,2001
2279,Drama,Thriller,,2001
2280,Drama,,,2001
2281,Drama,,,2001
2282,Adventure,,,2001
2283,Drama,,,2001
2284,Action,,,2001
2285,Drama,,,2001
2286,Comedy,Drama,,2001
2287,Crime,Horror,Mystery,2001
2288,Drama,,,2001
2289,Action,Crime,Drama,2001
2290,Action,,,2001
2291,Drama,Comedy,,2001
2292,Comedy,Drama,,2001
2293,Drama,War,,2001
2294,Horror,,,2001
2295,Family,Comedy,Drama,2001
2296,Animation,Action,Drama,2001
2297,Drama,Adventure,Comedy,2001
2298,Drama,,,2001
2299,Drama,Thriller,,2001
2300,Horror,,,2001
2301,Drama,,,2001
2302,Drama,,,2001
2303,Drama,,,2001
2304,Music,,,2001
2305,Action,,,2001
2306,Horror,,,2001
2307,Action,Adventure,Crime,2001
2308,Drama,,,2001
2309,Animation,Family,,2001
2310,Crime,Drama,,2001
2311,Drama,,,2001
2312,Comedy,Drama,Fantasy,2001
2313,Comedy,,,2001
2314,Drama,,,2001
2315,Comedy,,,2001
2316,Comedy,,,2001
2317,Comedy,,,2001
2318,Drama,,,2001
2319,Drama,,,2001
2320,Drama,,,2001
2321,Comedy,Drama,Romance,2001
2322,Drama,,,2001
2323,Action,,,2001
2324,Crime,,,2001
2325,Comedy,,,2001
2326,Drama,,,2001
2327,Action,,,2001
2328,Drama,,,2001
2329,Comedy,Drama,,2001
2330,Action,Drama,,2001
2331,Music,,,2001
2332,Thriller,,,2001
2333,Drama,History,,2001
2334,Animation,Sci-Fi,,2001
2335,Drama,,,2001
2336,Drama,Horror,Romance,2001
2337,Comedy,,,2001
2338,Thriller,,,2001
2339,Drama,Thriller,War,2001
2340,Drama,,,2001
2341,Romance,,,2001
2342,Action,,,2001
2343,Action,Drama,,2001
2344,Animation,,,2001
2345,Romance,,,2001
2346,Horror,,,2001
2347,Drama,,,2001
2348,Drama,,,2001
2349,Comedy,,,2001
2350,Action,,,2001
2351,Drama,,,2001
2352,Crime,,,2001
2353,Action,Comedy,Fantasy,2001
2354,Drama,,,2001
2355,War,,,2001
2356,Romance,,,2001
2357,Comedy,,,2001
2358,Family,,,2001
2359,Drama,,,2001
2360,Thriller,,,2001
2361,Drama,,,2001
2362,Action,,,2001
2363,Comedy,,,2001
2364,Comedy,,,2001
2365,Drama,,,2001
2366,Musical,Romance,,2001
2367,Drama,,,2001
2368,Drama,,,2001
2369,Drama,,,2001
2370,Horror,Thriller,,2001
2371,Drama,Crime,,2001
2372,Thriller,,,2001
2373,Action,,,2001
2374,Drama,Romance,,2001
2375,Drama,,,2001
2376,Comedy,Horror,,2001
2377,Drama,,,2001
2378,Action,Drama,,2001
2379,Action,Thriller,,2001
2380,Thriller,,,2001
2381,Drama,,,2001
2382,Drama,,,2001
2383,Drama,,,2001
2384,Drama,,,2001
2385,Action,Crime,Drama,2001
2386,Crime,,,2001
2387,Drama,,,2001
2388,Fantasy,Romance,Thriller,2001
2389,Horror,Thriller,,2001
2390,Comedy,Drama,,2001
2391,Drama,,,2001
2392,Action,Drama,,2001
2393,Comedy,Crime,,2001
2394,Drama,Family,,2001
2395,Horror,,,2001
2396,Drama,,,2001
2397,Action,Drama,War,2001
2398,Drama,,,2001
2399,Comedy,Drama,,2001
2400,Comedy,Drama,,2001
2401,Romance,,,2001
2402,Animation,Drama,Comedy,2001
2403,Drama,,,2001
2404,Horror,,,2001
2405,Action,,,2001
2406,Drama,,,2001
2407,Action,,,2001
2408,Romance,Sport,,2001
2409,Comedy,Drama,,2001
2410,Comedy,Drama,,2001
2411,Crime,Drama,Romance,2001
2412,Horror,,,2001
2413,Drama,Musical,Romance,2001
2414,Drama,Romance,,2001
2415,Drama,,,2001
2416,Drama,,,2001
2417,Crime,Drama,,2001
2418,Horror,,,2001
2419,Biography,,,2001
2420,Drama,,,2001
2421,Comedy,,,2001
2422,Drama,,,2001
2423,Drama,,,2001
2424,Drama,Thriller,,2001
2425,Comedy,,,2001
2426,Drama,,,2001
2427,Thriller,,,2001
2428,Thriller,,,2001
2429,Drama,,,2001
2430,War,,,2001
2431,Drama,,,2001
2432,Drama,,,2001
2433,Drama,,,2001
2434,Action,Crime,Thriller,2001
2435,Comedy,Action,,2001
2436,Comedy,Romance,,2001
2437,Thriller,,,2001
2438,Family,Drama,Comedy,2001
2439,Adventure,Crime,,2001
2440,Comedy,Fantasy,,2001
2441,Fantasy,,,2001
2442,Drama,Mystery,Thriller,2001
2443,Comedy,Drama,,2001
2444,Action,,,2001
2445,Action,,,2001
2446,Drama,,,2001
2447,Drama,,,2001
2448,Comedy,Drama,,2001
2449,Comedy,,,2001
2450,Drama,,,2001
2451,Action,,,2001
2452,Horror,,,2001
2453,Comedy,Crime,,2001
2454,Action,Drama,,2001
2455,Action,Drama,,2001
2456,Horror,,,2001
2457,Action,,,2001
2458,Action,,,2001
2459,Adventure,Family,,2001
2460,Action,,,2001
2461,Comedy,Drama,,2001
2462,Animation,,,2001
2463,Comedy,,,2001
2464,Comedy,,,2001
2465,Horror,,,2001
2466,Comedy,Drama,,2001
2467,Thriller,,,2001
2468,Sci-Fi,,,2001
2469,Action,,,2001
2470,Drama,,,2001
2471,Drama,,,2001
2472,Thriller,,,2001
2473,Drama,Family,Comedy,2001
2474,Musical,Drama,Romance,2001
2475,Action,Thriller,,2001
2476,Action,Adventure,Sci-Fi,2001
2477,Drama,Horror,Mystery,2001
2478,Action,,,2001
2479,Comedy,War,Drama,2001
2480,Fantasy,,,2001
2481,Adventure,Comedy,Drama,2001
2482,Crime,Thriller,,2001
2483,Drama,,,2001
2484,Drama,,,2001
2485,Drama,,,2001
2486,Comedy,Romance,,2001
2487,Comedy,,,2001
2488,Drama,Comedy,Action,2001
2489,Drama,Romance,,2001
2490,Romance,,,2001
2491,Action,,,2001
2492,Drama,,,2001
2493,Horror,,,2001
2494,Horror,,,2001
2495,Drama,Thriller,,2001
2496,Adventure,Comedy,Thriller,2001
2497,Fantasy,,,2001
2498,Horror,,,2001
2499,Comedy,,,2001
2500,Thriller,,,2001
2501,Drama,,,2001
2502,Drama,,,2001
2503,Drama,,,2001
2504,Action,Crime,Drama,2001
2505,Sci-Fi,,,2001
2506,Comedy,,,2001
2507,Drama,,,2001
2508,Drama,,,2001
2509,Drama,,,2001
2510,Action,Adventure,Crime,2001
2511,Action,Drama,Romance,2001
2512,Comedy,Drama,,2001
2513,Drama,,,2001
2514,Drama,,,2001
2515,Adventure,Drama,Thriller,2001
2516,Drama,Mystery,Thriller,2001
2517,Drama,Horror,,2001
2518,Drama,,,2001
2519,Drama,,,2001
2520,Drama,,,2001
2521,Crime,Drama,,2001
2522,Comedy,,,2001
2523,Drama,Fantasy,Horror,2001
2524,Drama,,,2001
2525,Drama,Comedy,Romance,2001
2526,Action,Crime,Drama,2001
2527,Comedy,Sci-Fi,,2001
2528,Comedy,Family,,2001
2529,Comedy,Drama,,2001
2530,Drama,,,2001
2531,Western,,,2001
2532,Drama,,,2001
2533,Action,,,2001
2534,Action,,,2001
2535,Drama,,,2001
2536,Music,,,2001
2537,Drama,,,2001
2538,Comedy,Drama,,2001
2539,Horror,,,2001
2540,Drama,,,2001
2541,Comedy,Horror,,2001
2542,Drama,,,2001
2543,Animation,,,2001
2544,Drama,Horror,Thriller,2001
2545,Horror,,,2001
2546,Drama,,,2001
2547,Comedy,Romance,,2001
2548,Drama,Family,Animation,2001
2549,Comedy,,,2001
2550,Comedy,Drama,,2001
2551,Horror,,,2001
2552,Drama,,,2001
2553,Drama,,,2001
2554,Comedy,,,2001
2555,Action,Comedy,Crime,2001
2556,Drama,,,2001
2557,Drama,,,2001
2558,Action,,,2001
2559,Horror,,,2001
2560,Comedy,,,2001
2561,Comedy,,,2001
2562,Drama,,,2001
2563,Adventure,Comedy,Family,2001
2564,Comedy,,,2001
2565,Drama,Romance,,2001
2566,Comedy,,,2001
2567,Drama,,,2001
2568,Fantasy,,,2001
2569,Action,,,2001
2570,Family,Comedy,,2001
2571,Comedy,,,2001
2572,Action,Comedy,Drama,2001
2573,Drama,,,2001
2574,Comedy,,,2001
2575,Comedy,,,2001
2576,Action,,,2001
2577,Comedy,,,2001
2578,Thriller,,,2001
2579,Comedy,Drama,,2001
2580,Horror,,,2001
2581,Drama,,,2001
2582,Drama,,,2001
2583,Action,,,2001
2584,Drama,,,2001
2585,Drama,,,2001
2586,Action,,,2001
2587,Comedy,,,2001
2588,Drama,,,2001
2589,Thriller,,,2001
2590,Family,,,2001
2591,Comedy,Crime,Adventure,2001
2592,Horror,,,2001
2593,Sci-Fi,,,2001
2594,Romance,,,2001
2595,Comedy,Drama,,2001
2596,Horror,,,2001
2597,Romance,,,2001
2598,Drama,,,2001
2599,Drama,,,2001
2600,Action,Comedy,Drama,2001
2601,Drama,,,2001
2602,Crime,,,2001
2603,Romance,,,2001
2604,Comedy,,,2001
2605,Drama,,,2001
2606,Romance,,,2001
2607,Drama,,,2001
2608,Drama,,,2001
2609,Biography,War,,2001
2610,Comedy,,,2001
2611,Crime,Drama,Thriller,2001
2612,Action,,,2001
2613,Horror,,,2001
2614,Romance,Crime,Drama,2001
2615,Comedy,Drama,,2001
2616,Action,,,2001
2617,Comedy,Romance,,2001
2618,Drama,Comedy,,2001
2619,Biography,Comedy,Drama,2001
2620,Comedy,,,2001
2621,Comedy,,,2001
2622,Action,,,2001
2623,Comedy,Horror,,2001
2624,Comedy,,,2001
2625,Action,,,2001
2626,Action,,,2001
2627,Drama,,,2001
2628,Comedy,Crime,Drama,2001
2629,Adventure,Comedy,Fantasy,2001
2630,Comedy,,,2001
2631,Comedy,Romance,,2001
2632,Thriller,,,2001
2633,Drama,,,2001
2634,Crime,,,2001
2635,Drama,,,2001
2636,Music,,,2001
2637,Drama,,,2001
2638,Drama,Sci-Fi,,2001
2639,Crime,Mystery,Thriller,2001
2640,Comedy,,,2001
2641,Drama,,,2001
2642,Drama,,,2001
2643,Adventure,Comedy,,2001
2644,Drama,,,2001
2645,Comedy,,,2001
2646,Animation,Family,,2001
2647,Drama,,,2001
2648,Drama,,,2001
2649,Crime,Thriller,,2001
2650,Action,Drama,History,2001
2651,Action,,,2001
2652,Comedy,,,2001
2653,Comedy,,,2001
2654,Drama,Horror,,2001
2655,Comedy,,,2001
2656,Action,Crime,,2001
2657,Action,,,2001
2658,Animation,,,2001
2659,Animation,Comedy,,2001
2660,Drama,,,2001
2661,Music,,,2001
2662,Comedy,Action,Mystery,2001
2663,Drama,,,2001
2664,Horror,Thriller,,2001
2665,Drama,,,2001
2666,Romance,,,2001
2667,Comedy,,,2001
2668,Crime,Drama,,2001
2669,Drama,,,2001
2670,Comedy,,,2001
2671,Biography,,,2001
2672,Drama,,,2001
2673,Crime,Thriller,,2001
2674,Comedy,,,2001
2675,Drama,,,2001
2676,Drama,,,2001
2677,Romance,War,,2001
2678,Drama,Sci-Fi,,2001
2679,Action,Adventure,Crime,2001
2680,Drama,Family,,2001
2681,Horror,,,2001
2682,Romance,,,2001
2683,Crime,,,2001
2684,Comedy,Drama,,2001
2685,Drama,,,2001
2686,Drama,,,2001
2687,Biography,,,2001
2688,Action,Sci-Fi,,2001
2689,Horror,Thriller,,2001
2690,Drama,Thriller,,2001
2691,Drama,War,,2001
2692,Action,Crime,Drama,2001
2693,Action,,,2001
2694,Comedy,,,2001
2695,Drama,,,2001
2696,Drama,,,2001
2697,Drama,,,2001
2698,Comedy,,,2001
2699,Horror,Thriller,,2001
2700,Adventure,Family,Comedy,2001
2701,Comedy,,,2001
2702,Crime,Drama,,2001
2703,Animation,,,2001
2704,Comedy,Drama,,2001
2705,Drama,,,2001
2706,Romance,,,2001
2707,Comedy,,,2001
2708,Horror,Romance,,2001
2709,Action,,,2001
2710,Drama,Romance,,2001
2711,Drama,,,2001
2712,Drama,,,2001
2713,Drama,,,2001
2714,Action,,,2001
2715,Family,,,2001
2716,Drama,Fantasy,,2001
2717,Thriller,,,2001
2718,Drama,Horror,Mystery,2001
2719,Drama,,,2001
2720,Comedy,,,2001
2721,Comedy,Romance,,2001
2722,Animation,,,2001
2723,Drama,,,2001
2724,Drama,,,2001
2725,Drama,,,2001
2726,Thriller,,,2001
2727,Romance,,,2001
2728,Horror,Sci-Fi,Thriller,2001
2729,Adventure,,,2001
2730,Thriller,,,2001
2731,Comedy,Family,Crime,2001
2732,Drama,,,2001
2733,Drama,,,2001
2734,Comedy,Drama,,2001
2735,Horror,,,2001
2736,Comedy,Drama,,2001
2737,Action,,,2001
2738,Horror,,,2001
2739,Drama,,,2001
2740,Drama,,,2001
2741,Drama,,,2001
2742,Action,,,2001
2743,Comedy,Drama,,2001
2744,Drama,,,2001
2745,Drama,,,2001
2746,Comedy,Drama,,2001
2747,Action,,,2001
2748,Thriller,,,2001
2749,Thriller,,,2001
2750,Drama,,,2001
2751,Thriller,,,2001
2752,Comedy,Horror,,2001
2753,Crime,Thriller,,2001
2754,Drama,Mystery,,2001
2755,Drama,Family,Crime,2001
2756,Musical,,,2001
2757,Comedy,,,2001
2758,Drama,Crime,,2001
2759,Drama,,,2001
2760,Drama,,,2001
2761,Action,,,2001
2762,Action,Comedy,,2001
2763,Drama,,,2001
2764,Comedy,,,2001
2765,Drama,,,2001
2766,Action,Drama,,2001
2767,Comedy,,,2001
2768,Sci-Fi,,,2001
2769,Comedy,,,2001
2770,Drama,,,2001
2771,Action,Adventure,Sci-Fi,2001
2772,Comedy,Horror,,2001
2773,Drama,,,2001
2774,Fantasy,Horror,Romance,2001
2775,Drama,,,2001
2776,Crime,,,2001
2777,Thriller,,,2001
2778,Thriller,,,2001
2779,Drama,,,2001
2780,Action,Adventure,,2001
2781,Action,,,2001
2782,Drama,,,2001
2783,Drama,,,2001
2784,Comedy,Family,Romance,2001
2785,Drama,,,2001
2786,Drama,,,2001
2787,Drama,,,2001
2788,Fantasy,,,2001
2789,Drama,,,2001
2790,Drama,,,2001
2791,Comedy,Drama,,2001
2792,Drama,,,2001
2793,Comedy,,,2001
2794,Sport,,,2001
2795,Musical,Comedy,Romance,2001
2796,Comedy,,,2001
2797,Comedy,,,2001
2798,Drama,,,2001
2799,Action,Thriller,,2001
2800,Comedy,,,2001
2801,Drama,Family,,2001
2802,Crime,Romance,,2001
2803,Comedy,,,2001
2804,Drama,Romance,,2001
2805,Comedy,,,2001
2806,Drama,,,2001
2807,Music,,,2001
2808,Action,Drama,,2001
2809,Drama,,,2001
2810,Comedy,,,2001
2811,Drama,Horror,Mystery,2001
2812,Action,Thriller,,2001
2813,Drama,,,2001
2814,Comedy,Drama,Fantasy,2001
2815,Drama,,,2001
2816,Drama,,,2001
2817,Drama,,,2001
2818,Comedy,Drama,,2001
2819,Thriller,,,2001
2820,Thriller,,,2001
2821,Drama,,,2001
2822,Drama,,,2001
2823,Drama,,,2001
2824,Horror,,,2001
2825,Family,,,2001
2826,Sci-Fi,,,2001
2827,Drama,History,,2001
2828,Drama,,,2001
2829,Comedy,,,2001
2830,Drama,,,2001
2831,Drama,,,2001
2832,Drama,,,2001
2833,Romance,,,2001
2834,Drama,Family,,2001
2835,Family,,,2001
2836,Family,,,2001
2837,Romance,,,2001
2838,Action,,,2001
2839,Comedy,,,2001
2840,Crime,Drama,,2001
2841,Drama,,,2001
2842,Action,Crime,Drama,2001
2843,Action,,,2001
2844,Crime,,,2001
2845,Drama,,,2001
2846,Action,,,2001
2847,Animation,,,2001
2848,Comedy,,,2001
2849,Drama,,,2001
2850,Crime,Mystery,Thriller,2001
2851,Drama,,,2001
2852,Drama,,,2001
2853,Drama,,,2001
2854,Comedy,,,2001
2855,Drama,,,2001
2856,Comedy,,,2001
2857,Comedy,Family,Romance,2001
2858,Drama,Mystery,Thriller,2001
2859,Drama,,,2001
2860,Comedy,,,2001
2861,Comedy,Horror,,2001
2862,Drama,,,2001
2863,Drama,Mystery,Romance,2001
2864,Action,,,2001
2865,Drama,,,2001
2866,Crime,Thriller,Comedy,2001
2867,Action,Drama,,2001
2868,Drama,,,2001
2869,Action,Comedy,Drama,2001
2870,Fantasy,,,2001
2871,Action,,,2001
2872,Drama,,,2001
2873,Drama,,,2001
2874,Drama,,,2001
2875,Horror,,,2001
2876,Comedy,Horror,,2001
2877,Romance,,,2001
2878,Drama,,,2001
2879,Drama,,,2001
2880,Comedy,,,2001
2881,Drama,,,2001
2882,Drama,,,2001
2883,Musical,Romance,,2001
2884,Action,,,2001
2885,Comedy,,,2001
2886,Drama,,,2001
2887,Comedy,,,2001
2888,Horror,,,2001
2889,Romance,,,2001
2890,Drama,,,2001
2891,Thriller,,,2001
2892,Drama,,,2001
2893,Drama,,,2001
2894,Drama,,,2001
2895,Drama,,,2001
2896,Drama,,,2001
2897,Romance,,,2001
2898,Mystery,Thriller,,2001
2899,Comedy,Drama,,2001
2900,Horror,,,2001
2901,Action,,,2001
2902,Drama,,,2001
2903,Drama,,,2001
2904,Drama,,,2001
2905,Comedy,,,2001
2906,Drama,,,2001
2907,Drama,,,2001
2908,Action,,,2001
2909,Comedy,,,2001
2910,Comedy,,,2001
2911,Drama,,,2001
2912,Drama,Comedy,,2001
2913,Drama,,,2001
2914,Drama,,,2001
2915,Drama,,,2001
2916,Thriller,,,2001
2917,Thriller,,,2001
2918,Drama,,,2001
2919,Thriller,,,2001
2920,Drama,,,2001
2921,Drama,Adventure,Thriller,2001
2922,Thriller,,,2001
2923,Drama,War,,2001
2924,Thriller,,,2001
2925,Action,Comedy,,2001
2926,Sci-Fi,,,2001
2927,Mystery,,,2001
2928,Crime,,,2001
2929,Crime,Mystery,Thriller,2001
2930,Thriller,,,2001
2931,Action,,,2001
2932,Comedy,,,2001
2933,Drama,,,2001
2934,Drama,,,2001
2935,Drama,Mystery,,2001
2936,Action,,,2001
2937,Drama,,,2001
2938,Drama,,,2001
2939,Comedy,,,2001
2940,Drama,,,2001
2941,Drama,,,2001
2942,Action,,,2001
2943,Adventure,Drama,,2001
2944,Drama,,,2001
2945,Comedy,,,2001
2946,Horror,,,2001
2947,Drama,,,2001
2948,Comedy,Drama,Fantasy,2001
2949,Music,,,2001
2950,Comedy,,,2001
2951,Romance,,,2001
2952,Drama,Comedy,Mystery,2001
2953,Romance,,,2001
2954,Drama,,,2001
2955,Musical,,,2001
2956,Romance,,,2001
2957,Comedy,Crime,,2001
2958,Comedy,,,2001
2959,Action,,,2001
2960,Drama,,,2001
2961,Comedy,Family,Action,2001
2962,Thriller,,,2001
2963,Action,,,2001
2964,Action,Drama,Family,2001
2965,Action,,,2001
2966,Action,,,2001
2967,Action,,,2001
2968,Drama,,,2001
2969,Drama,,,2001
2970,Thriller,,,2001
2971,Romance,,,2001
2972,Drama,,,2001
2973,Romance,,,2001
2974,Action,,,2001
2975,Music,,,2001
2976,Comedy,Romance,,2001
2977,Drama,,,2001
2978,Drama,,,2001
2979,Drama,,,2001
2980,Comedy,,,2001
2981,Drama,,,2001
2982,Fantasy,,,2001
2983,Drama,,,2001
2984,Drama,,,2001
2985,Drama,,,2001
2986,Drama,,,2001
2987,Drama,Fantasy,,2001
2988,Action,,,2001
2989,Fantasy,,,2001
2990,Action,Comedy,Sci-Fi,2001
2991,Drama,Romance,,2001
2992,Drama,,,2001
2993,Comedy,Thriller,,2001
2994,Comedy,Family,,2001
2995,Drama,,,2001
2996,Drama,,,2001
2997,Drama,,,2001
2998,Comedy,Family,,2001
2999,Drama,,,2001
3000,Drama,,,2001
3001,Action,Adventure,Comedy,2001
3002,Drama,,,2001
3003,Drama,,,2001
3004,Action,,,2001
3005,Drama,,,2001
3006,Drama,Romance,,2001
3007,Comedy,,,2001
3008,Crime,Drama,Romance,2001
3009,Drama,Music,,2001
3010,Comedy,,,2001
3011,Drama,Romance,,2001
3012,Action,Crime,Drama,2001
3013,Animation,Comedy,,2001
3014,Thriller,,,2001
3015,Action,Thriller,,2001
3016,Sci-Fi,,,2001
3017,Comedy,,,2001
3018,Drama,,,2001
3019,Drama,,,2001
3020,Action,,,2001
3021,Thriller,,,2001
3022,Comedy,,,2001
3023,Romance,,,2001
3024,Action,,,2001
3025,Action,Comedy,Horror,2001
3026,Horror,,,2001
3027,Action,,,2001
3028,Crime,Drama,Thriller,2001
3029,Drama,,,2001
3030,Comedy,Drama,Romance,2001
3031,Crime,,,2001
3032,Animation,,,2001
3033,Drama,,,2001
3034,Action,Thriller,,2001
3035,Drama,Mystery,Thriller,2001
3036,Comedy,,,2001
3037,Comedy,,,2001
3038,Thriller,,,2001
3039,War,,,2001
3040,Musical,,,2001
3041,Comedy,Drama,,2001
3042,Comedy,,,2001
3043,Drama,Romance,,2001
3044,Drama,,,2001
3045,Drama,,,2001
3046,Drama,,,2001
3047,Action,Adventure,Drama,2001
3048,Drama,Horror,Thriller,2001
3049,Drama,,,2001
3050,Drama,,,2001
3051,Drama,,,2001
3052,Sci-Fi,,,2001
3053,Crime,Horror,Thriller,2001
3054,Musical,Comedy,Drama,2001
3055,Drama,,,2001
3056,Biography,,,2001
3057,Drama,,,2001
3058,Comedy,Romance,,2001
3059,Action,,,2001
3060,Horror,,,2001
3061,Drama,,,2001
3062,Drama,,,2001
3063,Crime,,,2001
3064,Thriller,,,2001
3065,Thriller,,,2001
3066,Drama,,,2001
3067,Comedy,,,2001
3068,Biography,,,2001
3069,Thriller,,,2001
3070,Thriller,,,2001
3071,Action,Comedy,,2001
3072,Drama,,,2001
3073,Drama,,,2001
3074,Thriller,,,2001
3075,Drama,,,2001
3076,Crime,,,2001
3077,Romance,,,2001
3078,Thriller,,,2001
3079,Comedy,,,2001
3080,Adventure,Animation,Family,2001
3081,Adventure,,,2001
3082,Thriller,,,2001
3083,Crime,Drama,,2001
3084,Crime,Drama,Thriller,2001
3085,Comedy,,,2001
3086,Drama,,,2001
3087,Horror,,,2001
3088,Drama,Romance,,2001
3089,Action,,,2001
3090,Thriller,,,2001
3091,Comedy,,,2001
3092,Comedy,Horror,,2001
3093,Thriller,,,2001
3094,Drama,,,2001
3095,History,,,2001
3096,Comedy,,,2001
3097,Drama,,,2001
3098,Comedy,,,2001
3099,Action,Drama,Romance,2001
3100,Fantasy,,,2001
3101,Action,Crime,Comedy,2001
3102,Drama,Romance,,2001
3103,Drama,,,2001
3104,Drama,,,2001
3105,Action,,,2001
3106,Crime,,,2001
3107,Action,,,2001
3108,Romance,,,2001
3109,Action,Drama,Sport,2001
3110,Drama,,,2001
3111,Drama,,,2001
3112,Comedy,,,2001
3113,Fantasy,,,2001
3114,Comedy,Drama,,2001
3115,Comedy,Drama,,2001
3116,Drama,,,2001
3117,Comedy,Romance,,2001
3118,Comedy,,,2001
3119,Drama,,,2001
3120,Crime,,,2001
3121,Comedy,Drama,Romance,2001
3122,Comedy,,,2001
3123,Comedy,Romance,,2001
3124,Action,Horror,Mystery,2001
3125,Drama,Romance,,2001
3126,Drama,,,2001
3127,Drama,,,2001
3128,Drama,,,2001
3129,Fantasy,,,2001
3130,Adventure,Fantasy,Sci-Fi,2001
3131,Action,,,2001
3132,Romance,,,2001
3133,Comedy,Drama,,2001
3134,Thriller,,,2001
3135,Comedy,,,2001
3136,Comedy,Romance,,2001
3137,Thriller,,,2001
3138,Drama,,,2001
3139,Horror,,,2001
3140,Crime,Romance,Thriller,2001
3141,Drama,Romance,,2001
3142,Action,,,2001
3143,Drama,,,2001
3144,Comedy,,,2001
3145,Drama,,,2001
3146,Animation,Family,,2001
3147,Action,,,2001
3148,Adventure,Thriller,,2001
3149,Action,,,2001
3150,Animation,,,2001
3151,Drama,,,2001
3152,Drama,,,2001
3153,Drama,,,2001
3154,Comedy,,,2001
3155,Family,,,2001
3156,Drama,,,2001
3157,Drama,,,2001
3158,Comedy,,,2001
3159,Thriller,,,2001
3160,Comedy,,,2001
3161,Action,Crime,Drama,2001
3162,Comedy,Drama,,2001
3163,Comedy,,,2001
3164,Thriller,,,2001
3165,Drama,,,2001
3166,Musical,,,2001
3167,Comedy,,,2001
3168,Musical,,,2001
3169,Fantasy,Romance,,2001
3170,Drama,,,2001
3171,Drama,,,2001
3172,Action,,,2001
3173,Drama,,,2001
3174,Comedy,,,2001
3175,Fantasy,,,2001
3176,Comedy,,,2001
3177,Drama,,,2001
3178,Drama,,,2001
3179,Crime,Drama,,2001
3180,Animation,,,2001
3181,Comedy,,,2001
3182,Music,,,2001
3183,Sci-Fi,,,2001
3184,Comedy,,,2001
3185,Action,,,2001
3186,Action,,,2001
3187,Comedy,,,2001
3188,Biography,Fantasy,History,2001
3189,Drama,,,2001
3190,Horror,,,2001
3191,Action,,,2001
3192,Drama,,,2001
3193,Drama,Family,Musical,2001
3194,Drama,,,2001
3195,Action,Comedy,,2001
3196,Action,,,2001
3197,Action,Drama,,2001
3198,Comedy,,,2001
3199,Family,Drama,,2001
3200,Drama,Fantasy,,2001
3201,Thriller,,,2001
3202,Drama,Romance,,2001
3203,Comedy,,,2001
3204,Drama,Romance,,2001
3205,Drama,,,2001
3206,Drama,,,2001
3207,Crime,,,2001
3208,Drama,,,2001
3209,Action,,,2001
3210,Drama,,,2001
3211,Drama,,,2001
3212,Comedy,,,2001
3213,Drama,,,2001
3214,Comedy,,,2001
3215,Drama,,,2001
3216,Action,,,2001
3217,Drama,,,2001
3218,Comedy,,,2001
3219,Drama,War,,2001
3220,Drama,,,2001
3221,Drama,,,2001
3222,Comedy,,,2001
3223,Action,Crime,Drama,2001
3224,Drama,,,2001
3225,History,,,2001
3226,Comedy,Drama,,2001
3227,Drama,,,2001
3228,Drama,Fantasy,,2001
3229,Comedy,,,2001
3230,Action,,,2001
3231,Comedy,Romance,,2001
3232,Drama,,,2001
3233,Drama,,,2001
3234,Comedy,,,2001
3235,Drama,,,2001
3236,Family,,,2001
3237,Action,Musical,,2001
3238,Action,,,2001
3239,Thriller,,,2001
3240,Drama,,,2001
3241,Action,Drama,Thriller,2001
3242,Musical,,,2001
3243,Comedy,,,2001
3244,Crime,Drama,Mystery,2001
3245,Drama,,,2001
3246,Comedy,,,2001
3247,Comedy,,,2001
3248,Drama,,,2001
3249,Comedy,Horror,,2001
3250,Horror,,,2001
3251,Drama,,,2001
3252,Comedy,,,2001
3253,Drama,,,2001
3254,Mystery,,,2001
3255,Drama,Romance,,2001
3256,Action,,,2001
3257,Drama,,,2001
3258,Drama,,,2001
3259,Romance,,,2001
3260,Action,,,2001
3261,Drama,,,2001
3262,Drama,Thriller,,2001
3263,Drama,,,2001
3264,Drama,,,2001
3265,Drama,,,2001
3266,Drama,,,2001
3267,Action,Drama,,2001
3268,Drama,,,2001
3269,Music,,,2001
3270,Action,Drama,,2001
3271,Comedy,Horror,,2001
3272,Action,Crime,Romance,2001
3273,Drama,,,2001
3274,Drama,,,2001
3275,Comedy,,,2001
3276,Drama,,,2001
3277,Comedy,,,2001
3278,Romance,,,2001
3279,Comedy,,,2001
3280,Thriller,,,2001
3281,Drama,,,2001
3282,Action,War,,2001
3283,Drama,,,2001
3284,Drama,,,2001
3285,Drama,,,2001
3286,Comedy,,,2001
3287,Action,,,2001
3288,Comedy,,,2001
3289,Comedy,,,2001
3290,Drama,,,2001
3291,Action,Sci-Fi,,2001
3292,Drama,,,2001
3293,Drama,,,2001
3294,Drama,Horror,,2001
3295,Comedy,,,2001
3296,Horror,Thriller,,2001
3297,Comedy,,,2001
3298,Comedy,,,2001
3299,Biography,,,2001
3300,Comedy,,,2001
3301,Drama,,,2001
3302,Action,,,2001
3303,Drama,,,2001
3304,Drama,,,2001
3305,Drama,,,2001
3306,Drama,,,2001
3307,Action,Drama,Thriller,2001
3308,Action,Drama,Romance,2001
3309,Action,,,2001
3310,Comedy,,,2001
3311,Drama,,,2001
3312,Adventure,,,2001
3313,Drama,,,2001
3314,Comedy,,,2001
3315,Drama,,,2001
3316,Thriller,,,2001
3317,Drama,,,2001
3318,Biography,,,2001
3319,Action,,,2001
3320,Drama,,,2001
3321,Drama,,,2001
3322,Drama,,,2001
3323,Drama,,,2001
3324,Comedy,Drama,,2001
3325,History,,,2001
3326,Action,,,2001
3327,Action,,,2001
3328,Action,Drama,Romance,2001
3329,Drama,,,2001
3330,Drama,,,2001
3331,Drama,,,2001
3332,Action,,,2001
3333,Drama,,,2001
3334,Music,,,2001
3335,Action,,,2001
3336,Drama,,,2001
3337,Thriller,,,2001
3338,Comedy,,,2001
3339,Drama,,,2001
3340,Drama,,,2001
3341,Family,Musical,,2001
3342,Family,,,2001
3343,Drama,,,2001
3344,War,,,2001
3345,Comedy,,,2001
3346,Drama,Romance,,2001
3347,Comedy,,,2001
3348,Horror,Thriller,,2001
3349,Drama,Family,Romance,2001
