,descriptor1,descriptor2,descriptor3,year
0,Action,Adventure,Fantasy,2002
1,Biography,Crime,Drama,2002
2,Crime,Drama,,2002
3,Adventure,Family,Fantasy,2002
4,Comedy,Drama,Romance,2002
5,Action,Adventure,Sci-Fi,2002
6,Crime,Drama,,2002
7,Adventure,Drama,Fantasy,2002
8,Crime,Drama,Thriller,2002
9,Adventure,Comedy,Family,2002
10,Biography,Drama,Music,2002
11,Animation,Adventure,Family,2002
12,Crime,Drama,Mystery,2002
13,Action,Mystery,Thriller,2002
14,Horror,Mystery,,2002
15,Drama,Mystery,Sci-Fi,2002
16,Crime,Drama,Thriller,2002
17,Action,Crime,Mystery,2002
18,Drama,Horror,Sci-Fi,2002
19,Comedy,Crime,Musical,2002
20,Comedy,Family,Fantasy,2002
21,Drama,Romance,Thriller,2002
22,Action,Drama,History,2002
23,Animation,Adventure,Comedy,2002
24,Drama,Family,Sport,2002
25,Drama,Music,,2002
26,Action,Adventure,Drama,2002
27,Action,Adventure,Comedy,2002
28,Drama,Romance,,2002
29,Drama,Family,Fantasy,2002
30,Action,Adventure,Thriller,2002
31,Action,Adventure,Comedy,2002
32,Action,Adventure,Thriller,2002
33,Drama,Mystery,Thriller,2002
34,Action,Drama,Sci-Fi,2002
35,Action,Horror,Sci-Fi,2002
36,Animation,Adventure,Comedy,2002
37,Comedy,Drama,Romance,2002
38,Action,Adventure,Fantasy,2002
39,Comedy,Drama,,2002
40,Comedy,Romance,,2002
41,Action,Adventure,Sci-Fi,2002
42,Crime,Drama,Thriller,2002
43,Action,Drama,Thriller,2002
44,Comedy,Drama,Romance,2002
45,Comedy,Drama,Romance,2002
46,Drama,Romance,,2002
47,Comedy,Romance,,2002
48,Action,Comedy,Sci-Fi,2002
49,Crime,Drama,Mystery,2002
50,Action,Horror,Sci-Fi,2002
51,Crime,Drama,Thriller,2002
52,Horror,,,2002
53,Drama,Thriller,,2002
54,Biography,Drama,Romance,2002
55,Comedy,Family,Music,2002
56,Action,Comedy,,2002
57,Horror,,,2002
58,Action,Crime,Thriller,2002
59,Drama,,,2002
60,Comedy,Drama,Romance,2002
61,Comedy,Fantasy,,2002
62,Biography,Comedy,Crime,2002
63,Crime,Drama,Mystery,2002
64,Comedy,Drama,Romance,2002
65,Action,Adventure,Comedy,2002
66,Action,Adventure,History,2002
67,Crime,Drama,Thriller,2002
68,Drama,Mystery,Romance,2002
69,Action,Adventure,Sci-Fi,2002
70,Drama,,,2002
71,Biography,Comedy,Drama,2002
72,Animation,Adventure,Drama,2002
73,Drama,Fantasy,Horror,2002
74,Comedy,Romance,,2002
75,Comedy,Drama,,2002
76,Comedy,Romance,,2002
77,Action,Adventure,Fantasy,2002
78,Adventure,Comedy,Family,2002
79,Comedy,Romance,,2002
80,Comedy,,,2002
81,Action,Adventure,Comedy,2002
82,Crime,Thriller,,2002
83,Comedy,Romance,,2002
84,Comedy,,,2002
85,Comedy,Crime,Drama,2002
86,Comedy,Drama,Romance,2002
87,Drama,Mystery,Romance,2002
88,Drama,Romance,Sport,2002
89,Action,Crime,Drama,2002
90,Comedy,Drama,Romance,2002
91,Action,Horror,Thriller,2002
92,Drama,Mystery,Romance,2002
93,Animation,Adventure,Family,2002
94,Crime,Drama,,2002
95,Action,Drama,Thriller,2002
96,Crime,Drama,Mystery,2002
97,Drama,,,2002
98,Drama,History,Thriller,2002
99,Comedy,Drama,,2002
100,Horror,Thriller,,2002
101,Action,Drama,War,2002
102,Comedy,Drama,,2002
103,Drama,Romance,,2002
104,Drama,Fantasy,Mystery,2002
105,Comedy,Drama,,2002
106,Drama,Horror,Mystery,2002
107,Adventure,Drama,Romance,2002
108,Horror,,,2002
109,Adventure,Comedy,Family,2002
110,Comedy,Romance,,2002
111,Comedy,Family,Fantasy,2002
112,Drama,,,2002
113,Comedy,Drama,,2002
114,Comedy,Drama,,2002
115,Horror,Mystery,,2002
116,Drama,,,2002
117,Adventure,Comedy,Family,2002
118,Drama,Romance,,2002
119,Comedy,Crime,Drama,2002
120,Comedy,,,2002
121,Drama,,,2002
122,Drama,Thriller,,2002
123,Comedy,Drama,Sci-Fi,2002
124,Comedy,Fantasy,Horror,2002
125,Adventure,Comedy,Family,2002
126,Action,Adventure,Comedy,2002
127,Comedy,Drama,Fantasy,2002
128,Drama,Family,,2002
129,Animation,Comedy,Musical,2002
130,Crime,Mystery,Thriller,2002
131,Biography,Crime,Drama,2002
132,Action,Comedy,,2002
133,Crime,Drama,Mystery,2002
134,Action,Crime,Drama,2002
135,Biography,Drama,,2002
136,Comedy,Drama,Romance,2002
137,Drama,War,,2002
138,Action,Comedy,Crime,2002
139,Comedy,Romance,,2002
140,Animation,Adventure,Comedy,2002
141,Crime,Drama,Thriller,2002
142,Action,Drama,Thriller,2002
143,Comedy,Family,Fantasy,2002
144,Adventure,Drama,Romance,2002
145,Action,Crime,Thriller,2002
146,Action,Sci-Fi,Sport,2002
147,Comedy,Crime,,2002
148,Action,Crime,Drama,2002
149,Action,Crime,Drama,2002
150,Animation,Adventure,Comedy,2002
151,Drama,Horror,,2002
152,Crime,Drama,Thriller,2002
153,Adventure,Biography,Drama,2002
154,Crime,Drama,Mystery,2002
155,Action,Adventure,Comedy,2002
156,Adventure,Drama,Mystery,2002
157,Drama,Thriller,,2002
158,Comedy,Romance,,2002
159,Crime,Drama,Mystery,2002
160,Comedy,Crime,,2002
161,Drama,Mystery,Thriller,2002
162,Biography,Crime,Drama,2002
163,Drama,Mystery,Sci-Fi,2002
164,Action,Adventure,Comedy,2002
165,Comedy,Crime,Thriller,2002
166,Action,Crime,Drama,2002
167,Drama,,,2002
168,Action,Crime,Mystery,2002
169,Action,Crime,Drama,2002
170,Action,Crime,Drama,2002
171,Comedy,Action,Sci-Fi,2002
172,Comedy,Crime,Musical,2002
173,Adventure,Comedy,Drama,2002
174,Crime,Drama,Mystery,2002
175,Drama,,,2002
176,Comedy,Drama,Romance,2002
177,Romance,Comedy,Drama,2002
178,Comedy,,,2002
179,Comedy,Drama,Romance,2002
180,Action,Horror,Mystery,2002
181,Drama,Romance,,2002
182,Action,Comedy,Crime,2002
183,Comedy,Drama,Romance,2002
184,Drama,Musical,Romance,2002
185,Crime,Horror,Mystery,2002
186,Drama,Romance,Thriller,2002
187,Biography,Crime,Drama,2002
188,Drama,Fantasy,History,2002
189,Comedy,Drama,,2002
190,Comedy,Romance,,2002
191,Drama,,,2002
192,Drama,Horror,War,2002
193,Drama,,,2002
194,Mystery,Thriller,,2002
195,Drama,Mystery,Romance,2002
196,Drama,,,2002
197,Action,Drama,Thriller,2002
198,Drama,Horror,Mystery,2002
199,Comedy,Drama,Romance,2002
200,Crime,Drama,Romance,2002
201,Drama,History,War,2002
202,Comedy,Music,Romance,2002
203,Crime,Horror,Thriller,2002
204,Crime,Drama,,2002
205,Drama,Romance,Thriller,2002
206,Comedy,Drama,Romance,2002
207,Mystery,Sci-Fi,Thriller,2002
208,Drama,,,2002
209,Action,,,2002
210,Comedy,Drama,,2002
211,Comedy,Drama,Sport,2002
212,Drama,History,Romance,2002
213,Drama,,,2002
214,Biography,Crime,Drama,2002
215,Crime,Drama,,2002
216,Drama,Mystery,Romance,2002
217,Crime,Drama,,2002
218,Drama,Romance,,2002
219,Crime,Horror,Mystery,2002
220,Comedy,,,2002
221,Drama,Romance,,2002
222,Drama,Comedy,Romance,2002
223,Comedy,Romance,,2002
224,Action,Comedy,Crime,2002
225,Crime,Drama,Thriller,2002
226,Drama,,,2002
227,Action,Adventure,Comedy,2002
228,Comedy,Romance,,2002
229,Horror,,,2002
230,Comedy,Drama,,2002
231,Horror,Mystery,Thriller,2002
232,Comedy,Family,Sci-Fi,2002
233,Animation,Adventure,Comedy,2002
234,Drama,Romance,,2002
235,Comedy,Drama,Romance,2002
236,Comedy,Romance,,2002
237,Drama,,,2002
238,Crime,Drama,,2002
239,Drama,Mystery,Thriller,2002
240,Crime,Drama,Mystery,2002
241,Horror,Thriller,,2002
242,Horror,Mystery,Thriller,2002
243,Comedy,Drama,Romance,2002
244,Crime,Drama,Romance,2002
245,Action,Crime,Drama,2002
246,Crime,Drama,Thriller,2002
247,Drama,Horror,Musical,2002
248,Drama,Horror,Mystery,2002
249,Comedy,Romance,,2002
250,Biography,Drama,Romance,2002
251,Action,Crime,Drama,2002
252,Drama,Romance,War,2002
253,Drama,War,,2002
254,Romance,Thriller,,2002
255,Comedy,Drama,Romance,2002
256,Action,Crime,Drama,2002
257,Drama,Romance,,2002
258,Crime,Drama,Thriller,2002
259,Drama,Romance,,2002
260,Drama,War,,2002
261,Musical,Romance,Drama,2002
262,Animation,Adventure,Comedy,2002
263,Drama,,,2002
264,Drama,Horror,Mystery,2002
265,Action,Comedy,Crime,2002
266,Drama,Romance,,2002
267,Comedy,Romance,,2002
268,Comedy,Drama,,2002
269,Action,Horror,Thriller,2002
270,Drama,,,2002
271,Comedy,Crime,,2002
272,Comedy,Romance,,2002
273,Comedy,,,2002
274,Drama,,,2002
275,Comedy,Drama,,2002
276,Animation,Action,Adventure,2002
277,Drama,Romance,,2002
278,Crime,Drama,Thriller,2002
279,Action,Thriller,,2002
280,Drama,,,2002
281,Horror,Thriller,,2002
282,Drama,Sport,,2002
283,Drama,Mystery,Thriller,2002
284,Comedy,Crime,,2002
285,Drama,Mystery,,2002
286,Crime,Drama,Mystery,2002
287,Comedy,Drama,Romance,2002
288,Drama,Romance,,2002
289,Biography,Crime,Drama,2002
290,Comedy,Drama,Romance,2002
291,Action,Crime,Thriller,2002
292,Comedy,Family,Fantasy,2002
293,Horror,,,2002
294,Drama,Horror,,2002
295,Action,Comedy,Crime,2002
296,Comedy,Drama,,2002
297,Comedy,Crime,Drama,2002
298,Crime,Romance,Thriller,2002
299,Crime,Drama,Thriller,2002
300,Drama,War,,2002
301,Action,Crime,Drama,2002
302,Comedy,Romance,,2002
303,Action,Crime,Thriller,2002
304,Comedy,Drama,Romance,2002
305,Action,Adventure,Comedy,2002
306,Drama,Crime,Action,2002
307,Animation,Comedy,Drama,2002
308,Animation,Adventure,Comedy,2002
309,Drama,,,2002
310,Comedy,Music,,2002
311,Drama,,,2002
312,Comedy,Drama,Musical,2002
313,Drama,Romance,War,2002
314,Drama,History,Western,2002
315,Comedy,Romance,,2002
316,Horror,Mystery,,2002
317,Comedy,,,2002
318,Drama,Romance,,2002
319,Drama,Romance,War,2002
320,Crime,Drama,,2002
321,Comedy,Drama,,2002
322,Comedy,,,2002
323,Comedy,,,2002
324,Action,Adventure,Thriller,2002
325,Comedy,Drama,Thriller,2002
326,Comedy,Family,,2002
327,Action,Comedy,Crime,2002
328,Crime,Drama,Romance,2002
329,Drama,,,2002
330,Action,Comedy,Crime,2002
331,Comedy,Crime,Drama,2002
332,Comedy,Sci-Fi,,2002
333,Drama,,,2002
334,Crime,Drama,Thriller,2002
335,Action,Biography,Drama,2002
336,Drama,,,2002
337,Comedy,Drama,,2002
338,Drama,Romance,,2002
339,Action,Adventure,Sci-Fi,2002
340,Drama,,,2002
341,Crime,Horror,Thriller,2002
342,Action,Comedy,Drama,2002
343,Comedy,Music,Drama,2002
344,Comedy,Drama,Romance,2002
345,Comedy,Drama,,2002
346,Comedy,Romance,,2002
347,Action,Drama,War,2002
348,Drama,Romance,,2002
349,Comedy,Drama,,2002
350,Drama,Fantasy,Thriller,2002
351,Action,Comedy,Crime,2002
352,Crime,Drama,Thriller,2002
353,Crime,Drama,Mystery,2002
354,Drama,,,2002
355,Action,Crime,Mystery,2002
356,Action,Drama,Mystery,2002
357,Action,Adventure,Comedy,2002
358,Comedy,Drama,Romance,2002
359,Drama,Fantasy,Sci-Fi,2002
360,Drama,Fantasy,,2002
361,Drama,Romance,,2002
362,Comedy,,,2002
363,Romance,Comedy,Drama,2002
364,Comedy,,,2002
365,Action,Romance,,2002
366,Horror,Thriller,,2002
367,Comedy,,,2002
368,Horror,Musical,,2002
369,Comedy,Drama,Musical,2002
370,Animation,Action,Adventure,2002
371,Drama,,,2002
372,Crime,Drama,Romance,2002
373,Crime,Drama,,2002
374,Drama,Romance,,2002
375,Action,Romance,Thriller,2002
376,Drama,,,2002
377,Comedy,Romance,,2002
378,Drama,,,2002
379,Drama,Thriller,,2002
380,Action,Drama,Fantasy,2002
381,Comedy,Romance,Drama,2002
382,Action,Comedy,Thriller,2002
383,Action,Family,Sci-Fi,2002
384,Drama,,,2002
385,Drama,Romance,,2002
386,Action,Drama,War,2002
387,Comedy,Romance,,2002
388,Drama,War,Comedy,2002
389,Action,,,2002
390,Drama,Romance,,2002
391,Drama,,,2002
392,Comedy,Drama,Musical,2002
393,Drama,,,2002
394,Action,Adventure,Horror,2002
395,Drama,,,2002
396,Drama,Romance,,2002
397,Comedy,,,2002
398,Comedy,,,2002
399,Comedy,Crime,,2002
400,Drama,,,2002
401,Adventure,Comedy,Drama,2002
402,Comedy,Drama,Romance,2002
403,Comedy,,,2002
404,Comedy,,,2002
405,Action,Crime,Drama,2002
406,Action,Drama,,2002
407,Drama,Comedy,Romance,2002
408,Comedy,,,2002
409,Thriller,,,2002
410,Comedy,Drama,Romance,2002
411,Comedy,Romance,,2002
412,Drama,Romance,,2002
413,Action,Adventure,Comedy,2002
414,Crime,Drama,,2002
415,Comedy,Drama,Romance,2002
416,Drama,Music,Romance,2002
417,Comedy,Drama,Romance,2002
418,Drama,,,2002
419,Drama,Musical,Romance,2002
420,Drama,,,2002
421,Drama,Thriller,,2002
422,Drama,Comedy,,2002
423,Action,Comedy,Crime,2002
424,Crime,Drama,Mystery,2002
425,Drama,,,2002
426,Drama,Thriller,,2002
427,Comedy,,,2002
428,Comedy,Romance,,2002
429,Biography,Drama,History,2002
430,Drama,Sport,,2002
431,Comedy,Drama,Romance,2002
432,Comedy,Romance,,2002
433,Comedy,Drama,Romance,2002
434,Drama,Romance,,2002
435,Action,Drama,,2002
436,Drama,Romance,,2002
437,Drama,Romance,,2002
438,Comedy,Drama,,2002
439,Biography,Drama,Music,2002
440,Comedy,Drama,,2002
441,Drama,,,2002
442,Comedy,Drama,Romance,2002
443,Animation,Biography,Drama,2002
444,Drama,Romance,,2002
445,Crime,Drama,,2002
446,Drama,Thriller,,2002
447,Drama,Musical,Romance,2002
448,Comedy,Romance,,2002
449,Crime,Drama,,2002
450,Thriller,,,2002
451,Drama,,,2002
452,Drama,Thriller,Crime,2002
453,Action,Comedy,Romance,2002
454,Drama,,,2002
455,Drama,,,2002
456,Action,Adventure,Comedy,2002
457,Drama,,,2002
458,Comedy,Drama,Romance,2002
459,Action,Crime,Thriller,2002
460,Action,Drama,Sci-Fi,2002
461,Drama,Romance,,2002
462,Comedy,Crime,,2002
463,Action,Drama,Mystery,2002
464,Action,Drama,Romance,2002
465,Action,Fantasy,Thriller,2002
466,Drama,Fantasy,Romance,2002
467,Action,Crime,Drama,2002
468,Drama,,,2002
469,Drama,Thriller,,2002
470,Action,Crime,Drama,2002
471,Drama,,,2002
472,Drama,,,2002
473,Drama,,,2002
474,Action,Musical,Romance,2002
475,Drama,,,2002
476,Fantasy,Horror,,2002
477,Drama,Romance,,2002
478,Drama,,,2002
479,Action,Drama,Romance,2002
480,Comedy,Drama,Music,2002
481,Action,,,2002
482,Action,Drama,,2002
483,Comedy,Romance,Thriller,2002
484,Action,Crime,Thriller,2002
485,Drama,Family,Romance,2002
486,Drama,Musical,,2002
487,Drama,Romance,Thriller,2002
488,Drama,History,,2002
489,Adventure,Action,Comedy,2002
490,Drama,,,2002
491,Drama,,,2002
492,Drama,,,2002
493,Drama,Romance,,2002
494,Drama,,,2002
495,Action,Horror,Mystery,2002
496,Horror,Mystery,Thriller,2002
497,Romance,,,2002
498,Drama,Romance,,2002
499,Comedy,Drama,,2002
500,Crime,Drama,Thriller,2002
501,Drama,Romance,,2002
502,Fantasy,Horror,Mystery,2002
503,Thriller,Drama,,2002
504,Action,Western,,2002
505,Drama,,,2002
506,Horror,,,2002
507,Comedy,Drama,Musical,2002
508,Comedy,Drama,Romance,2002
509,Drama,Horror,Romance,2002
510,Drama,Horror,Mystery,2002
511,Crime,Drama,Horror,2002
512,Crime,Drama,,2002
513,Comedy,Crime,Drama,2002
514,Action,Drama,Romance,2002
515,Drama,,,2002
516,Drama,Romance,,2002
517,Drama,Music,Romance,2002
518,Comedy,Drama,Romance,2002
519,Biography,Drama,Romance,2002
520,Comedy,Horror,,2002
521,Comedy,Family,,2002
522,Musical,Romance,,2002
523,Drama,Music,Musical,2002
524,Comedy,Drama,Romance,2002
525,Drama,,,2002
526,Comedy,,,2002
527,Action,Crime,Drama,2002
528,Action,Drama,,2002
529,Comedy,Drama,Romance,2002
530,Drama,,,2002
531,Drama,War,,2002
532,Biography,,,2002
533,Comedy,Drama,Fantasy,2002
534,Drama,,,2002
535,Action,Crime,Drama,2002
536,Drama,Romance,,2002
537,Drama,,,2002
538,Comedy,Romance,,2002
539,Drama,Horror,,2002
540,Action,Mystery,Thriller,2002
541,Drama,Music,,2002
542,Fantasy,Romance,,2002
543,Action,Adventure,Horror,2002
544,Crime,Drama,,2002
545,Action,Comedy,Romance,2002
546,Drama,,,2002
547,Drama,,,2002
548,Drama,,,2002
549,Comedy,Drama,,2002
550,Crime,Drama,,2002
551,Fantasy,,,2002
552,Action,Romance,,2002
553,Drama,Romance,,2002
554,Drama,Romance,,2002
555,Drama,,,2002
556,Drama,,,2002
557,Horror,,,2002
558,Action,Drama,,2002
559,Comedy,Romance,,2002
560,Drama,Sci-Fi,,2002
561,Romance,Comedy,Drama,2002
562,Drama,Family,,2002
563,Comedy,Drama,,2002
564,Drama,Romance,,2002
565,Action,,,2002
566,Comedy,,,2002
567,Comedy,Drama,,2002
568,Drama,Romance,,2002
569,Action,Drama,Thriller,2002
570,Thriller,,,2002
571,Comedy,Horror,Thriller,2002
572,Action,Crime,Drama,2002
573,Comedy,Drama,,2002
574,Drama,Romance,Music,2002
575,Animation,Adventure,Family,2002
576,Action,Drama,,2002
577,Comedy,Drama,Sport,2002
578,Comedy,Drama,,2002
579,Family,,,2002
580,Action,Adventure,Fantasy,2002
581,Drama,Horror,,2002
582,Comedy,Drama,,2002
583,Action,Drama,Sport,2002
584,Horror,Thriller,,2002
585,Action,Comedy,Crime,2002
586,Action,Comedy,Drama,2002
587,Action,Adventure,Drama,2002
588,Drama,Mystery,Thriller,2002
589,Action,Family,Fantasy,2002
590,Action,Thriller,,2002
591,Family,Fantasy,,2002
592,Drama,,,2002
593,Comedy,Drama,Romance,2002
594,Animation,Adventure,Mystery,2002
595,Comedy,Drama,War,2002
596,Drama,,,2002
597,Drama,Music,,2002
598,Comedy,Drama,,2002
599,Comedy,Drama,,2002
600,Comedy,Crime,Drama,2002
601,Horror,Sci-Fi,,2002
602,Drama,Musical,,2002
603,Crime,Mystery,Drama,2002
604,Comedy,,,2002
605,Drama,,,2002
606,Action,Crime,Drama,2002
607,Drama,,,2002
608,Biography,Drama,History,2002
609,Action,Drama,War,2002
610,Drama,,,2002
611,Drama,,,2002
612,Action,Comedy,Crime,2002
613,Biography,Drama,History,2002
614,Horror,Sci-Fi,Thriller,2002
615,Horror,,,2002
616,Crime,Mystery,Drama,2002
617,Crime,Drama,Thriller,2002
618,Drama,Romance,,2002
619,Comedy,Music,Romance,2002
620,Comedy,Crime,Thriller,2002
621,Action,Drama,,2002
622,Drama,Romance,,2002
623,Drama,Family,,2002
624,Comedy,,,2002
625,Horror,,,2002
626,Romance,,,2002
627,Comedy,Family,Fantasy,2002
628,Sci-Fi,Animation,Action,2002
629,Drama,Crime,,2002
630,Comedy,,,2002
631,Comedy,,,2002
632,Action,Comedy,,2002
633,Drama,Musical,Romance,2002
634,Drama,,,2002
635,Drama,Romance,,2002
636,Action,Animation,Comedy,2002
637,Drama,Romance,,2002
638,Drama,,,2002
639,Drama,,,2002
640,Drama,,,2002
641,Comedy,,,2002
642,Horror,Thriller,,2002
643,Drama,,,2002
644,Drama,,,2002
645,Comedy,Crime,,2002
646,Action,Romance,,2002
647,Action,Crime,Drama,2002
648,Drama,Musical,Romance,2002
649,Drama,Romance,,2002
650,Action,Adventure,Drama,2002
651,Comedy,,,2002
652,Crime,Drama,Mystery,2002
653,Drama,,,2002
654,Action,Comedy,,2002
655,Crime,Mystery,Thriller,2002
656,Comedy,,,2002
657,Action,Drama,,2002
658,Comedy,,,2002
659,Horror,Thriller,,2002
660,Action,Comedy,Crime,2002
661,Drama,,,2002
662,Mystery,Thriller,,2002
663,Horror,Mystery,Sci-Fi,2002
664,Action,Adventure,Drama,2002
665,Drama,Romance,,2002
666,Thriller,,,2002
667,Crime,Comedy,,2002
668,Comedy,Drama,,2002
669,Comedy,Crime,,2002
670,Drama,,,2002
671,Comedy,Romance,,2002
672,Drama,Fantasy,Romance,2002
673,Drama,,,2002
674,Comedy,Drama,Romance,2002
675,Action,Adventure,Drama,2002
676,Drama,,,2002
677,Comedy,Drama,Romance,2002
678,Comedy,Family,Romance,2002
679,Family,,,2002
680,Crime,Drama,,2002
681,Drama,Romance,Sport,2002
682,Drama,Family,,2002
683,Action,Adventure,Comedy,2002
684,Crime,Thriller,Action,2002
685,Comedy,,,2002
686,Comedy,Musical,,2002
687,Comedy,Drama,Romance,2002
688,Action,Drama,Fantasy,2002
689,Drama,Thriller,,2002
690,Drama,Romance,War,2002
691,Drama,War,Western,2002
692,Drama,Romance,,2002
693,Thriller,Drama,,2002
694,Comedy,Romance,,2002
695,Drama,Romance,,2002
696,Action,Crime,Thriller,2002
697,Comedy,Drama,,2002
698,Romance,Thriller,,2002
699,Comedy,Romance,,2002
700,Crime,Drama,,2002
701,Comedy,Drama,,2002
702,Comedy,Drama,Musical,2002
703,Crime,Drama,,2002
704,Biography,Crime,Drama,2002
705,Drama,Romance,,2002
706,Drama,,,2002
707,Action,Comedy,Musical,2002
708,Action,Crime,Drama,2002
709,Crime,Thriller,,2002
710,Horror,Mystery,Thriller,2002
711,Drama,,,2002
712,Comedy,Romance,,2002
713,Crime,Drama,,2002
714,Comedy,Drama,,2002
715,Action,Drama,,2002
716,Drama,,,2002
717,Fantasy,,,2002
718,Comedy,,,2002
719,Musical,Romance,Thriller,2002
720,Comedy,,,2002
721,Action,Drama,Romance,2002
722,Action,,,2002
723,Drama,,,2002
724,Drama,,,2002
725,Thriller,Crime,,2002
726,Drama,,,2002
727,Drama,Family,Sport,2002
728,Action,Adventure,Romance,2002
729,Romance,,,2002
730,Horror,,,2002
731,Comedy,Musical,,2002
732,Adventure,Crime,Action,2002
733,Romance,Thriller,,2002
734,Drama,,,2002
735,Comedy,Fantasy,Horror,2002
736,Drama,Musical,Romance,2002
737,Drama,Music,,2002
738,Horror,,,2002
739,Action,Drama,Thriller,2002
740,Drama,,,2002
741,Comedy,,,2002
742,Fantasy,Horror,Mystery,2002
743,Family,Adventure,Crime,2002
744,Comedy,Family,Fantasy,2002
745,Comedy,Romance,,2002
746,Animation,Drama,Fantasy,2002
747,Comedy,Drama,Family,2002
748,Comedy,Crime,Drama,2002
749,Thriller,,,2002
750,Action,Adventure,Drama,2002
751,Drama,,,2002
752,Drama,,,2002
753,Thriller,,,2002
754,Comedy,,,2002
755,Action,Drama,Thriller,2002
756,Comedy,,,2002
757,Drama,,,2002
758,Drama,Comedy,,2002
759,Drama,,,2002
760,Action,Drama,Horror,2002
761,Crime,Drama,Mystery,2002
762,Drama,,,2002
763,Mystery,Thriller,,2002
764,Horror,Comedy,Music,2002
765,Drama,,,2002
766,Drama,Crime,Thriller,2002
767,Thriller,Drama,,2002
768,Drama,,,2002
769,Drama,,,2002
770,Comedy,,,2002
771,Comedy,Drama,Romance,2002
772,Comedy,Crime,Drama,2002
773,Drama,,,2002
774,Action,Drama,,2002
775,Action,Crime,Thriller,2002
776,Family,Romance,,2002
777,Action,Drama,,2002
778,Action,Adventure,Drama,2002
779,Action,Drama,,2002
780,Drama,,,2002
781,Action,Drama,Thriller,2002
782,Comedy,War,Drama,2002
783,Drama,,,2002
784,Comedy,Drama,,2002
785,Crime,Drama,Thriller,2002
786,Action,Drama,Sci-Fi,2002
787,Action,Adventure,Sci-Fi,2002
788,Crime,Drama,Thriller,2002
789,Drama,,,2002
790,Drama,,,2002
791,Comedy,Drama,Romance,2002
792,Comedy,,,2002
793,Drama,Romance,,2002
794,Drama,,,2002
795,Drama,,,2002
796,Animation,Action,Adventure,2002
797,Drama,,,2002
798,Crime,Drama,,2002
799,Drama,War,,2002
800,Action,Crime,Drama,2002
801,Drama,,,2002
802,Drama,Comedy,,2002
803,Comedy,Drama,Romance,2002
804,Comedy,,,2002
805,Comedy,Fantasy,,2002
806,Drama,Thriller,,2002
807,Crime,Drama,,2002
808,Comedy,Drama,,2002
809,Family,Animation,,2002
810,Comedy,,,2002
811,Drama,Romance,,2002
812,Horror,Thriller,,2002
813,Comedy,Fantasy,Romance,2002
814,Animation,,,2002
815,Comedy,Drama,Family,2002
816,Drama,,,2002
817,Drama,,,2002
818,Drama,,,2002
819,Action,Comedy,Horror,2002
820,Drama,History,,2002
821,Action,,,2002
822,Romance,Drama,,2002
823,Drama,War,,2002
824,Drama,Romance,,2002
825,Drama,Comedy,Family,2002
826,Drama,,,2002
827,Animation,Adventure,Drama,2002
828,Comedy,Music,Romance,2002
829,Action,Comedy,Drama,2002
830,Drama,,,2002
831,Action,Drama,Musical,2002
832,Action,,,2002
833,Horror,Thriller,,2002
834,Comedy,,,2002
835,Thriller,,,2002
836,Drama,Romance,,2002
837,Comedy,Drama,Music,2002
838,Action,Drama,,2002
839,Drama,Romance,,2002
840,Horror,,,2002
841,Crime,Drama,,2002
842,Crime,Horror,,2002
843,Animation,Adventure,Drama,2002
844,Drama,,,2002
845,Drama,Romance,,2002
846,Drama,,,2002
847,Adventure,Comedy,Romance,2002
848,Action,Drama,,2002
849,Comedy,,,2002
850,Comedy,Drama,,2002
851,Drama,Thriller,,2002
852,Drama,,,2002
853,Thriller,,,2002
854,Drama,,,2002
855,Thriller,,,2002
856,Comedy,Drama,,2002
857,Adventure,Animation,,2002
858,Action,Romance,Thriller,2002
859,Drama,Fantasy,Romance,2002
860,Horror,Thriller,,2002
861,Action,,,2002
862,Comedy,Romance,,2002
863,Action,Drama,,2002
864,Drama,,,2002
865,Comedy,Romance,Sport,2002
866,Comedy,Romance,,2002
867,Drama,,,2002
868,Drama,Romance,,2002
869,Comedy,Drama,Sport,2002
870,Action,Biography,History,2002
871,Drama,Romance,,2002
872,Romance,Comedy,,2002
873,Crime,Drama,Mystery,2002
874,Romance,,,2002
875,Crime,Drama,Sport,2002
876,Drama,Romance,,2002
877,Action,,,2002
878,Drama,Romance,War,2002
879,Adventure,Mystery,Thriller,2002
880,Drama,,,2002
881,Action,,,2002
882,Horror,,,2002
883,Action,Mystery,Thriller,2002
884,Crime,Horror,Mystery,2002
885,Drama,Comedy,,2002
886,Romance,,,2002
887,Crime,Horror,Mystery,2002
888,Drama,,,2002
889,Comedy,Drama,Romance,2002
890,Action,Drama,,2002
891,Drama,,,2002
892,Comedy,Drama,Romance,2002
893,Drama,Fantasy,,2002
894,Thriller,Crime,Drama,2002
895,Comedy,Drama,,2002
896,Horror,Mystery,Thriller,2002
897,Drama,Comedy,,2002
898,Comedy,Drama,Family,2002
899,Drama,,,2002
900,Horror,,,2002
901,Drama,,,2002
902,Crime,,,2002
903,Action,Sci-Fi,,2002
904,Comedy,,,2002
905,Drama,Romance,,2002
906,Action,Drama,,2002
907,Comedy,,,2002
908,Action,Crime,Sci-Fi,2002
909,Comedy,Drama,Musical,2002
910,Adventure,Drama,,2002
911,Biography,Drama,Romance,2002
912,Action,Adventure,,2002
913,Action,Adventure,Comedy,2002
914,Drama,Mystery,Thriller,2002
915,Drama,,,2002
916,Drama,,,2002
917,Thriller,,,2002
918,Drama,Mystery,,2002
919,Comedy,Drama,,2002
920,Comedy,Romance,,2002
921,Drama,,,2002
922,Action,,,2002
923,Drama,,,2002
924,Drama,Romance,,2002
925,Action,Comedy,Sci-Fi,2002
926,Musical,Romance,,2002
927,Comedy,Horror,Thriller,2002
928,Comedy,Drama,Romance,2002
929,Comedy,Drama,Romance,2002
930,Thriller,,,2002
931,Drama,,,2002
932,Drama,Romance,,2002
933,Drama,,,2002
934,Comedy,Drama,Romance,2002
935,Action,Crime,Drama,2002
936,Action,,,2002
937,Drama,Romance,Sport,2002
938,Action,Comedy,,2002
939,Drama,,,2002
940,Action,,,2002
941,Drama,,,2002
942,Comedy,Drama,,2002
943,Adventure,Comedy,Family,2002
944,Comedy,Drama,Mystery,2002
945,Drama,Family,,2002
946,Comedy,Drama,,2002
947,Drama,,,2002
948,Mystery,,,2002
949,Crime,Drama,,2002
950,Comedy,,,2002
951,Drama,,,2002
952,Drama,Family,,2002
953,Comedy,,,2002
954,Drama,Romance,,2002
955,Romance,,,2002
956,Drama,Fantasy,Horror,2002
957,Thriller,,,2002
958,Drama,,,2002
959,Drama,,,2002
960,Comedy,,,2002
961,Drama,Fantasy,Romance,2002
962,Comedy,Drama,,2002
963,Drama,Romance,,2002
964,Comedy,,,2002
965,Adventure,War,Drama,2002
966,Comedy,Romance,,2002
967,Action,Drama,,2002
968,Drama,Romance,,2002
969,Comedy,Drama,,2002
970,Fantasy,Horror,Mystery,2002
971,Drama,Music,,2002
972,Comedy,Drama,,2002
973,Drama,Family,,2002
974,Comedy,,,2002
975,Musical,Action,Drama,2002
976,Comedy,Drama,Romance,2002
977,Crime,Drama,Romance,2002
978,Comedy,Romance,,2002
979,Drama,Romance,Thriller,2002
980,Adventure,Comedy,,2002
981,Action,Drama,,2002
982,Animation,Family,,2002
983,Comedy,Romance,,2002
984,Romance,,,2002
985,Drama,Romance,,2002
986,Drama,,,2002
987,Crime,Drama,Romance,2002
988,Drama,Mystery,Thriller,2002
989,Drama,,,2002
990,Action,Drama,Thriller,2002
991,Crime,Drama,Thriller,2002
992,Thriller,,,2002
993,Thriller,,,2002
994,Action,Crime,,2002
995,Comedy,Drama,Romance,2002
996,Drama,,,2002
997,Drama,,,2002
998,Drama,,,2002
999,Action,Drama,,2002
1000,Romance,,,2002
1001,Drama,,,2002
1002,Crime,Drama,Thriller,2002
1003,Musical,Romance,,2002
1004,Drama,,,2002
1005,Drama,Romance,,2002
1006,Drama,,,2002
1007,Drama,History,,2002
1008,Comedy,,,2002
1009,Comedy,,,2002
1010,Crime,Horror,Mystery,2002
1011,Thriller,,,2002
1012,Comedy,Romance,,2002
1013,Drama,,,2002
1014,Drama,,,2002
1015,Action,Comedy,Romance,2002
1016,Crime,Drama,,2002
1017,Drama,,,2002
1018,Action,Comedy,Crime,2002
1019,Drama,Sport,,2002
1020,Horror,,,2002
1021,Comedy,,,2002
1022,Comedy,Thriller,,2002
1023,Thriller,,,2002
1024,Comedy,Drama,Romance,2002
1025,Drama,Thriller,,2002
1026,Action,Romance,,2002
1027,Action,Drama,,2002
1028,Romance,Comedy,,2002
1029,Drama,,,2002
1030,Drama,,,2002
1031,Drama,Mystery,Thriller,2002
1032,Comedy,Drama,,2002
1033,Action,Horror,Mystery,2002
1034,Thriller,,,2002
1035,Comedy,Drama,,2002
1036,Comedy,,,2002
1037,Comedy,Romance,,2002
1038,Horror,Mystery,Sci-Fi,2002
1039,Thriller,,,2002
1040,Comedy,Romance,,2002
1041,Drama,,,2002
1042,Comedy,Drama,Romance,2002
1043,Drama,,,2002
1044,Comedy,Drama,Fantasy,2002
1045,Drama,,,2002
1046,Horror,Romance,,2002
1047,Comedy,Romance,,2002
1048,Action,Adventure,Crime,2002
1049,Action,Comedy,,2002
1050,Action,Adventure,Thriller,2002
1051,Action,Thriller,,2002
1052,Action,Drama,Romance,2002
1053,Animation,Comedy,Drama,2002
1054,Thriller,,,2002
1055,Action,Crime,Drama,2002
1056,Drama,,,2002
1057,Comedy,,,2002
1058,Action,,,2002
1059,Comedy,Mystery,Thriller,2002
1060,Drama,History,War,2002
1061,Drama,,,2002
1062,Drama,Family,,2002
1063,Action,Western,Fantasy,2002
1064,Comedy,Drama,Romance,2002
1065,Drama,,,2002
1066,Action,Comedy,Romance,2002
1067,Comedy,,,2002
1068,Action,Crime,Drama,2002
1069,Adventure,Comedy,Crime,2002
1070,Action,Adventure,Musical,2002
1071,Action,Biography,Crime,2002
1072,Crime,Drama,,2002
1073,Animation,Comedy,Fantasy,2002
1074,Drama,,,2002
1075,Crime,Mystery,Thriller,2002
1076,Action,Drama,,2002
1077,Action,Drama,,2002
1078,Family,,,2002
1079,Comedy,Drama,,2002
1080,Drama,,,2002
1081,Drama,,,2002
1082,Comedy,Drama,Romance,2002
1083,Comedy,Family,Romance,2002
1084,Musical,Comedy,Romance,2002
1085,Musical,Drama,Romance,2002
1086,Comedy,Drama,Romance,2002
1087,Action,Comedy,Crime,2002
1088,Drama,,,2002
1089,Drama,,,2002
1090,Comedy,Drama,Romance,2002
1091,Crime,Horror,Romance,2002
1092,Drama,,,2002
1093,Comedy,Mystery,,2002
1094,Comedy,Drama,,2002
1095,Crime,Drama,,2002
1096,Drama,,,2002
1097,Action,Comedy,Crime,2002
1098,Comedy,,,2002
1099,Comedy,Romance,,2002
1100,Drama,,,2002
1101,Comedy,Music,Romance,2002
1102,Action,,,2002
1103,Drama,,,2002
1104,Comedy,,,2002
1105,Drama,Thriller,Horror,2002
1106,Drama,Romance,,2002
1107,Comedy,Drama,History,2002
1108,Action,Drama,,2002
1109,Action,Adventure,Thriller,2002
1110,Comedy,,,2002
1111,Horror,Mystery,Thriller,2002
1112,Comedy,Crime,,2002
1113,Romance,,,2002
1114,Drama,Mystery,Thriller,2002
1115,Horror,Mystery,,2002
1116,Drama,Romance,,2002
1117,Crime,Thriller,,2002
1118,Comedy,Drama,Romance,2002
1119,Drama,,,2002
1120,Animation,Adventure,Family,2002
1121,Drama,Comedy,,2002
1122,Drama,,,2002
1123,Comedy,Drama,,2002
1124,Drama,,,2002
1125,Romance,Drama,,2002
1126,Action,Drama,,2002
1127,Comedy,Drama,,2002
1128,Comedy,Crime,Horror,2002
1129,Thriller,Sci-Fi,,2002
1130,Drama,Music,Romance,2002
1131,Drama,,,2002
1132,Drama,,,2002
1133,Comedy,,,2002
1134,Family,Romance,Comedy,2002
1135,Drama,Romance,,2002
1136,Drama,Romance,War,2002
1137,Romance,,,2002
1138,Comedy,Drama,Romance,2002
1139,Comedy,Family,Horror,2002
1140,Action,,,2002
1141,Adventure,,,2002
1142,Drama,,,2002
1143,Drama,,,2002
1144,Drama,Romance,,2002
1145,Drama,Romance,,2002
1146,Drama,,,2002
1147,Drama,,,2002
1148,Comedy,Drama,,2002
1149,Drama,Thriller,Horror,2002
1150,Adventure,Comedy,Family,2002
1151,Drama,,,2002
1152,Comedy,Drama,Romance,2002
1153,Thriller,,,2002
1154,Comedy,,,2002
1155,Drama,,,2002
1156,Comedy,Drama,,2002
1157,Comedy,Horror,Sci-Fi,2002
1158,Horror,Thriller,,2002
1159,Drama,Romance,,2002
1160,Drama,Romance,,2002
1161,Horror,,,2002
1162,Action,Crime,Drama,2002
1163,Romance,,,2002
1164,Drama,,,2002
1165,Action,Drama,,2002
1166,Action,,,2002
1167,Drama,,,2002
1168,Drama,,,2002
1169,Drama,,,2002
1170,Adventure,Family,Mystery,2002
1171,Action,Drama,,2002
1172,Drama,,,2002
1173,Comedy,Drama,Family,2002
1174,Crime,Drama,,2002
1175,Comedy,,,2002
1176,Action,,,2002
1177,Drama,Comedy,Crime,2002
1178,Drama,Family,,2002
1179,Comedy,,,2002
1180,Drama,Romance,,2002
1181,Drama,,,2002
1182,Comedy,Thriller,,2002
1183,Drama,Romance,,2002
1184,Comedy,,,2002
1185,Drama,,,2002
1186,Action,Comedy,,2002
1187,Comedy,,,2002
1188,Comedy,Romance,,2002
1189,Action,Romance,Sci-Fi,2002
1190,Drama,Music,Romance,2002
1191,Comedy,Drama,,2002
1192,Animation,Adventure,Family,2002
1193,Drama,,,2002
1194,Drama,,,2002
1195,Family,,,2002
1196,Comedy,Drama,Fantasy,2002
1197,Drama,Sport,,2002
1198,Drama,Thriller,,2002
1199,Drama,,,2002
1200,Adventure,Drama,,2002
1201,Comedy,Drama,Family,2002
1202,Comedy,Sport,,2002
1203,Comedy,,,2002
1204,Action,Comedy,Crime,2002
1205,Drama,Romance,,2002
1206,Sci-Fi,,,2002
1207,Action,Drama,,2002
1208,Animation,,,2002
1209,Thriller,,,2002
1210,Comedy,Drama,Romance,2002
1211,Drama,,,2002
1212,Biography,Drama,History,2002
1213,Action,Thriller,,2002
1214,Comedy,Drama,Family,2002
1215,Drama,,,2002
1216,Crime,Drama,,2002
1217,Drama,,,2002
1218,Action,Comedy,Drama,2002
1219,Horror,Mystery,,2002
1220,Crime,Drama,Thriller,2002
1221,Action,Drama,,2002
1222,Horror,,,2002
1223,Animation,Adventure,Family,2002
1224,Comedy,,,2002
1225,Animation,Comedy,Sci-Fi,2002
1226,Drama,Thriller,,2002
1227,Comedy,,,2002
1228,Drama,,,2002
1229,Drama,,,2002
1230,Drama,Comedy,,2002
1231,Drama,,,2002
1232,Action,Thriller,,2002
1233,Action,,,2002
1234,Drama,Thriller,,2002
1235,Drama,,,2002
1236,Comedy,,,2002
1237,Drama,Romance,,2002
1238,Drama,,,2002
1239,Drama,Horror,Romance,2002
1240,Comedy,Drama,Romance,2002
1241,Drama,,,2002
1242,Horror,,,2002
1243,Family,,,2002
1244,Crime,Drama,,2002
1245,Adventure,Comedy,Drama,2002
1246,Romance,,,2002
1247,Action,Drama,,2002
1248,Drama,,,2002
1249,Comedy,,,2002
1250,Drama,,,2002
1251,Comedy,Romance,,2002
1252,Drama,,,2002
1253,Comedy,Drama,,2002
1254,Drama,Romance,,2002
1255,Family,,,2002
1256,Musical,,,2002
1257,Drama,,,2002
1258,Drama,,,2002
1259,Drama,Romance,,2002
1260,Comedy,Family,,2002
1261,Drama,,,2002
1262,Drama,Romance,,2002
1263,Animation,Adventure,Romance,2002
1264,Action,Drama,Horror,2002
1265,Comedy,Drama,,2002
1266,Action,,,2002
1267,Horror,Thriller,Mystery,2002
1268,Drama,Mystery,Romance,2002
1269,Comedy,Drama,,2002
1270,Sci-Fi,Thriller,,2002
1271,Comedy,Romance,,2002
1272,Drama,,,2002
1273,Drama,Horror,,2002
1274,Action,Comedy,Horror,2002
1275,Drama,,,2002
1276,Drama,,,2002
1277,Drama,,,2002
1278,Drama,Romance,,2002
1279,Action,Fantasy,Adventure,2002
1280,Comedy,Drama,,2002
1281,Action,Horror,Thriller,2002
1282,Action,Crime,Drama,2002
1283,Comedy,,,2002
1284,Drama,,,2002
1285,Romance,,,2002
1286,Comedy,Drama,Music,2002
1287,Comedy,Horror,Thriller,2002
1288,Drama,,,2002
1289,Comedy,Romance,,2002
1290,Comedy,Romance,,2002
1291,Action,Drama,War,2002
1292,Comedy,Drama,,2002
1293,Comedy,Romance,Drama,2002
1294,Action,Adventure,Comedy,2002
1295,Drama,,,2002
1296,Adventure,Drama,,2002
1297,Drama,,,2002
1298,Romance,Comedy,,2002
1299,Drama,,,2002
1300,Drama,,,2002
1301,Drama,Romance,,2002
1302,Drama,,,2002
1303,Drama,,,2002
1304,Comedy,Drama,,2002
1305,Action,Crime,Drama,2002
1306,Comedy,Drama,Romance,2002
1307,Adventure,Comedy,,2002
1308,Comedy,,,2002
1309,Comedy,Drama,Romance,2002
1310,Drama,,,2002
1311,Comedy,Horror,Sci-Fi,2002
1312,Comedy,,,2002
1313,Drama,,,2002
1314,Action,Crime,Drama,2002
1315,Action,Crime,Thriller,2002
1316,Drama,,,2002
1317,Drama,,,2002
1318,Drama,,,2002
1319,Comedy,,,2002
1320,Drama,Romance,,2002
1321,Horror,,,2002
1322,Drama,,,2002
1323,Drama,,,2002
1324,Drama,,,2002
1325,Comedy,Drama,,2002
1326,Comedy,Crime,,2002
1327,Drama,Family,,2002
1328,Drama,,,2002
1329,Action,Comedy,Fantasy,2002
1330,Drama,,,2002
1331,Thriller,,,2002
1332,Drama,Sci-Fi,Thriller,2002
1333,Drama,,,2002
1334,Comedy,Drama,,2002
1335,Drama,Romance,,2002
1336,Comedy,Drama,,2002
1337,Drama,,,2002
1338,Drama,Romance,,2002
1339,Drama,,,2002
1340,Crime,,,2002
1341,Thriller,,,2002
1342,Horror,,,2002
1343,Thriller,,,2002
1344,Comedy,Drama,,2002
1345,Comedy,Romance,,2002
1346,Drama,,,2002
1347,Drama,,,2002
1348,Action,,,2002
1349,Drama,Family,,2002
1350,Drama,Romance,,2002
1351,Drama,,,2002
1352,Animation,Adventure,Drama,2002
1353,Thriller,,,2002
1354,Family,,,2002
1355,Comedy,,,2002
1356,Comedy,,,2002
1357,Drama,Fantasy,,2002
1358,Comedy,,,2002
1359,Drama,,,2002
1360,Drama,,,2002
1361,Crime,Drama,Thriller,2002
1362,Drama,Romance,,2002
1363,Comedy,,,2002
1364,Comedy,,,2002
1365,Comedy,Drama,,2002
1366,Comedy,Drama,Romance,2002
1367,Drama,Romance,,2002
1368,Comedy,,,2002
1369,Comedy,Drama,Romance,2002
1370,Drama,,,2002
1371,Romance,,,2002
1372,Drama,,,2002
1373,Drama,,,2002
1374,Drama,,,2002
1375,Comedy,Drama,,2002
1376,Drama,,,2002
1377,Drama,,,2002
1378,Comedy,Drama,Fantasy,2002
1379,Comedy,Drama,,2002
1380,Comedy,Romance,,2002
1381,Comedy,Drama,,2002
1382,Comedy,,,2002
1383,Drama,Romance,,2002
1384,Action,Adventure,Drama,2002
1385,Comedy,Romance,,2002
1386,Drama,,,2002
1387,Romance,Drama,Comedy,2002
1388,Horror,,,2002
1389,Comedy,,,2002
1390,Drama,Thriller,,2002
1391,Drama,,,2002
1392,Drama,Music,Romance,2002
1393,Comedy,,,2002
1394,Drama,Romance,,2002
1395,Drama,,,2002
1396,Drama,Mystery,Thriller,2002
1397,Thriller,,,2002
1398,Drama,Romance,,2002
1399,Comedy,,,2002
1400,Comedy,Drama,Fantasy,2002
1401,Action,Drama,,2002
1402,Romance,,,2002
1403,Biography,Drama,History,2002
1404,Drama,,,2002
1405,Action,Drama,Sci-Fi,2002
1406,Comedy,Drama,Romance,2002
1407,Comedy,Drama,Romance,2002
1408,Fantasy,,,2002
1409,Drama,,,2002
1410,Romance,,,2002
1411,Thriller,Sci-Fi,,2002
1412,Comedy,Drama,,2002
1413,Drama,,,2002
1414,Drama,,,2002
1415,Drama,Adventure,Action,2002
1416,Action,Adventure,Fantasy,2002
1417,Drama,,,2002
1418,Comedy,Drama,,2002
1419,Drama,Comedy,,2002
1420,Comedy,Crime,Romance,2002
1421,Drama,,,2002
1422,Drama,,,2002
1423,Romance,,,2002
1424,Drama,Crime,,2002
1425,Action,Drama,,2002
1426,Drama,,,2002
1427,Comedy,Romance,Drama,2002
1428,Drama,,,2002
1429,Comedy,,,2002
1430,Action,,,2002
1431,Drama,Romance,,2002
1432,Thriller,,,2002
1433,Comedy,Music,Romance,2002
1434,Drama,,,2002
1435,Drama,Romance,,2002
1436,Action,Crime,Drama,2002
1437,Drama,,,2002
1438,Animation,Adventure,Drama,2002
1439,Drama,Horror,Mystery,2002
1440,Comedy,,,2002
1441,Adventure,Comedy,Romance,2002
1442,Comedy,Drama,,2002
1443,Comedy,Romance,,2002
1444,Drama,,,2002
1445,Romance,,,2002
1446,Comedy,,,2002
1447,Action,Drama,,2002
1448,Comedy,Crime,Drama,2002
1449,Drama,,,2002
1450,Action,,,2002
1451,Comedy,Romance,Drama,2002
1452,Thriller,Horror,,2002
1453,Drama,,,2002
1454,Fantasy,Romance,,2002
1455,Crime,Drama,Thriller,2002
1456,Drama,Romance,,2002
1457,Drama,Family,,2002
1458,Drama,,,2002
1459,Drama,,,2002
1460,Thriller,,,2002
1461,Drama,,,2002
1462,Comedy,Drama,Music,2002
1463,Romance,,,2002
1464,Comedy,Drama,Romance,2002
1465,Comedy,,,2002
1466,Drama,,,2002
1467,Action,Comedy,Drama,2002
1468,Action,Drama,,2002
1469,Action,,,2002
1470,Sci-Fi,,,2002
1471,Drama,Thriller,,2002
1472,Drama,,,2002
1473,Drama,Comedy,,2002
1474,Action,Thriller,,2002
1475,Horror,Mystery,,2002
1476,Drama,,,2002
1477,Horror,Mystery,,2002
1478,Drama,,,2002
1479,Drama,,,2002
1480,Thriller,,,2002
1481,Comedy,Drama,,2002
1482,Drama,Romance,,2002
1483,Comedy,,,2002
1484,Drama,,,2002
1485,Drama,Music,,2002
1486,Comedy,Family,Romance,2002
1487,Action,,,2002
1488,Drama,,,2002
1489,Comedy,Family,,2002
1490,Action,Drama,,2002
1491,Comedy,Drama,,2002
1492,Comedy,Drama,,2002
1493,Drama,,,2002
1494,Comedy,Drama,Romance,2002
1495,Comedy,,,2002
1496,Musical,,,2002
1497,Animation,Drama,,2002
1498,Drama,,,2002
1499,History,,,2002
1500,Drama,,,2002
1501,Drama,,,2002
1502,Crime,Drama,,2002
1503,Crime,Drama,Mystery,2002
1504,Action,,,2002
1505,Drama,,,2002
1506,Comedy,Mystery,,2002
1507,Drama,Crime,,2002
1508,Drama,,,2002
1509,Biography,Drama,,2002
1510,Drama,Thriller,,2002
1511,Crime,,,2002
1512,Drama,,,2002
1513,Comedy,,,2002
1514,Drama,,,2002
1515,Horror,,,2002
1516,Drama,,,2002
1517,Action,Thriller,,2002
1518,Comedy,,,2002
1519,Action,Adventure,,2002
1520,Drama,,,2002
1521,Drama,Comedy,,2002
1522,Thriller,,,2002
1523,Comedy,Drama,Family,2002
1524,Drama,,,2002
1525,Action,,,2002
1526,Drama,,,2002
1527,Drama,,,2002
1528,Comedy,,,2002
1529,Drama,Romance,,2002
1530,Comedy,,,2002
1531,Romance,,,2002
1532,Action,Drama,Fantasy,2002
1533,Thriller,Drama,Mystery,2002
1534,Comedy,,,2002
1535,Drama,Romance,,2002
1536,Comedy,,,2002
1537,Drama,,,2002
1538,Comedy,Fantasy,,2002
1539,Comedy,Family,,2002
1540,Drama,,,2002
1541,Drama,,,2002
1542,Thriller,,,2002
1543,Comedy,Drama,Romance,2002
1544,Action,Drama,,2002
1545,Adventure,Comedy,Mystery,2002
1546,Drama,,,2002
1547,Action,,,2002
1548,Drama,Romance,,2002
1549,Action,Comedy,,2002
1550,Comedy,,,2002
1551,Comedy,Drama,Fantasy,2002
1552,Thriller,,,2002
1553,Crime,Drama,Romance,2002
1554,Thriller,,,2002
1555,Drama,,,2002
1556,Drama,Romance,,2002
1557,Animation,Adventure,Drama,2002
1558,Drama,,,2002
1559,Drama,,,2002
1560,Comedy,Drama,,2002
1561,Drama,,,2002
1562,Drama,,,2002
1563,Romance,,,2002
1564,Action,,,2002
1565,Action,,,2002
1566,Horror,Thriller,,2002
1567,Crime,,,2002
1568,Horror,,,2002
1569,Comedy,Romance,,2002
1570,Romance,,,2002
1571,Action,Adventure,Comedy,2002
1572,Drama,,,2002
1573,Comedy,Drama,Romance,2002
1574,Drama,,,2002
1575,Drama,,,2002
1576,Comedy,,,2002
1577,Drama,Fantasy,,2002
1578,Drama,Fantasy,,2002
1579,Drama,,,2002
1580,Comedy,,,2002
1581,Drama,Romance,,2002
1582,Drama,,,2002
1583,Comedy,Crime,Drama,2002
1584,Thriller,,,2002
1585,Comedy,Romance,,2002
1586,Romance,,,2002
1587,Drama,,,2002
1588,Horror,Thriller,,2002
1589,Action,Comedy,,2002
1590,Comedy,,,2002
1591,Drama,,,2002
1592,Action,Adventure,War,2002
1593,Drama,,,2002
1594,Adventure,Drama,Mystery,2002
1595,Drama,,,2002
1596,Crime,Drama,Thriller,2002
1597,Comedy,Musical,,2002
1598,Drama,,,2002
1599,Drama,Romance,,2002
1600,Comedy,Romance,,2002
1601,Comedy,Fantasy,Musical,2002
1602,Drama,Romance,,2002
1603,Drama,,,2002
1604,Adventure,,,2002
1605,Comedy,,,2002
1606,Horror,Mystery,Thriller,2002
1607,Drama,,,2002
1608,Crime,Thriller,,2002
1609,Thriller,,,2002
1610,Drama,Fantasy,,2002
1611,Action,Comedy,Drama,2002
1612,Action,,,2002
1613,Comedy,,,2002
1614,Comedy,Fantasy,Sci-Fi,2002
1615,Comedy,Drama,Romance,2002
1616,Comedy,Drama,,2002
1617,Drama,,,2002
1618,Drama,Family,Fantasy,2002
1619,Drama,Horror,,2002
1620,Comedy,,,2002
1621,Drama,,,2002
1622,Comedy,Action,,2002
1623,Comedy,Drama,,2002
1624,Drama,Comedy,Crime,2002
1625,Comedy,,,2002
1626,Drama,,,2002
1627,Drama,Romance,,2002
1628,Adventure,,,2002
1629,Drama,,,2002
1630,Comedy,,,2002
1631,History,,,2002
1632,Drama,Romance,,2002
1633,Action,,,2002
1634,Action,Crime,Drama,2002
1635,Comedy,Romance,,2002
1636,Thriller,,,2002
1637,Adventure,Fantasy,,2002
1638,Adventure,Comedy,Action,2002
1639,Action,Adventure,Comedy,2002
1640,Biography,Drama,Music,2002
1641,Adventure,Fantasy,,2002
1642,Drama,,,2002
1643,Comedy,Thriller,,2002
1644,Drama,Family,Fantasy,2002
1645,Drama,,,2002
1646,Family,,,2002
1647,Comedy,,,2002
1648,Drama,Mystery,,2002
1649,Thriller,,,2002
1650,Action,,,2002
1651,Comedy,,,2002
1652,Comedy,,,2002
1653,Action,Thriller,,2002
1654,Drama,,,2002
1655,Drama,Thriller,,2002
1656,Comedy,,,2002
1657,Drama,Romance,,2002
1658,Crime,Thriller,,2002
1659,Comedy,,,2002
1660,Drama,,,2002
1661,Comedy,,,2002
1662,Drama,Romance,,2002
1663,Drama,,,2002
1664,Drama,,,2002
1665,Comedy,Drama,,2002
1666,Action,Comedy,Romance,2002
1667,Action,Sci-Fi,,2002
1668,Western,,,2002
1669,Romance,,,2002
1670,Fantasy,Horror,Sci-Fi,2002
1671,Comedy,,,2002
1672,Drama,Romance,,2002
1673,Crime,Thriller,,2002
1674,Drama,Romance,,2002
1675,Comedy,,,2002
1676,Thriller,,,2002
1677,Adventure,Fantasy,,2002
1678,Comedy,,,2002
1679,Comedy,Drama,,2002
1680,Drama,Thriller,,2002
1681,Drama,,,2002
1682,Comedy,Drama,,2002
1683,Comedy,Drama,,2002
1684,Comedy,Romance,Drama,2002
1685,Romance,Drama,,2002
1686,Action,,,2002
1687,Action,,,2002
1688,Drama,,,2002
1689,Action,Crime,Drama,2002
1690,Comedy,Drama,,2002
1691,Comedy,,,2002
1692,Drama,Romance,,2002
1693,Horror,Drama,Fantasy,2002
1694,Horror,,,2002
1695,Comedy,Romance,,2002
1696,Drama,Romance,,2002
1697,Action,Adventure,Crime,2002
1698,Comedy,,,2002
1699,Comedy,,,2002
1700,Action,Drama,,2002
1701,Musical,Comedy,Drama,2002
1702,Drama,,,2002
1703,Comedy,,,2002
1704,Comedy,,,2002
1705,Romance,,,2002
1706,Crime,,,2002
1707,Adventure,Reality-TV,,2002
1708,Comedy,Romance,,2002
1709,Comedy,Romance,,2002
1710,Romance,,,2002
1711,Comedy,,,2002
1712,Drama,,,2002
1713,Drama,,,2002
1714,Drama,Romance,,2002
1715,Drama,Family,,2002
1716,Drama,,,2002
1717,Action,Comedy,Thriller,2002
1718,Romance,,,2002
1719,Drama,,,2002
1720,Comedy,Drama,,2002
1721,Comedy,Western,,2002
1722,Comedy,,,2002
1723,Drama,,,2002
1724,Drama,,,2002
1725,Comedy,,,2002
1726,Action,,,2002
1727,Drama,,,2002
1728,Comedy,,,2002
1729,Adventure,Horror,,2002
1730,Drama,,,2002
1731,Drama,,,2002
1732,Comedy,Family,,2002
1733,Comedy,,,2002
1734,Action,Comedy,Horror,2002
1735,Comedy,Crime,Drama,2002
1736,Drama,Thriller,,2002
1737,Comedy,,,2002
1738,Drama,Action,,2002
1739,Drama,,,2002
1740,Crime,,,2002
1741,Action,Crime,Drama,2002
1742,Comedy,,,2002
1743,Drama,,,2002
1744,Fantasy,History,,2002
1745,Drama,Romance,,2002
1746,Thriller,,,2002
1747,Drama,Thriller,,2002
1748,Crime,Drama,,2002
1749,Romance,,,2002
1750,Drama,Romance,,2002
1751,Adventure,Animation,Comedy,2002
1752,Drama,,,2002
1753,Comedy,Crime,,2002
1754,Drama,,,2002
1755,Comedy,Romance,,2002
1756,Drama,,,2002
1757,Drama,Horror,,2002
1758,Drama,,,2002
1759,Drama,Romance,,2002
1760,Drama,,,2002
1761,Drama,,,2002
1762,Drama,Comedy,Romance,2002
1763,Comedy,,,2002
1764,Horror,,,2002
1765,Animation,Fantasy,History,2002
1766,Comedy,Drama,Romance,2002
1767,Horror,Thriller,,2002
1768,Comedy,,,2002
1769,Drama,,,2002
1770,Action,,,2002
1771,Drama,,,2002
1772,Drama,,,2002
1773,Drama,,,2002
1774,Comedy,,,2002
1775,Drama,Music,,2002
1776,Drama,,,2002
1777,Drama,Romance,,2002
1778,Drama,,,2002
1779,Family,,,2002
1780,Comedy,Crime,,2002
1781,Drama,Romance,,2002
1782,Adventure,Romance,Thriller,2002
1783,Action,,,2002
1784,Drama,,,2002
1785,Action,,,2002
1786,Thriller,,,2002
1787,Comedy,,,2002
1788,Action,Crime,Drama,2002
1789,Action,,,2002
1790,Drama,Crime,Romance,2002
1791,Crime,Drama,,2002
1792,Comedy,,,2002
1793,Comedy,Drama,Romance,2002
1794,Drama,,,2002
1795,Comedy,Drama,Family,2002
1796,Action,,,2002
1797,Drama,,,2002
1798,Drama,Romance,,2002
1799,Romance,,,2002
1800,Comedy,Horror,Sci-Fi,2002
1801,Drama,Romance,,2002
1802,Drama,,,2002
1803,Drama,,,2002
1804,Comedy,Drama,,2002
1805,Drama,,,2002
1806,Romance,,,2002
1807,Drama,Romance,,2002
1808,Comedy,,,2002
1809,Drama,,,2002
1810,Drama,,,2002
1811,Drama,,,2002
1812,Drama,,,2002
1813,Drama,Horror,Thriller,2002
1814,Thriller,,,2002
1815,Action,Comedy,,2002
1816,Action,,,2002
1817,Comedy,,,2002
1818,Comedy,Drama,,2002
1819,Comedy,Drama,,2002
1820,Drama,,,2002
1821,Comedy,Drama,Romance,2002
1822,Musical,Action,,2002
1823,Comedy,,,2002
1824,Drama,Family,,2002
1825,Crime,Drama,,2002
1826,Romance,,,2002
1827,Drama,,,2002
1828,Drama,,,2002
1829,Comedy,,,2002
1830,Comedy,,,2002
1831,Action,Comedy,,2002
1832,Comedy,Drama,,2002
1833,Drama,,,2002
1834,Drama,,,2002
1835,Comedy,Drama,,2002
1836,Romance,,,2002
1837,Drama,,,2002
1838,Action,Sci-Fi,Thriller,2002
1839,Drama,,,2002
1840,Adventure,Drama,,2002
1841,Drama,Horror,Thriller,2002
1842,Drama,,,2002
1843,Drama,,,2002
1844,Drama,,,2002
1845,Drama,Horror,Thriller,2002
1846,Comedy,,,2002
1847,Romance,,,2002
1848,Comedy,,,2002
1849,Adventure,Drama,Mystery,2002
1850,Drama,,,2002
1851,Comedy,Romance,,2002
1852,Thriller,War,,2002
1853,Drama,Romance,,2002
1854,Drama,Thriller,,2002
1855,Drama,Romance,,2002
1856,Drama,,,2002
1857,Comedy,,,2002
1858,Comedy,,,2002
1859,Action,Thriller,Crime,2002
1860,Drama,Romance,,2002
1861,Animation,Adventure,Comedy,2002
1862,Drama,Romance,,2002
1863,Drama,Action,Horror,2002
1864,Drama,,,2002
1865,Drama,Family,War,2002
1866,Comedy,Drama,,2002
1867,Biography,Drama,,2002
1868,Romance,War,,2002
1869,Comedy,Drama,,2002
1870,Drama,,,2002
1871,Drama,,,2002
1872,Comedy,Fantasy,Horror,2002
1873,Drama,,,2002
1874,Comedy,Drama,,2002
1875,Drama,,,2002
1876,Drama,Romance,,2002
1877,Drama,,,2002
1878,Action,Romance,,2002
1879,Action,Comedy,,2002
1880,Drama,Family,Romance,2002
1881,Action,,,2002
1882,Animation,,,2002
1883,Comedy,Drama,Romance,2002
1884,Comedy,Drama,Fantasy,2002
1885,Action,Drama,Thriller,2002
1886,Drama,,,2002
1887,Drama,,,2002
1888,Drama,,,2002
1889,Comedy,,,2002
1890,Drama,,,2002
1891,Drama,,,2002
1892,Comedy,,,2002
1893,Drama,,,2002
1894,Comedy,,,2002
1895,Horror,,,2002
1896,Action,,,2002
1897,Drama,,,2002
1898,Drama,Horror,,2002
1899,Horror,,,2002
1900,Drama,,,2002
1901,Drama,,,2002
1902,Drama,,,2002
1903,Action,,,2002
1904,Action,Adventure,,2002
1905,Comedy,,,2002
1906,Crime,Drama,Romance,2002
1907,Drama,Family,,2002
1908,Drama,,,2002
1909,Drama,,,2002
1910,Action,Comedy,,2002
1911,Action,Adventure,Drama,2002
1912,Action,,,2002
1913,Comedy,,,2002
1914,Crime,,,2002
1915,Drama,,,2002
1916,Comedy,Romance,,2002
1917,Crime,Drama,,2002
1918,Comedy,,,2002
1919,Music,,,2002
1920,Drama,Romance,,2002
1921,Drama,History,,2002
1922,Comedy,Family,Romance,2002
1923,Comedy,Romance,,2002
1924,Romance,,,2002
1925,Drama,Comedy,,2002
1926,Comedy,Drama,,2002
1927,Comedy,,,2002
1928,Action,Adventure,,2002
1929,Comedy,,,2002
1930,Drama,,,2002
1931,Romance,,,2002
1932,Drama,,,2002
1933,Action,,,2002
1934,Comedy,,,2002
1935,Drama,,,2002
1936,Action,Crime,Thriller,2002
1937,Action,Comedy,,2002
1938,Comedy,Drama,Romance,2002
1939,Action,,,2002
1940,Drama,,,2002
1941,Comedy,Family,Romance,2002
1942,Drama,,,2002
1943,Drama,Fantasy,,2002
1944,Drama,Family,Comedy,2002
1945,Comedy,Drama,Music,2002
1946,Comedy,Fantasy,Romance,2002
1947,Drama,,,2002
1948,Comedy,,,2002
1949,Western,,,2002
1950,Drama,Romance,,2002
1951,Romance,,,2002
1952,Comedy,,,2002
1953,Comedy,,,2002
1954,Comedy,Drama,,2002
1955,Drama,,,2002
1956,Romance,,,2002
1957,Horror,Thriller,,2002
1958,Action,,,2002
1959,Thriller,,,2002
1960,Drama,,,2002
1961,Comedy,Romance,,2002
1962,Drama,,,2002
1963,Drama,,,2002
1964,Horror,,,2002
1965,Fantasy,Horror,Sci-Fi,2002
1966,Drama,,,2002
1967,Horror,,,2002
1968,Comedy,,,2002
1969,Comedy,Romance,Action,2002
1970,Action,Comedy,Drama,2002
1971,Drama,Romance,,2002
1972,Comedy,Thriller,,2002
1973,Adventure,Family,Fantasy,2002
1974,Comedy,Romance,,2002
1975,Drama,,,2002
1976,Action,Drama,,2002
1977,Horror,Mystery,,2002
1978,Drama,,,2002
1979,Drama,Fantasy,,2002
1980,Thriller,,,2002
1981,Comedy,,,2002
1982,Comedy,Drama,Romance,2002
1983,Action,Crime,,2002
1984,Action,Crime,,2002
1985,War,,,2002
1986,Music,,,2002
1987,Music,,,2002
1988,Comedy,,,2002
1989,Action,,,2002
1990,Comedy,Drama,,2002
1991,Drama,,,2002
1992,Drama,,,2002
1993,Crime,Drama,,2002
1994,Comedy,Drama,,2002
1995,Action,,,2002
1996,Adventure,Comedy,Crime,2002
1997,Drama,Romance,,2002
1998,Comedy,Drama,Crime,2002
1999,Comedy,,,2002
2000,Action,,,2002
2001,Crime,Drama,,2002
2002,Thriller,,,2002
2003,Horror,,,2002
2004,Drama,Horror,Mystery,2002
2005,Drama,,,2002
2006,Drama,,,2002
2007,Romance,,,2002
2008,Comedy,Drama,,2002
2009,Drama,,,2002
2010,Animation,Sci-Fi,War,2002
2011,Comedy,,,2002
2012,Comedy,Drama,Crime,2002
2013,Drama,,,2002
2014,Drama,,,2002
2015,Action,,,2002
2016,Musical,Action,Comedy,2002
2017,Drama,,,2002
2018,Drama,,,2002
2019,Drama,History,Romance,2002
2020,Comedy,Drama,,2002
2021,Comedy,Drama,Romance,2002
2022,Drama,,,2002
2023,Drama,,,2002
2024,Action,,,2002
2025,Drama,,,2002
2026,Drama,,,2002
2027,Biography,Drama,,2002
2028,Action,Comedy,,2002
2029,Comedy,Drama,Romance,2002
2030,Horror,,,2002
2031,Comedy,Horror,Sci-Fi,2002
2032,Action,Drama,Romance,2002
2033,Fantasy,Romance,,2002
2034,Drama,,,2002
2035,Drama,Crime,,2002
2036,Comedy,Drama,,2002
2037,Drama,,,2002
2038,Comedy,Crime,,2002
2039,Drama,Romance,,2002
2040,Musical,Romance,,2002
2041,Romance,,,2002
2042,Drama,Mystery,,2002
2043,Comedy,Drama,,2002
2044,Drama,Mystery,Romance,2002
2045,Horror,,,2002
2046,Action,Romance,,2002
2047,Action,,,2002
2048,Comedy,,,2002
2049,Comedy,Drama,,2002
2050,Action,Crime,Drama,2002
2051,Drama,,,2002
2052,Comedy,,,2002
2053,Comedy,Drama,Musical,2002
2054,Drama,Romance,,2002
2055,Biography,Drama,,2002
2056,Comedy,Drama,,2002
2057,Comedy,Romance,,2002
2058,Comedy,Drama,Romance,2002
2059,Drama,,,2002
2060,Drama,,,2002
2061,Drama,,,2002
2062,Comedy,Drama,,2002
2063,Comedy,Drama,,2002
2064,Comedy,Romance,,2002
2065,Mystery,Thriller,,2002
2066,Romance,,,2002
2067,Comedy,,,2002
2068,Drama,,,2002
2069,Drama,,,2002
2070,Drama,,,2002
2071,Drama,Family,Romance,2002
2072,Drama,Romance,,2002
2073,Drama,Action,Crime,2002
2074,Drama,War,,2002
2075,Comedy,Drama,Romance,2002
2076,Drama,,,2002
2077,Action,,,2002
2078,Drama,,,2002
2079,Comedy,Romance,,2002
2080,Comedy,,,2002
2081,Comedy,Drama,,2002
2082,Comedy,Drama,Romance,2002
2083,Comedy,,,2002
2084,Adventure,Family,,2002
2085,Comedy,Crime,,2002
2086,Drama,Romance,,2002
2087,Horror,,,2002
2088,Thriller,,,2002
2089,Drama,,,2002
2090,Horror,Thriller,,2002
2091,Action,Crime,Drama,2002
2092,Crime,Drama,,2002
2093,Action,Horror,Sci-Fi,2002
2094,Comedy,,,2002
2095,Thriller,,,2002
2096,Action,,,2002
2097,Drama,,,2002
2098,Comedy,Horror,,2002
2099,Drama,,,2002
2100,Comedy,Crime,,2002
2101,Drama,,,2002
2102,Drama,,,2002
2103,Drama,,,2002
2104,Action,,,2002
2105,Comedy,Horror,Thriller,2002
2106,Drama,,,2002
2107,Drama,,,2002
2108,Horror,,,2002
2109,Drama,,,2002
2110,Horror,Mystery,,2002
2111,Drama,Family,,2002
2112,Comedy,Romance,,2002
2113,Drama,Comedy,,2002
2114,Sci-Fi,,,2002
2115,Action,Drama,Thriller,2002
2116,Action,Crime,Drama,2002
2117,Comedy,,,2002
2118,Thriller,,,2002
2119,Action,,,2002
2120,Crime,Drama,,2002
2121,Drama,Romance,,2002
2122,Comedy,,,2002
2123,Drama,,,2002
2124,Action,Romance,,2002
2125,Comedy,Romance,,2002
2126,Drama,Romance,,2002
2127,Comedy,Drama,,2002
2128,Drama,,,2002
2129,Drama,,,2002
2130,Drama,,,2002
2131,Comedy,,,2002
2132,Action,Comedy,,2002
2133,Drama,Music,War,2002
2134,Romance,,,2002
2135,Drama,Fantasy,Mystery,2002
2136,Comedy,Drama,,2002
2137,Drama,,,2002
2138,Drama,,,2002
2139,Drama,Sci-Fi,,2002
2140,Drama,Thriller,,2002
2141,Thriller,,,2002
2142,Drama,History,Romance,2002
2143,Drama,,,2002
2144,Drama,,,2002
2145,Fantasy,,,2002
2146,Drama,,,2002
2147,Comedy,,,2002
2148,Comedy,,,2002
2149,Comedy,Drama,,2002
2150,Drama,,,2002
2151,Drama,Romance,,2002
2152,Thriller,,,2002
2153,Animation,Adventure,Comedy,2002
2154,Drama,,,2002
2155,Crime,,,2002
2156,Drama,,,2002
2157,Drama,Romance,,2002
2158,Horror,,,2002
2159,Family,Comedy,Drama,2002
2160,Action,,,2002
2161,Drama,,,2002
2162,Family,Fantasy,Music,2002
2163,Music,Romance,,2002
2164,Drama,,,2002
2165,Fantasy,,,2002
2166,Drama,,,2002
2167,Drama,Romance,,2002
2168,Comedy,Drama,,2002
2169,Comedy,Romance,,2002
2170,Comedy,,,2002
2171,Drama,,,2002
2172,Comedy,,,2002
2173,Drama,,,2002
2174,Drama,,,2002
2175,Comedy,Romance,,2002
2176,Animation,Family,,2002
2177,Crime,Drama,Music,2002
2178,Romance,,,2002
2179,Thriller,Action,Drama,2002
2180,Drama,,,2002
2181,Action,Drama,Western,2002
2182,Drama,Family,,2002
2183,Drama,,,2002
2184,Drama,,,2002
2185,Animation,Adventure,Family,2002
2186,Sci-Fi,,,2002
2187,Drama,,,2002
2188,Drama,Thriller,,2002
2189,Crime,Drama,,2002
2190,Drama,,,2002
2191,Action,Horror,Mystery,2002
2192,Action,Crime,Drama,2002
2193,Drama,,,2002
2194,Comedy,Drama,Music,2002
2195,Comedy,Drama,Musical,2002
2196,Comedy,Crime,,2002
2197,Thriller,Horror,,2002
2198,Action,Drama,Horror,2002
2199,Drama,,,2002
2200,Comedy,Drama,,2002
2201,Comedy,,,2002
2202,Drama,,,2002
2203,Comedy,,,2002
2204,Sport,,,2002
2205,Comedy,Romance,,2002
2206,Comedy,Drama,,2002
2207,Comedy,Romance,,2002
2208,Drama,Western,,2002
2209,Adventure,Drama,Romance,2002
2210,Drama,,,2002
2211,Fantasy,Romance,,2002
2212,Comedy,Drama,,2002
2213,Comedy,Romance,,2002
2214,Drama,,,2002
2215,Action,,,2002
2216,Comedy,,,2002
2217,Action,,,2002
2218,Comedy,,,2002
2219,Drama,,,2002
2220,Comedy,,,2002
2221,Drama,Music,,2002
2222,Drama,,,2002
2223,Drama,,,2002
2224,Drama,Action,Crime,2002
2225,Comedy,Drama,,2002
2226,Crime,Drama,Thriller,2002
2227,Drama,,,2002
2228,Drama,,,2002
2229,Drama,,,2002
2230,Western,,,2002
2231,Drama,Fantasy,Horror,2002
2232,Drama,,,2002
2233,Action,Crime,Drama,2002
2234,Action,,,2002
2235,Romance,,,2002
2236,Comedy,Family,,2002
2237,Action,Comedy,Crime,2002
2238,Romance,,,2002
2239,Drama,Romance,,2002
2240,Comedy,,,2002
2241,Action,,,2002
2242,Drama,,,2002
2243,Drama,,,2002
2244,Action,Drama,Family,2002
2245,Family,,,2002
2246,Action,,,2002
2247,Comedy,Fantasy,Romance,2002
2248,Thriller,,,2002
2249,Drama,,,2002
2250,Action,,,2002
2251,Family,,,2002
2252,Drama,,,2002
2253,Comedy,Fantasy,Romance,2002
2254,Drama,Musical,,2002
2255,Drama,,,2002
2256,Drama,,,2002
2257,Drama,,,2002
2258,Music,,,2002
2259,Animation,Action,Sci-Fi,2002
2260,Comedy,,,2002
2261,Comedy,,,2002
2262,Drama,Romance,,2002
2263,History,,,2002
2264,Action,,,2002
2265,Musical,Comedy,Romance,2002
2266,Romance,,,2002
2267,Drama,,,2002
2268,Adventure,,,2002
2269,Action,Adventure,,2002
2270,Drama,,,2002
2271,Comedy,Romance,,2002
2272,Crime,Thriller,,2002
2273,Drama,,,2002
2274,Comedy,Romance,,2002
2275,Comedy,Drama,Romance,2002
2276,Drama,,,2002
2277,Drama,,,2002
2278,Drama,Romance,,2002
2279,Comedy,,,2002
2280,Drama,,,2002
2281,Comedy,Drama,Romance,2002
2282,Drama,Sci-Fi,,2002
2283,Action,,,2002
2284,Drama,,,2002
2285,Comedy,Drama,,2002
2286,Action,,,2002
2287,Comedy,Drama,,2002
2288,Fantasy,Mystery,,2002
2289,Drama,,,2002
2290,Comedy,,,2002
2291,Drama,,,2002
2292,Comedy,,,2002
2293,Thriller,,,2002
2294,Comedy,Drama,Romance,2002
2295,Thriller,,,2002
2296,Drama,Western,,2002
2297,Action,,,2002
2298,Drama,,,2002
2299,Family,,,2002
2300,Drama,Romance,,2002
2301,Comedy,Musical,,2002
2302,Comedy,,,2002
2303,Action,,,2002
2304,Action,,,2002
2305,Comedy,Romance,,2002
2306,Drama,,,2002
2307,Drama,,,2002
2308,Thriller,,,2002
2309,Comedy,Drama,Romance,2002
2310,Drama,History,,2002
2311,Drama,,,2002
2312,Drama,,,2002
2313,Animation,Sci-Fi,War,2002
2314,Comedy,Fantasy,Horror,2002
2315,Comedy,,,2002
2316,Comedy,,,2002
2317,Drama,,,2002
2318,Crime,Drama,,2002
2319,Music,,,2002
2320,Drama,,,2002
2321,Comedy,Drama,,2002
2322,Horror,,,2002
2323,Action,War,,2002
2324,Biography,,,2002
2325,Drama,,,2002
2326,Action,Crime,Drama,2002
2327,Horror,,,2002
2328,Action,,,2002
2329,Action,,,2002
2330,Drama,,,2002
2331,Drama,,,2002
2332,Drama,,,2002
2333,Action,Thriller,,2002
2334,Comedy,Romance,,2002
2335,Drama,,,2002
2336,Comedy,Family,Drama,2002
2337,Drama,,,2002
2338,Action,Comedy,Drama,2002
2339,Drama,,,2002
2340,Thriller,,,2002
2341,Comedy,,,2002
2342,Drama,Adventure,Crime,2002
2343,Romance,,,2002
2344,Action,,,2002
2345,Drama,,,2002
2346,Comedy,,,2002
2347,Drama,Horror,Romance,2002
2348,Comedy,Romance,,2002
2349,Comedy,Romance,,2002
2350,Animation,,,2002
2351,Drama,Thriller,Horror,2002
2352,Action,Drama,Family,2002
2353,Drama,Romance,Comedy,2002
2354,Drama,,,2002
2355,Comedy,Romance,,2002
2356,Drama,,,2002
2357,Action,Crime,,2002
2358,Drama,,,2002
2359,Drama,Romance,,2002
2360,Comedy,,,2002
2361,Drama,,,2002
2362,Thriller,,,2002
2363,Adventure,Drama,Romance,2002
2364,Drama,,,2002
2365,Sport,,,2002
2366,Adventure,Drama,Romance,2002
2367,Comedy,,,2002
2368,Drama,,,2002
2369,Comedy,Drama,,2002
2370,Crime,Drama,,2002
2371,Comedy,Crime,Drama,2002
2372,Comedy,,,2002
2373,Drama,,,2002
2374,Drama,,,2002
2375,Crime,Drama,,2002
2376,Romance,,,2002
2377,Drama,,,2002
2378,Drama,,,2002
2379,Horror,,,2002
2380,Musical,Thriller,Sci-Fi,2002
2381,Drama,,,2002
2382,Drama,,,2002
2383,Mystery,,,2002
2384,Biography,Drama,Family,2002
2385,Drama,Romance,,2002
2386,Drama,,,2002
2387,Comedy,Drama,,2002
2388,Drama,,,2002
2389,Thriller,,,2002
2390,Family,,,2002
2391,Sci-Fi,Fantasy,,2002
2392,Comedy,,,2002
2393,Romance,,,2002
2394,Thriller,,,2002
2395,Comedy,,,2002
2396,Drama,Horror,,2002
2397,Comedy,Romance,,2002
2398,Action,War,,2002
2399,Comedy,,,2002
2400,Horror,,,2002
2401,Fantasy,,,2002
2402,Action,Drama,Romance,2002
2403,Crime,Mystery,Romance,2002
2404,Drama,,,2002
2405,Comedy,,,2002
2406,Drama,,,2002
2407,Comedy,Family,,2002
2408,Horror,,,2002
2409,Comedy,,,2002
2410,Action,Drama,Fantasy,2002
2411,Sci-Fi,Drama,,2002
2412,Romance,,,2002
2413,Adventure,Comedy,Family,2002
2414,Drama,,,2002
2415,Drama,,,2002
2416,Action,,,2002
2417,Drama,,,2002
2418,Thriller,,,2002
2419,Comedy,,,2002
2420,Action,,,2002
2421,Comedy,Romance,,2002
2422,Action,Drama,,2002
2423,Drama,,,2002
2424,Crime,,,2002
2425,Horror,,,2002
2426,Drama,Comedy,,2002
2427,Crime,Mystery,,2002
2428,Drama,,,2002
2429,Drama,,,2002
2430,Drama,,,2002
2431,Drama,,,2002
2432,Action,Drama,,2002
2433,Drama,,,2002
2434,Drama,,,2002
2435,Drama,,,2002
2436,Comedy,,,2002
2437,Action,,,2002
2438,Drama,Action,,2002
2439,Drama,,,2002
2440,Drama,Romance,Thriller,2002
2441,Musical,,,2002
2442,Drama,Family,,2002
2443,Animation,,,2002
2444,Drama,,,2002
2445,Crime,,,2002
2446,Drama,,,2002
2447,Comedy,,,2002
2448,Drama,,,2002
2449,Drama,,,2002
2450,Comedy,Romance,,2002
2451,Music,,,2002
2452,Comedy,Horror,Thriller,2002
2453,Drama,,,2002
2454,Action,,,2002
2455,Drama,Family,Romance,2002
2456,Comedy,Horror,,2002
2457,Comedy,,,2002
2458,Drama,,,2002
2459,Western,,,2002
2460,Comedy,Drama,,2002
2461,Mystery,,,2002
2462,Comedy,,,2002
2463,Drama,,,2002
2464,Drama,,,2002
2465,Comedy,,,2002
2466,Comedy,Drama,,2002
2467,Comedy,,,2002
2468,Drama,,,2002
2469,Action,,,2002
2470,Romance,,,2002
2471,Adventure,,,2002
2472,Comedy,Musical,,2002
2473,Thriller,,,2002
2474,Mystery,Thriller,,2002
2475,Comedy,,,2002
2476,Thriller,,,2002
2477,Drama,,,2002
2478,Comedy,Family,Romance,2002
2479,Drama,,,2002
2480,Comedy,,,2002
2481,Romance,,,2002
2482,Fantasy,,,2002
2483,Animation,,,2002
2484,Drama,,,2002
2485,Animation,Fantasy,Sci-Fi,2002
2486,Drama,,,2002
2487,Drama,Horror,Mystery,2002
2488,Adventure,Family,,2002
2489,Adventure,Fantasy,Action,2002
2490,Drama,,,2002
2491,Drama,,,2002
2492,Romance,,,2002
2493,Drama,Mystery,,2002
2494,Comedy,Romance,,2002
2495,Comedy,Drama,,2002
2496,Action,Drama,,2002
2497,Drama,,,2002
2498,Comedy,,,2002
2499,Action,Crime,Drama,2002
2500,Comedy,Crime,,2002
2501,Romance,,,2002
2502,Thriller,,,2002
2503,Comedy,,,2002
2504,Comedy,,,2002
2505,Crime,Drama,,2002
2506,Thriller,,,2002
2507,Comedy,,,2002
2508,Action,Adventure,Drama,2002
2509,Fantasy,Sci-Fi,,2002
2510,Drama,,,2002
2511,Drama,,,2002
2512,Romance,,,2002
2513,Comedy,Drama,,2002
2514,Romance,,,2002
2515,Drama,Romance,,2002
2516,Thriller,,,2002
2517,Comedy,,,2002
2518,Comedy,Drama,Romance,2002
2519,Action,Thriller,,2002
2520,Romance,,,2002
2521,Action,,,2002
2522,Drama,,,2002
2523,Drama,,,2002
2524,Family,Fantasy,Horror,2002
2525,Comedy,,,2002
2526,Action,Adventure,Animation,2002
2527,Drama,,,2002
2528,Comedy,Drama,,2002
2529,Drama,,,2002
2530,Comedy,Romance,,2002
2531,Sci-Fi,Thriller,,2002
2532,Action,Drama,,2002
2533,Drama,,,2002
2534,Drama,,,2002
2535,Drama,,,2002
2536,Action,Crime,,2002
2537,Action,Drama,Romance,2002
2538,Comedy,,,2002
2539,Adventure,Comedy,Drama,2002
2540,Adventure,,,2002
2541,Thriller,,,2002
2542,Action,Adventure,Comedy,2002
2543,Drama,,,2002
2544,Horror,,,2002
2545,Thriller,,,2002
2546,Romance,,,2002
2547,Drama,,,2002
2548,Thriller,,,2002
2549,Comedy,,,2002
2550,Adventure,Comedy,,2002
2551,Action,,,2002
2552,Crime,Drama,Romance,2002
2553,Drama,,,2002
2554,Drama,,,2002
2555,Romance,,,2002
2556,Comedy,,,2002
2557,Drama,,,2002
2558,Adventure,Action,Drama,2002
2559,Drama,,,2002
2560,Family,,,2002
2561,Drama,,,2002
2562,Romance,Sci-Fi,,2002
2563,Comedy,Musical,,2002
2564,Thriller,,,2002
2565,Comedy,Romance,,2002
2566,Comedy,Drama,,2002
2567,Comedy,Fantasy,Horror,2002
2568,Thriller,,,2002
2569,Romance,,,2002
2570,Comedy,,,2002
2571,Thriller,,,2002
2572,Romance,,,2002
2573,Drama,,,2002
2574,Sci-Fi,,,2002
2575,Comedy,,,2002
2576,Drama,Romance,,2002
2577,Drama,,,2002
2578,Drama,,,2002
2579,Drama,,,2002
2580,Comedy,,,2002
2581,Comedy,,,2002
2582,Drama,Romance,,2002
2583,Thriller,,,2002
2584,Fantasy,Horror,,2002
2585,Action,,,2002
2586,Drama,,,2002
2587,Drama,,,2002
2588,Comedy,,,2002
2589,Drama,,,2002
2590,Drama,,,2002
2591,Drama,,,2002
2592,Animation,Horror,,2002
2593,Drama,,,2002
2594,Crime,Mystery,Thriller,2002
2595,Fantasy,Sci-Fi,,2002
2596,Drama,,,2002
2597,Drama,,,2002
2598,Drama,,,2002
2599,Drama,Mystery,,2002
2600,Drama,,,2002
2601,Action,,,2002
2602,Drama,,,2002
2603,Fantasy,Thriller,,2002
2604,Comedy,Drama,,2002
2605,Thriller,,,2002
2606,Drama,,,2002
2607,Drama,,,2002
2608,Thriller,,,2002
2609,Drama,,,2002
2610,Action,,,2002
2611,Comedy,Romance,,2002
2612,Action,,,2002
2613,Animation,Adventure,Family,2002
2614,Drama,,,2002
2615,Drama,,,2002
2616,Drama,Crime,,2002
2617,Crime,,,2002
2618,Action,,,2002
2619,Drama,Action,Thriller,2002
2620,Horror,,,2002
2621,Comedy,Drama,,2002
2622,Comedy,Drama,Romance,2002
2623,Romance,,,2002
2624,Drama,,,2002
2625,Crime,Mystery,Thriller,2002
2626,Comedy,Drama,,2002
2627,Animation,,,2002
2628,Romance,,,2002
2629,Drama,,,2002
2630,Thriller,,,2002
2631,Drama,,,2002
2632,Drama,Romance,,2002
2633,Fantasy,,,2002
2634,Music,,,2002
2635,Animation,Adventure,Drama,2002
2636,Comedy,,,2002
2637,Comedy,,,2002
2638,Comedy,Drama,Romance,2002
2639,Action,,,2002
2640,Drama,,,2002
2641,Drama,,,2002
2642,Thriller,,,2002
2643,Horror,,,2002
2644,Comedy,Drama,,2002
2645,Drama,,,2002
2646,Drama,,,2002
2647,Comedy,Drama,Fantasy,2002
2648,Comedy,,,2002
2649,Drama,Romance,,2002
2650,Fantasy,,,2002
2651,Drama,,,2002
2652,Romance,,,2002
2653,Drama,,,2002
2654,Comedy,,,2002
2655,Comedy,,,2002
2656,Drama,Romance,,2002
2657,Sport,,,2002
2658,Drama,,,2002
2659,Comedy,,,2002
2660,Drama,,,2002
2661,Adventure,Comedy,Action,2002
2662,Drama,,,2002
2663,Comedy,,,2002
2664,Drama,,,2002
2665,Action,,,2002
2666,Thriller,,,2002
2667,Crime,Thriller,Drama,2002
2668,History,,,2002
2669,Action,,,2002
2670,Action,Comedy,,2002
2671,Drama,Romance,Family,2002
2672,Action,,,2002
2673,Comedy,,,2002
2674,Horror,,,2002
2675,Drama,,,2002
2676,Drama,,,2002
2677,Action,Drama,,2002
2678,Thriller,,,2002
2679,Drama,,,2002
2680,Comedy,Crime,Drama,2002
2681,Thriller,,,2002
2682,Romance,,,2002
2683,Drama,,,2002
2684,Comedy,,,2002
2685,Comedy,,,2002
2686,Thriller,,,2002
2687,Drama,,,2002
2688,Drama,Musical,,2002
2689,Drama,,,2002
2690,Drama,,,2002
2691,Drama,,,2002
2692,Mystery,,,2002
2693,Drama,Romance,,2002
2694,Drama,,,2002
2695,Drama,Mystery,,2002
2696,Crime,Drama,Fantasy,2002
2697,Romance,,,2002
2698,Fantasy,Horror,Sci-Fi,2002
2699,Drama,,,2002
2700,Drama,,,2002
2701,Action,Comedy,,2002
2702,Thriller,,,2002
2703,Drama,,,2002
2704,Romance,,,2002
2705,Adventure,Mystery,Sci-Fi,2002
2706,Horror,,,2002
2707,Crime,Drama,,2002
2708,Drama,,,2002
2709,Romance,,,2002
2710,Romance,,,2002
2711,Comedy,,,2002
2712,Drama,,,2002
2713,Comedy,,,2002
2714,Drama,,,2002
2715,Comedy,,,2002
2716,Drama,,,2002
2717,Comedy,,,2002
2718,Drama,,,2002
2719,Crime,Drama,,2002
2720,Comedy,Drama,,2002
2721,Crime,Thriller,,2002
2722,Adventure,Comedy,,2002
2723,Comedy,Drama,Musical,2002
2724,Action,Crime,Drama,2002
2725,Drama,,,2002
2726,Drama,,,2002
2727,Comedy,Drama,,2002
2728,Sci-Fi,,,2002
2729,Thriller,,,2002
2730,Action,,,2002
2731,Comedy,Romance,,2002
2732,Drama,,,2002
2733,Horror,Mystery,,2002
2734,Sci-Fi,Comedy,Fantasy,2002
2735,Drama,,,2002
2736,Drama,Action,,2002
2737,Drama,,,2002
2738,Thriller,,,2002
2739,Drama,Horror,,2002
2740,Crime,Mystery,Thriller,2002
2741,Comedy,,,2002
2742,Comedy,,,2002
2743,Biography,Drama,History,2002
2744,Action,,,2002
2745,Drama,Sport,,2002
2746,Action,Romance,Comedy,2002
2747,Drama,,,2002
2748,Drama,,,2002
2749,Comedy,,,2002
2750,Comedy,Romance,,2002
2751,Comedy,,,2002
2752,Action,Horror,Mystery,2002
2753,Drama,Romance,,2002
2754,Comedy,Drama,Romance,2002
2755,Comedy,Drama,Horror,2002
2756,Drama,Fantasy,Romance,2002
2757,Comedy,,,2002
2758,Thriller,,,2002
2759,Thriller,,,2002
2760,Thriller,,,2002
2761,Drama,,,2002
2762,Comedy,,,2002
2763,Thriller,,,2002
2764,Comedy,,,2002
2765,Comedy,,,2002
2766,Comedy,Drama,,2002
2767,Crime,Drama,,2002
2768,Drama,,,2002
2769,Action,Horror,Thriller,2002
2770,Crime,,,2002
2771,Drama,,,2002
2772,Drama,,,2002
2773,Drama,,,2002
2774,Drama,,,2002
2775,War,,,2002
2776,Comedy,Family,,2002
2777,Drama,,,2002
2778,Comedy,,,2002
2779,Drama,,,2002
2780,Action,,,2002
2781,Drama,,,2002
2782,Drama,,,2002
2783,Comedy,,,2002
2784,Sci-Fi,,,2002
2785,Drama,Horror,,2002
2786,Crime,Drama,,2002
2787,Comedy,,,2002
2788,Musical,,,2002
2789,Comedy,Fantasy,Romance,2002
2790,Drama,,,2002
2791,Animation,Family,Musical,2002
2792,Drama,,,2002
2793,Crime,Drama,Romance,2002
2794,Drama,Romance,,2002
2795,Comedy,,,2002
2796,Drama,,,2002
2797,Comedy,Drama,,2002
2798,Comedy,Drama,,2002
2799,History,,,2002
2800,Biography,,,2002
2801,Drama,,,2002
2802,Drama,,,2002
2803,Horror,,,2002
2804,Comedy,Family,,2002
2805,Drama,,,2002
2806,Comedy,Romance,,2002
2807,Thriller,,,2002
2808,Horror,,,2002
2809,Drama,,,2002
2810,Sport,,,2002
2811,Drama,War,,2002
2812,Comedy,Drama,,2002
2813,Drama,,,2002
2814,Crime,Thriller,,2002
2815,Comedy,Family,Romance,2002
2816,Drama,,,2002
2817,Thriller,,,2002
2818,Comedy,,,2002
2819,Drama,Family,,2002
2820,Drama,,,2002
2821,Drama,,,2002
2822,Drama,Crime,,2002
2823,Drama,,,2002
2824,Comedy,Horror,,2002
2825,Drama,,,2002
2826,Crime,Thriller,,2002
2827,Comedy,Drama,Family,2002
2828,Action,,,2002
2829,Horror,,,2002
2830,Thriller,,,2002
2831,Drama,,,2002
2832,Thriller,,,2002
2833,Drama,,,2002
2834,Horror,Mystery,Thriller,2002
2835,Fantasy,Romance,Thriller,2002
2836,Drama,Romance,,2002
2837,Drama,,,2002
2838,Drama,,,2002
2839,Drama,,,2002
2840,Comedy,Thriller,Drama,2002
2841,Comedy,,,2002
2842,Drama,,,2002
2843,Drama,,,2002
2844,Thriller,,,2002
2845,Drama,Family,Fantasy,2002
2846,Comedy,,,2002
2847,Animation,Comedy,Romance,2002
2848,Drama,,,2002
2849,Drama,,,2002
2850,Comedy,Drama,Romance,2002
2851,Drama,,,2002
2852,Adventure,,,2002
2853,Thriller,,,2002
2854,Action,Drama,,2002
2855,Drama,,,2002
2856,Animation,,,2002
2857,Drama,,,2002
2858,Drama,,,2002
2859,Thriller,,,2002
2860,Action,Drama,,2002
2861,Action,,,2002
2862,Action,,,2002
2863,Drama,,,2002
2864,Fantasy,,,2002
2865,Comedy,Drama,Romance,2002
2866,Animation,,,2002
2867,Drama,,,2002
2868,Adventure,,,2002
2869,Drama,,,2002
2870,Comedy,Drama,Horror,2002
2871,Drama,,,2002
2872,Comedy,Drama,,2002
2873,Romance,,,2002
2874,Drama,Horror,,2002
2875,Fantasy,,,2002
2876,Comedy,,,2002
2877,Mystery,,,2002
2878,Horror,,,2002
2879,Comedy,,,2002
2880,Comedy,Drama,,2002
2881,Adventure,Animation,Family,2002
2882,Comedy,,,2002
2883,Thriller,,,2002
2884,Drama,Romance,,2002
2885,Drama,,,2002
2886,Musical,Drama,,2002
2887,Drama,Romance,,2002
2888,Comedy,,,2002
2889,Biography,Drama,,2002
2890,Drama,,,2002
2891,Comedy,,,2002
2892,Biography,,,2002
2893,Comedy,Sport,,2002
2894,Drama,,,2002
2895,Drama,Horror,Thriller,2002
2896,Drama,,,2002
2897,Action,Comedy,Romance,2002
2898,Thriller,,,2002
2899,Action,,,2002
2900,Drama,,,2002
2901,Drama,,,2002
2902,Comedy,Crime,Romance,2002
2903,Comedy,,,2002
2904,Romance,,,2002
2905,Romance,,,2002
2906,Drama,,,2002
2907,Action,,,2002
2908,Drama,Romance,,2002
2909,Drama,,,2002
2910,Action,Comedy,,2002
2911,Comedy,,,2002
2912,Drama,,,2002
2913,Sport,,,2002
2914,Drama,,,2002
2915,Drama,,,2002
2916,Action,Comedy,,2002
2917,Drama,,,2002
2918,Action,Crime,Drama,2002
2919,Comedy,Drama,,2002
2920,Drama,Horror,Thriller,2002
2921,Fantasy,,,2002
2922,Drama,,,2002
2923,Drama,,,2002
2924,Drama,,,2002
2925,Action,Crime,Sci-Fi,2002
2926,Drama,,,2002
2927,Drama,Thriller,,2002
2928,Comedy,,,2002
2929,Romance,,,2002
2930,Drama,,,2002
2931,Sport,,,2002
2932,Drama,,,2002
2933,Comedy,,,2002
2934,Fantasy,Sci-Fi,,2002
2935,Comedy,Horror,,2002
2936,Drama,Family,Music,2002
2937,Comedy,Drama,,2002
2938,Thriller,,,2002
2939,Romance,,,2002
2940,Drama,,,2002
2941,Drama,Sport,,2002
2942,Drama,,,2002
2943,Sport,,,2002
2944,Horror,Thriller,,2002
2945,Comedy,,,2002
2946,Drama,,,2002
2947,Drama,,,2002
2948,Drama,,,2002
2949,Drama,,,2002
2950,Thriller,,,2002
2951,Sci-Fi,,,2002
2952,Sport,,,2002
2953,Drama,,,2002
2954,Action,Crime,Drama,2002
2955,Drama,,,2002
2956,Drama,,,2002
2957,Drama,Fantasy,Horror,2002
2958,Drama,,,2002
2959,Action,Drama,,2002
2960,Comedy,,,2002
2961,Comedy,,,2002
2962,Sport,,,2002
2963,Sport,,,2002
2964,Action,Comedy,Sci-Fi,2002
2965,Drama,,,2002
2966,Action,Adventure,Comedy,2002
2967,Drama,,,2002
2968,Comedy,Drama,Mystery,2002
2969,Action,Crime,Thriller,2002
2970,Sport,,,2002
2971,Adventure,Drama,Fantasy,2002
2972,Drama,,,2002
2973,Crime,Drama,,2002
2974,Sport,,,2002
2975,Drama,,,2002
2976,Comedy,,,2002
2977,Sport,,,2002
2978,Action,,,2002
2979,Sport,,,2002
2980,Music,,,2002
2981,Comedy,Drama,Family,2002
2982,Drama,,,2002
2983,Comedy,,,2002
2984,Drama,,,2002
2985,Comedy,,,2002
2986,Sport,,,2002
2987,Comedy,,,2002
2988,Action,,,2002
2989,Family,,,2002
2990,Horror,,,2002
2991,Sport,,,2002
2992,Drama,Comedy,,2002
2993,Action,,,2002
2994,Sport,,,2002
2995,Drama,,,2002
2996,Drama,Crime,,2002
2997,Sport,,,2002
2998,Sport,,,2002
2999,Thriller,,,2002
3000,Comedy,,,2002
3001,Comedy,Romance,,2002
3002,Comedy,,,2002
3003,Drama,,,2002
3004,Mystery,Comedy,,2002
3005,Comedy,,,2002
3006,Comedy,,,2002
3007,Drama,,,2002
3008,Animation,Drama,Romance,2002
3009,Romance,,,2002
3010,Drama,,,2002
3011,Sci-Fi,,,2002
3012,Action,,,2002
3013,Music,,,2002
3014,Comedy,,,2002
3015,Drama,Mystery,,2002
3016,Drama,,,2002
3017,Sport,,,2002
3018,Sport,,,2002
3019,Drama,,,2002
3020,Crime,,,2002
3021,Comedy,,,2002
3022,Family,,,2002
3023,Thriller,,,2002
3024,Sport,,,2002
3025,Comedy,,,2002
3026,Drama,,,2002
3027,Thriller,,,2002
3028,Crime,Drama,Thriller,2002
3029,Musical,,,2002
3030,Drama,,,2002
3031,Drama,Action,Comedy,2002
3032,Thriller,,,2002
3033,Drama,Thriller,,2002
3034,Music,,,2002
3035,Comedy,,,2002
3036,Action,,,2002
3037,Sport,,,2002
3038,Drama,,,2002
3039,Romance,,,2002
3040,Comedy,,,2002
3041,Sport,,,2002
3042,Thriller,,,2002
3043,Comedy,,,2002
3044,Drama,,,2002
3045,Horror,,,2002
3046,Western,,,2002
3047,Comedy,,,2002
3048,Thriller,,,2002
3049,Western,,,2002
3050,Drama,Crime,,2002
3051,Action,Crime,Drama,2002
3052,Drama,,,2002
3053,Comedy,,,2002
3054,Drama,,,2002
3055,Sport,,,2002
3056,Romance,,,2002
3057,Drama,,,2002
3058,Drama,,,2002
3059,Drama,,,2002
3060,Crime,Drama,Romance,2002
3061,Drama,,,2002
3062,Adventure,Comedy,Sci-Fi,2002
3063,Drama,Romance,,2002
3064,Sport,,,2002
3065,Drama,Family,,2002
3066,Drama,Thriller,,2002
3067,Comedy,,,2002
3068,Drama,,,2002
3069,Drama,,,2002
3070,Comedy,,,2002
3071,Drama,Thriller,,2002
3072,Drama,,,2002
3073,Drama,,,2002
3074,Drama,,,2002
3075,Comedy,,,2002
3076,Drama,,,2002
3077,Drama,,,2002
3078,Drama,,,2002
3079,Drama,,,2002
3080,Drama,,,2002
3081,Drama,,,2002
3082,Horror,,,2002
3083,Drama,,,2002
3084,Crime,Drama,,2002
3085,Sport,,,2002
3086,Animation,,,2002
3087,Sport,,,2002
3088,Comedy,,,2002
3089,Action,Adventure,Drama,2002
3090,Drama,,,2002
3091,Action,,,2002
3092,Family,,,2002
3093,Sport,,,2002
3094,Drama,War,,2002
3095,Drama,,,2002
3096,Action,Crime,Drama,2002
3097,Sport,,,2002
3098,Horror,Mystery,,2002
3099,Drama,,,2002
3100,Drama,,,2002
3101,Drama,,,2002
3102,Musical,,,2002
3103,Comedy,Drama,,2002
3104,Sport,,,2002
3105,Drama,,,2002
3106,Drama,,,2002
3107,Comedy,,,2002
3108,Drama,,,2002
3109,Sport,,,2002
3110,Action,Drama,Sport,2002
3111,Comedy,Action,Adventure,2002
3112,Drama,Thriller,,2002
3113,Drama,,,2002
3114,Animation,,,2002
3115,Drama,Romance,,2002
3116,Family,Fantasy,,2002
3117,Drama,,,2002
3118,Drama,,,2002
3119,Action,,,2002
3120,Action,,,2002
3121,Sport,,,2002
3122,Fantasy,,,2002
3123,Action,,,2002
3124,Action,Adventure,Thriller,2002
3125,Drama,,,2002
3126,Drama,,,2002
3127,Drama,,,2002
3128,Action,,,2002
3129,Drama,,,2002
3130,Drama,Comedy,,2002
3131,Drama,Romance,Thriller,2002
3132,Drama,,,2002
3133,Comedy,,,2002
3134,Comedy,Drama,,2002
3135,Drama,,,2002
3136,Drama,,,2002
3137,Drama,,,2002
3138,Animation,Drama,,2002
3139,Drama,,,2002
3140,War,,,2002
3141,Action,Thriller,,2002
3142,Sport,,,2002
3143,Sport,,,2002
3144,Adventure,Drama,Action,2002
3145,Drama,,,2002
3146,Comedy,,,2002
3147,Comedy,,,2002
3148,Drama,,,2002
3149,Action,Comedy,Drama,2002
3150,Mystery,,,2002
3151,Action,Comedy,Crime,2002
3152,Adventure,,,2002
3153,Drama,,,2002
3154,Mystery,Thriller,,2002
3155,Drama,,,2002
3156,Drama,,,2002
3157,Sport,,,2002
3158,Drama,,,2002
3159,Comedy,Drama,,2002
3160,Drama,,,2002
3161,Comedy,,,2002
3162,Drama,,,2002
3163,Sport,,,2002
3164,Drama,,,2002
3165,Drama,,,2002
3166,Comedy,,,2002
3167,Thriller,,,2002
3168,Comedy,Crime,,2002
3169,Romance,,,2002
3170,Drama,,,2002
3171,Comedy,Romance,,2002
3172,Drama,,,2002
3173,Drama,,,2002
3174,Drama,Romance,,2002
3175,Thriller,,,2002
3176,Action,Adventure,Drama,2002
3177,Sci-Fi,,,2002
3178,Comedy,Crime,Action,2002
3179,Comedy,,,2002
3180,Sport,,,2002
3181,Drama,Family,War,2002
3182,Drama,Musical,,2002
3183,Horror,,,2002
3184,Drama,,,2002
3185,Action,,,2002
3186,Drama,,,2002
3187,Action,Crime,Drama,2002
3188,Biography,Drama,,2002
3189,Comedy,,,2002
3190,Comedy,,,2002
3191,Comedy,Drama,,2002
3192,Drama,,,2002
3193,Drama,,,2002
3194,Biography,Drama,Family,2002
3195,Horror,,,2002
3196,Drama,,,2002
3197,Comedy,Drama,,2002
3198,Drama,,,2002
3199,Action,,,2002
3200,Drama,,,2002
3201,Action,,,2002
3202,Drama,,,2002
3203,Sport,,,2002
3204,Action,,,2002
3205,Sport,,,2002
3206,Action,,,2002
3207,Drama,,,2002
3208,Action,,,2002
3209,Comedy,Drama,Romance,2002
3210,Drama,Romance,,2002
3211,Thriller,,,2002
3212,Adventure,Family,Fantasy,2002
3213,Comedy,,,2002
3214,Romance,,,2002
3215,Drama,,,2002
3216,Drama,,,2002
3217,Action,Crime,Drama,2002
3218,Comedy,,,2002
3219,Comedy,,,2002
3220,Romance,,,2002
3221,Fantasy,,,2002
3222,Crime,,,2002
3223,Comedy,,,2002
3224,Drama,,,2002
3225,Drama,,,2002
3226,Romance,Drama,,2002
3227,Comedy,Crime,Drama,2002
3228,Action,Comedy,,2002
3229,Comedy,,,2002
3230,Drama,,,2002
3231,Comedy,,,2002
3232,Drama,,,2002
3233,Drama,,,2002
3234,History,,,2002
3235,Drama,Romance,,2002
3236,Comedy,Romance,,2002
3237,Comedy,Romance,,2002
3238,Fantasy,Mystery,,2002
3239,Comedy,,,2002
3240,Thriller,,,2002
3241,Sci-Fi,,,2002
3242,Action,,,2002
3243,Fantasy,Musical,,2002
3244,Drama,,,2002
3245,Drama,,,2002
3246,Drama,,,2002
3247,Drama,Fantasy,,2002
3248,Action,,,2002
3249,Comedy,,,2002
3250,Action,,,2002
3251,Drama,,,2002
3252,Drama,Comedy,Thriller,2002
3253,Drama,Fantasy,Sci-Fi,2002
3254,Drama,,,2002
3255,Drama,,,2002
3256,Drama,,,2002
3257,Thriller,,,2002
3258,Action,Crime,Thriller,2002
3259,Drama,,,2002
3260,Horror,,,2002
3261,Sport,,,2002
3262,Drama,,,2002
3263,Action,Drama,,2002
3264,Animation,,,2002
3265,Action,Comedy,,2002
3266,Crime,,,2002
3267,Drama,,,2002
3268,Comedy,,,2002
3269,Drama,,,2002
3270,Action,,,2002
3271,Drama,,,2002
3272,Comedy,,,2002
3273,Drama,,,2002
3274,Fantasy,,,2002
3275,Drama,Fantasy,Mystery,2002
3276,Adventure,Animation,Drama,2002
3277,Drama,,,2002
3278,Drama,Romance,,2002
3279,Action,Adventure,,2002
3280,Comedy,,,2002
3281,Musical,,,2002
3282,Sci-Fi,,,2002
3283,Action,,,2002
3284,Thriller,,,2002
3285,Fantasy,,,2002
3286,Drama,,,2002
3287,Drama,,,2002
3288,Drama,,,2002
3289,Drama,,,2002
3290,Adventure,Comedy,Drama,2002
3291,Drama,,,2002
3292,Mystery,,,2002
3293,Comedy,Romance,,2002
3294,Drama,,,2002
3295,Comedy,,,2002
3296,Drama,,,2002
3297,Action,,,2002
3298,Drama,,,2002
3299,Action,,,2002
3300,Comedy,,,2002
3301,Drama,,,2002
3302,Romance,,,2002
3303,Action,Drama,,2002
3304,Biography,,,2002
3305,Comedy,,,2002
3306,Action,,,2002
3307,Drama,,,2002
3308,Comedy,,,2002
3309,Action,Animation,Comedy,2002
3310,Horror,,,2002
3311,Comedy,,,2002
3312,Drama,Horror,Thriller,2002
3313,Comedy,Crime,Drama,2002
3314,Drama,,,2002
3315,Action,,,2002
3316,Drama,,,2002
3317,Drama,,,2002
3318,Horror,,,2002
3319,Family,,,2002
3320,Comedy,,,2002
3321,Crime,Drama,Thriller,2002
3322,Drama,,,2002
3323,Fantasy,,,2002
3324,Comedy,,,2002
3325,Drama,,,2002
3326,Action,Sci-Fi,,2002
3327,Action,,,2002
3328,Comedy,Drama,,2002
3329,Action,Drama,,2002
3330,Comedy,Musical,,2002
3331,Comedy,,,2002
3332,Action,Musical,,2002
3333,Thriller,,,2002
3334,Drama,,,2002
3335,Comedy,Drama,,2002
3336,Drama,,,2002
3337,Comedy,,,2002
3338,Drama,Romance,,2002
3339,Drama,Musical,,2002
3340,Drama,,,2002
3341,Drama,,,2002
3342,Comedy,Drama,,2002
3343,History,,,2002
3344,Comedy,,,2002
3345,Sport,,,2002
3346,Action,Comedy,Crime,2002
3347,Drama,,,2002
3348,Romance,,,2002
3349,Horror,Thriller,,2002
3350,Romance,,,2002
3351,Action,Thriller,,2002
3352,Action,Thriller,,2002
3353,Drama,,,2002
3354,Drama,,,2002
3355,Comedy,,,2002
3356,Comedy,,,2002
3357,Crime,,,2002
3358,Action,,,2002
3359,Comedy,,,2002
3360,Comedy,,,2002
3361,Drama,,,2002
3362,Horror,,,2002
3363,Thriller,,,2002
3364,Drama,,,2002
3365,Action,,,2002
3366,Animation,Comedy,,2002
3367,Fantasy,Horror,,2002
3368,Drama,,,2002
3369,Comedy,Romance,,2002
3370,Drama,,,2002
3371,Drama,,,2002
3372,Action,,,2002
3373,Comedy,,,2002
3374,Action,,,2002
3375,Drama,,,2002
3376,Comedy,,,2002
3377,Comedy,,,2002
3378,Drama,,,2002
3379,Drama,,,2002
3380,Drama,,,2002
3381,Animation,,,2002
3382,Drama,,,2002
3383,Drama,,,2002
3384,Animation,Comedy,Family,2002
3385,Comedy,,,2002
3386,Comedy,,,2002
3387,Sport,,,2002
3388,Crime,Drama,,2002
3389,Drama,,,2002
3390,Drama,,,2002
3391,Comedy,,,2002
3392,Drama,,,2002
3393,Drama,,,2002
3394,Action,,,2002
3395,Drama,,,2002
3396,Drama,,,2002
3397,Action,,,2002
3398,Crime,Drama,,2002
3399,Drama,Action,,2002
3400,Drama,,,2002
3401,Animation,Comedy,,2002
3402,Adventure,Drama,,2002
3403,Action,,,2002
3404,Drama,,,2002
3405,Comedy,,,2002
3406,Action,,,2002
3407,Action,,,2002
3408,Drama,,,2002
3409,Western,,,2002
3410,Adventure,,,2002
3411,Adventure,Drama,,2002
3412,Comedy,Romance,,2002
3413,Action,Drama,,2002
3414,Drama,,,2002
3415,Drama,,,2002
3416,Drama,,,2002
3417,Drama,,,2002
3418,Drama,,,2002
3419,Drama,,,2002
3420,Adventure,,,2002
3421,Biography,,,2002
3422,Drama,,,2002
3423,Adventure,,,2002
3424,Drama,Thriller,,2002
3425,Comedy,Drama,,2002
3426,Comedy,Crime,,2002
3427,Sport,,,2002
3428,Comedy,,,2002
3429,Drama,,,2002
3430,Drama,,,2002
3431,Crime,,,2002
3432,Horror,,,2002
3433,Thriller,,,2002
3434,Comedy,Drama,,2002
3435,Comedy,,,2002
3436,Drama,Romance,,2002
3437,Music,,,2002
3438,Drama,,,2002
3439,Drama,,,2002
3440,Comedy,,,2002
3441,Adventure,,,2002
3442,Drama,,,2002
3443,Music,,,2002
3444,Action,Sport,,2002
3445,Drama,,,2002
3446,Romance,,,2002
3447,Drama,,,2002
3448,Crime,Drama,Thriller,2002
3449,Fantasy,,,2002
3450,Action,,,2002
3451,Drama,,,2002
3452,Music,,,2002
3453,Drama,Sci-Fi,,2002
3454,Drama,,,2002
3455,Biography,,,2002
3456,Comedy,,,2002
3457,Family,,,2002
3458,Fantasy,,,2002
3459,Action,,,2002
3460,Drama,,,2002
3461,Drama,,,2002
3462,Drama,,,2002
3463,Drama,Mystery,,2002
3464,Comedy,Drama,Fantasy,2002
3465,Thriller,,,2002
3466,Family,,,2002
3467,Sci-Fi,,,2002
3468,Mystery,,,2002
3469,Comedy,Horror,,2002
3470,Thriller,,,2002
3471,History,,,2002
3472,Comedy,,,2002
3473,Horror,,,2002
3474,Drama,,,2002
