,descriptor1,descriptor2,descriptor3,year
0,Comedy,Drama,Romance,2003
1,Action,Adventure,Fantasy,2003
2,Action,Sci-Fi,,2003
3,Action,Adventure,Comedy,2003
4,Adventure,Drama,Fantasy,2003
5,Comedy,Family,Fantasy,2003
6,Crime,Drama,,2003
7,Action,Sci-Fi,,2003
8,Action,Crime,Thriller,2003
9,Action,Drama,Mystery,2003
10,Crime,Drama,Mystery,2003
11,Animation,Adventure,Comedy,2003
12,Drama,,,2003
13,Drama,,,2003
14,Action,Crime,Drama,2003
15,Drama,Romance,,2003
16,Action,Drama,War,2003
17,Horror,,,2003
18,Action,Sci-Fi,,2003
19,Adventure,Drama,Fantasy,2003
20,Adventure,Comedy,Family,2003
21,Comedy,Crime,Drama,2003
22,Comedy,Music,,2003
23,Adventure,Family,Fantasy,2003
24,Drama,,,2003
25,Action,Comedy,Crime,2003
26,Adventure,Comedy,Drama,2003
27,Animation,Adventure,Comedy,2003
28,Adventure,Drama,History,2003
29,Biography,Crime,Drama,2003
30,Comedy,,,2003
31,Action,Adventure,Drama,2003
32,Mystery,Thriller,,2003
33,Action,Horror,,2003
34,Comedy,Family,Fantasy,2003
35,Action,Sci-Fi,,2003
36,Action,Crime,Thriller,2003
37,Action,Fantasy,Thriller,2003
38,Horror,,,2003
39,Crime,Drama,Thriller,2003
40,Action,Sci-Fi,Thriller,2003
41,Comedy,,,2003
42,Comedy,Drama,Fantasy,2003
43,Comedy,Romance,,2003
44,Adventure,Comedy,Family,2003
45,Action,Adventure,Fantasy,2003
46,Horror,,,2003
47,Action,Crime,,2003
48,Comedy,Drama,Romance,2003
49,Comedy,Romance,,2003
50,Comedy,Family,,2003
51,Action,Crime,Thriller,2003
52,Biography,Drama,Romance,2003
53,Comedy,,,2003
54,Action,Drama,Romance,2003
55,Comedy,Family,Fantasy,2003
56,Comedy,Family,,2003
57,Drama,,,2003
58,Action,Adventure,Comedy,2003
59,Comedy,Drama,Family,2003
60,Action,Drama,Thriller,2003
61,Comedy,,,2003
62,Action,Adventure,Sci-Fi,2003
63,Crime,Drama,Thriller,2003
64,Comedy,Drama,,2003
65,Action,Adventure,Crime,2003
66,Action,Adventure,Comedy,2003
67,Action,Adventure,Fantasy,2003
68,Horror,Thriller,,2003
69,Adventure,Thriller,Western,2003
70,Action,Crime,Thriller,2003
71,Drama,,,2003
72,Crime,Drama,Thriller,2003
73,Drama,Horror,Sci-Fi,2003
74,Action,Thriller,,2003
75,Comedy,Drama,Romance,2003
76,Horror,Mystery,Thriller,2003
77,Action,Comedy,Crime,2003
78,Action,Crime,Drama,2003
79,Horror,,,2003
80,Mystery,Thriller,,2003
81,Comedy,,,2003
82,Comedy,Drama,Romance,2003
83,Crime,Drama,Mystery,2003
84,Biography,Drama,Sport,2003
85,Comedy,Crime,Romance,2003
86,Crime,Drama,Thriller,2003
87,Action,Adventure,Comedy,2003
88,Drama,Music,Romance,2003
89,Comedy,Drama,Family,2003
90,Comedy,Crime,Drama,2003
91,Adventure,Horror,Mystery,2003
92,Drama,Horror,Thriller,2003
93,Action,Adventure,Sci-Fi,2003
94,Animation,Adventure,Family,2003
95,Action,Adventure,Comedy,2003
96,Comedy,Romance,,2003
97,Crime,Drama,,2003
98,Action,Mystery,Sci-Fi,2003
99,Action,Adventure,Comedy,2003
100,Drama,History,Sport,2003
101,Action,Crime,Drama,2003
102,Comedy,Crime,Romance,2003
103,Comedy,,,2003
104,Crime,Drama,Mystery,2003
105,Drama,History,,2003
106,Animation,Adventure,Comedy,2003
107,Comedy,Drama,,2003
108,Comedy,Musical,Romance,2003
109,Horror,,,2003
110,Crime,Drama,Mystery,2003
111,Action,Adventure,Horror,2003
112,Comedy,,,2003
113,Drama,Romance,,2003
114,Action,Adventure,Comedy,2003
115,Action,Crime,Drama,2003
116,Action,Adventure,Comedy,2003
117,Comedy,Drama,Musical,2003
118,Action,Comedy,Thriller,2003
119,Drama,,,2003
120,Fantasy,Horror,Mystery,2003
121,Adventure,Drama,Horror,2003
122,Biography,Crime,Drama,2003
123,Action,Crime,Thriller,2003
124,Crime,Drama,,2003
125,Comedy,Drama,Romance,2003
126,Drama,Romance,Thriller,2003
127,Animation,Adventure,Family,2003
128,Comedy,,,2003
129,Comedy,,,2003
130,Crime,Drama,Mystery,2003
131,Comedy,Drama,Romance,2003
132,Drama,,,2003
133,Drama,Romance,,2003
134,Comedy,Drama,Music,2003
135,Action,Crime,Drama,2003
136,Adventure,Comedy,Sport,2003
137,Drama,Mystery,Thriller,2003
138,Biography,Drama,History,2003
139,Comedy,Crime,Mystery,2003
140,Action,Adventure,Biography,2003
141,Comedy,Drama,Romance,2003
142,Action,Comedy,Crime,2003
143,Adventure,Comedy,Drama,2003
144,Comedy,Drama,,2003
145,Drama,Romance,,2003
146,Action,Comedy,Fantasy,2003
147,Adventure,Drama,Romance,2003
148,Comedy,Romance,,2003
149,Comedy,Music,,2003
150,Drama,Horror,Sci-Fi,2003
151,Comedy,,,2003
152,Comedy,Crime,,2003
153,Drama,Horror,,2003
154,Drama,Romance,,2003
155,Drama,Romance,,2003
156,Animation,Comedy,Drama,2003
157,Comedy,,,2003
158,Comedy,Romance,,2003
159,Action,Thriller,Drama,2003
160,Comedy,Drama,Romance,2003
161,Action,Drama,,2003
162,Crime,Thriller,,2003
163,Comedy,Romance,Drama,2003
164,Action,Comedy,Fantasy,2003
165,Comedy,,,2003
166,Animation,Adventure,Comedy,2003
167,Comedy,Drama,Romance,2003
168,Action,Comedy,Crime,2003
169,Comedy,Drama,Romance,2003
170,Comedy,Drama,Romance,2003
171,Drama,Horror,Mystery,2003
172,Biography,Crime,Drama,2003
173,Drama,Romance,,2003
174,Action,Drama,History,2003
175,Action,Comedy,Crime,2003
176,Comedy,Romance,,2003
177,Drama,,,2003
178,Comedy,Romance,,2003
179,Comedy,Crime,Musical,2003
180,Comedy,Drama,Romance,2003
181,Biography,Comedy,Drama,2003
182,Comedy,Drama,Music,2003
183,Comedy,Drama,Family,2003
184,Comedy,Drama,Fantasy,2003
185,Biography,Drama,History,2003
186,Horror,Mystery,Thriller,2003
187,Comedy,Musical,Drama,2003
188,Drama,History,,2003
189,Drama,Romance,Sci-Fi,2003
190,Comedy,Horror,Sci-Fi,2003
191,Drama,Romance,,2003
192,Comedy,Drama,Romance,2003
193,Action,,,2003
194,Comedy,Drama,War,2003
195,Thriller,,,2003
196,Drama,Romance,Comedy,2003
197,Comedy,Drama,,2003
198,Comedy,Crime,Drama,2003
199,Comedy,Romance,,2003
200,Action,Drama,War,2003
201,Drama,Romance,,2003
202,Biography,Drama,Romance,2003
203,Adventure,Drama,,2003
204,Crime,Drama,Horror,2003
205,Drama,Romance,,2003
206,Comedy,Crime,Drama,2003
207,Crime,Thriller,,2003
208,Drama,,,2003
209,Drama,Romance,Comedy,2003
210,Drama,Romance,,2003
211,Crime,Drama,Thriller,2003
212,Comedy,Romance,Drama,2003
213,Drama,,,2003
214,Drama,Romance,,2003
215,Comedy,,,2003
216,Drama,Romance,,2003
217,Adventure,Drama,,2003
218,Comedy,Drama,,2003
219,Comedy,Crime,,2003
220,Drama,Fantasy,,2003
221,Comedy,,,2003
222,Fantasy,Horror,Romance,2003
223,Comedy,Crime,Drama,2003
224,Drama,Family,,2003
225,Drama,Crime,,2003
226,Drama,Music,Romance,2003
227,Comedy,Drama,,2003
228,Comedy,Drama,Music,2003
229,Comedy,Crime,,2003
230,Horror,Mystery,,2003
231,Crime,Drama,Thriller,2003
232,Drama,Romance,,2003
233,Drama,Romance,Sci-Fi,2003
234,Action,Adventure,Drama,2003
235,Drama,Horror,,2003
236,Comedy,Romance,,2003
237,Comedy,Drama,Fantasy,2003
238,Action,Drama,Sci-Fi,2003
239,Animation,Action,Adventure,2003
240,Drama,,,2003
241,Sci-Fi,,,2003
242,Action,Comedy,Crime,2003
243,Animation,Adventure,Comedy,2003
244,Comedy,Drama,Romance,2003
245,Drama,Sport,,2003
246,Drama,,,2003
247,Biography,Drama,History,2003
248,Comedy,Romance,,2003
249,Crime,Drama,Mystery,2003
250,Drama,Romance,,2003
251,Action,Comedy,Fantasy,2003
252,Action,Comedy,,2003
253,Adventure,Family,,2003
254,Comedy,,,2003
255,Comedy,Family,,2003
256,Crime,Drama,Thriller,2003
257,Drama,Romance,,2003
258,Biography,Drama,,2003
259,Comedy,Drama,,2003
260,Animation,Adventure,Comedy,2003
261,Drama,Romance,,2003
262,Drama,,,2003
263,Action,Crime,Drama,2003
264,Drama,,,2003
265,Comedy,Romance,,2003
266,Comedy,Romance,,2003
267,Drama,Mystery,Romance,2003
268,Drama,Romance,Thriller,2003
269,Action,Drama,Romance,2003
270,Crime,Thriller,,2003
271,Action,Comedy,Western,2003
272,Comedy,Drama,,2003
273,Action,Adventure,Sci-Fi,2003
274,Fantasy,Mystery,Drama,2003
275,Drama,,,2003
276,Action,Crime,Drama,2003
277,Crime,Drama,Romance,2003
278,Adventure,Horror,Mystery,2003
279,Comedy,,,2003
280,Action,Thriller,,2003
281,Comedy,Romance,Drama,2003
282,Comedy,Drama,,2003
283,Comedy,Romance,,2003
284,Comedy,Crime,Mystery,2003
285,Crime,Drama,Thriller,2003
286,Drama,Romance,,2003
287,Action,Sport,,2003
288,Drama,,,2003
289,Drama,Romance,,2003
290,Action,Biography,Crime,2003
291,Adventure,Comedy,Drama,2003
292,Action,Comedy,Horror,2003
293,Drama,Romance,,2003
294,Action,Crime,Drama,2003
295,Drama,Comedy,,2003
296,Crime,Drama,Mystery,2003
297,Drama,Romance,Thriller,2003
298,Comedy,Crime,,2003
299,Comedy,Musical,Romance,2003
300,Horror,Mystery,Sci-Fi,2003
301,Drama,Romance,Thriller,2003
302,Crime,Drama,Thriller,2003
303,Comedy,Drama,Sport,2003
304,Comedy,Drama,Mystery,2003
305,Drama,Fantasy,Mystery,2003
306,Comedy,Drama,Romance,2003
307,Biography,Drama,History,2003
308,Comedy,Music,,2003
309,Comedy,Musical,,2003
310,Comedy,Drama,Romance,2003
311,Drama,Horror,,2003
312,Adventure,Family,Drama,2003
313,Action,Biography,Crime,2003
314,Comedy,Drama,Romance,2003
315,Animation,Adventure,Family,2003
316,Thriller,Drama,,2003
317,Action,Drama,Western,2003
318,Drama,Mystery,Thriller,2003
319,Crime,Thriller,,2003
320,Drama,,,2003
321,Drama,Thriller,,2003
322,Romance,,,2003
323,Comedy,Drama,Music,2003
324,Drama,,,2003
325,Drama,Romance,,2003
326,Crime,Drama,Thriller,2003
327,Drama,,,2003
328,Drama,,,2003
329,Crime,Drama,,2003
330,Drama,Romance,Sci-Fi,2003
331,Romance,Drama,,2003
332,Action,Drama,Romance,2003
333,Adventure,Comedy,,2003
334,Action,Adventure,Fantasy,2003
335,Drama,Romance,Thriller,2003
336,Action,Crime,Drama,2003
337,Adventure,Comedy,Horror,2003
338,Drama,History,War,2003
339,Comedy,Romance,,2003
340,Comedy,Drama,Musical,2003
341,Drama,,,2003
342,Animation,Action,Adventure,2003
343,Action,Crime,Drama,2003
344,Drama,,,2003
345,Comedy,Drama,Romance,2003
346,Action,Comedy,,2003
347,Crime,Drama,Romance,2003
348,Action,Drama,Thriller,2003
349,Comedy,,,2003
350,Comedy,Drama,,2003
351,Action,Comedy,,2003
352,Adventure,Comedy,Family,2003
353,Drama,,,2003
354,Drama,,,2003
355,Horror,,,2003
356,Horror,Mystery,Thriller,2003
357,Drama,Romance,War,2003
358,Action,Adventure,Family,2003
359,Adventure,Comedy,Drama,2003
360,Crime,Drama,,2003
361,Drama,Romance,,2003
362,Comedy,Romance,,2003
363,Comedy,Sci-Fi,,2003
364,Comedy,Drama,Mystery,2003
365,Drama,War,,2003
366,Drama,,,2003
367,Comedy,Drama,,2003
368,Action,Adventure,Drama,2003
369,Adventure,,,2003
370,Biography,Drama,,2003
371,Horror,Mystery,Thriller,2003
372,Mystery,Thriller,,2003
373,Comedy,Crime,Thriller,2003
374,Comedy,Drama,Romance,2003
375,Drama,Music,,2003
376,Action,Adventure,Thriller,2003
377,Action,Drama,,2003
378,Drama,Mystery,Thriller,2003
379,Thriller,,,2003
380,Drama,Romance,Thriller,2003
381,Adventure,Drama,History,2003
382,Crime,Drama,,2003
383,Crime,Drama,,2003
384,Comedy,,,2003
385,Comedy,Fantasy,,2003
386,Drama,Horror,Romance,2003
387,Comedy,,,2003
388,Horror,,,2003
389,Comedy,,,2003
390,Drama,Mystery,,2003
391,Animation,Action,Adventure,2003
392,Action,Crime,Drama,2003
393,Comedy,Crime,Drama,2003
394,Adventure,Sci-Fi,Fantasy,2003
395,Action,Drama,Sci-Fi,2003
396,Comedy,Drama,Horror,2003
397,Crime,Mystery,Thriller,2003
398,Drama,,,2003
399,Comedy,,,2003
400,Action,Romance,,2003
401,Action,Drama,Romance,2003
402,Comedy,Drama,,2003
403,Drama,,,2003
404,Comedy,Horror,,2003
405,Romance,Crime,Thriller,2003
406,Action,Drama,Romance,2003
407,Comedy,Drama,,2003
408,Drama,,,2003
409,Drama,Romance,,2003
410,Drama,,,2003
411,Comedy,Drama,,2003
412,Adventure,Biography,Drama,2003
413,Thriller,,,2003
414,Drama,Family,,2003
415,Action,Crime,Drama,2003
416,Crime,Drama,,2003
417,Drama,,,2003
418,Action,Adventure,Thriller,2003
419,Action,Fantasy,Horror,2003
420,Drama,,,2003
421,Action,Drama,Thriller,2003
422,Thriller,,,2003
423,Horror,Thriller,,2003
424,Comedy,Crime,Drama,2003
425,Action,Romance,,2003
426,Animation,Adventure,Fantasy,2003
427,Action,Comedy,Crime,2003
428,Comedy,Drama,Romance,2003
429,Comedy,Drama,Romance,2003
430,Action,Crime,Drama,2003
431,Drama,,,2003
432,Comedy,Drama,,2003
433,Biography,Comedy,Drama,2003
434,Drama,,,2003
435,Drama,Horror,Mystery,2003
436,Comedy,Drama,,2003
437,Comedy,Romance,,2003
438,Drama,Romance,War,2003
439,Adventure,Drama,Family,2003
440,Drama,Romance,Thriller,2003
441,Crime,Drama,Thriller,2003
442,Horror,Mystery,Thriller,2003
443,Drama,Fantasy,Mystery,2003
444,Drama,Romance,Thriller,2003
445,Drama,History,War,2003
446,Adventure,Drama,Fantasy,2003
447,Drama,Romance,,2003
448,Comedy,Drama,Musical,2003
449,Drama,Romance,,2003
450,Comedy,Crime,Drama,2003
451,Comedy,Drama,Family,2003
452,Drama,,,2003
453,Drama,Romance,,2003
454,Comedy,,,2003
455,Comedy,Romance,,2003
456,Action,Comedy,Crime,2003
457,Drama,Musical,Thriller,2003
458,Drama,,,2003
459,Comedy,Drama,,2003
460,Comedy,Music,Romance,2003
461,Drama,,,2003
462,Crime,Drama,Thriller,2003
463,Comedy,Crime,,2003
464,Drama,,,2003
465,Action,Drama,Family,2003
466,Comedy,Romance,,2003
467,Horror,Thriller,,2003
468,Drama,Romance,,2003
469,Action,Comedy,Family,2003
470,Action,Drama,Mystery,2003
471,Action,Drama,,2003
472,Drama,,,2003
473,Drama,,,2003
474,Fantasy,,,2003
475,Drama,,,2003
476,Comedy,Crime,Drama,2003
477,Drama,,,2003
478,Drama,,,2003
479,Action,,,2003
480,Drama,,,2003
481,Drama,,,2003
482,Comedy,Music,,2003
483,Drama,,,2003
484,Drama,Musical,Romance,2003
485,Drama,Romance,War,2003
486,Drama,,,2003
487,Action,Drama,,2003
488,Crime,Thriller,,2003
489,Drama,,,2003
490,Comedy,Romance,Drama,2003
491,Drama,Romance,,2003
492,Action,Romance,,2003
493,Drama,Romance,,2003
494,Drama,,,2003
495,Comedy,Drama,Family,2003
496,Comedy,Family,Fantasy,2003
497,Drama,Romance,,2003
498,Horror,Sci-Fi,Thriller,2003
499,Comedy,,,2003
500,Comedy,Drama,Romance,2003
501,Drama,Music,Romance,2003
502,Horror,,,2003
503,Thriller,Drama,,2003
504,Action,Drama,,2003
505,Action,Drama,,2003
506,Action,Crime,Drama,2003
507,Sci-Fi,Action,Thriller,2003
508,Crime,Drama,,2003
509,Action,Drama,Sport,2003
510,Musical,Drama,Romance,2003
511,Animation,Adventure,Biography,2003
512,Action,Animation,Fantasy,2003
513,Biography,Drama,Sport,2003
514,Drama,Romance,,2003
515,Biography,Drama,,2003
516,Drama,,,2003
517,Drama,,,2003
518,Drama,,,2003
519,Action,Crime,Drama,2003
520,Animation,Action,Adventure,2003
521,Comedy,Romance,,2003
522,Comedy,Romance,Drama,2003
523,Horror,Thriller,,2003
524,Musical,Comedy,,2003
525,Action,Drama,Romance,2003
526,Drama,Musical,Romance,2003
527,Comedy,Drama,Romance,2003
528,Comedy,,,2003
529,Animation,Action,Adventure,2003
530,Horror,Thriller,,2003
531,Action,Comedy,Drama,2003
532,Comedy,,,2003
533,Drama,Thriller,,2003
534,Adventure,Comedy,Romance,2003
535,Drama,,,2003
536,Drama,Thriller,,2003
537,Romance,,,2003
538,Crime,Drama,,2003
539,Drama,,,2003
540,Action,Thriller,,2003
541,Drama,Sci-Fi,,2003
542,Drama,,,2003
543,Horror,Drama,,2003
544,Comedy,Drama,Romance,2003
545,Comedy,Drama,,2003
546,Drama,Thriller,,2003
547,Comedy,Drama,Romance,2003
548,Drama,,,2003
549,Drama,History,War,2003
550,Comedy,Drama,,2003
551,Romance,,,2003
552,Comedy,Drama,Horror,2003
553,Fantasy,Action,Adventure,2003
554,Action,Crime,Thriller,2003
555,Comedy,,,2003
556,Drama,,,2003
557,Crime,Drama,Thriller,2003
558,Romance,,,2003
559,Action,Comedy,Adventure,2003
560,Adventure,Drama,Romance,2003
561,Horror,Mystery,,2003
562,Action,Thriller,,2003
563,Action,Crime,Horror,2003
564,Drama,,,2003
565,Drama,,,2003
566,Romance,,,2003
567,Drama,,,2003
568,Crime,Drama,,2003
569,Drama,,,2003
570,Comedy,,,2003
571,Comedy,Romance,,2003
572,Action,Adventure,Comedy,2003
573,Drama,Comedy,,2003
574,Crime,Drama,Thriller,2003
575,Drama,,,2003
576,Comedy,Drama,,2003
577,Horror,Thriller,,2003
578,Comedy,Drama,,2003
579,Action,Comedy,Crime,2003
580,Comedy,Drama,,2003
581,Action,Crime,Drama,2003
582,Comedy,Drama,Music,2003
583,Fantasy,Horror,,2003
584,Drama,Romance,,2003
585,Drama,Family,Romance,2003
586,Action,,,2003
587,Comedy,Drama,Family,2003
588,Action,,,2003
589,Comedy,Romance,,2003
590,Action,Comedy,Crime,2003
591,Comedy,Drama,,2003
592,Drama,,,2003
593,Drama,,,2003
594,Drama,,,2003
595,Drama,Romance,,2003
596,Drama,Romance,,2003
597,Thriller,,,2003
598,Horror,,,2003
599,Crime,Drama,Thriller,2003
600,Drama,Mystery,Thriller,2003
601,Comedy,Crime,Family,2003
602,Drama,Mystery,Romance,2003
603,Drama,Comedy,,2003
604,Drama,,,2003
605,Comedy,Drama,,2003
606,Comedy,Drama,Music,2003
607,Drama,,,2003
608,Action,Drama,Thriller,2003
609,Romance,Thriller,,2003
610,Drama,,,2003
611,Drama,,,2003
612,Crime,Drama,,2003
613,Comedy,Horror,,2003
614,Comedy,Romance,,2003
615,Comedy,Drama,Romance,2003
616,Drama,Fantasy,Horror,2003
617,Drama,Romance,,2003
618,Family,,,2003
619,Adventure,Drama,,2003
620,Horror,Sci-Fi,Thriller,2003
621,Comedy,Drama,Family,2003
622,Drama,Fantasy,,2003
623,Biography,Drama,Mystery,2003
624,Comedy,Crime,Drama,2003
625,Drama,Sci-Fi,Thriller,2003
626,Horror,Thriller,,2003
627,Drama,,,2003
628,Crime,Thriller,,2003
629,Drama,Horror,Thriller,2003
630,Action,Comedy,Drama,2003
631,Comedy,Drama,,2003
632,Comedy,Drama,,2003
633,Comedy,,,2003
634,Action,Comedy,Drama,2003
635,Comedy,Drama,,2003
636,Drama,,,2003
637,Drama,Comedy,Romance,2003
638,Comedy,Drama,Family,2003
639,Drama,Romance,,2003
640,Drama,Romance,War,2003
641,Comedy,Romance,,2003
642,Comedy,Drama,Romance,2003
643,Thriller,,,2003
644,Drama,,,2003
645,Comedy,Drama,,2003
646,Action,Drama,Western,2003
647,Action,Drama,Romance,2003
648,Comedy,Romance,,2003
649,Drama,Comedy,,2003
650,Comedy,Thriller,,2003
651,Comedy,,,2003
652,Comedy,,,2003
653,Action,Comedy,Crime,2003
654,Comedy,Drama,Family,2003
655,Drama,Mystery,Thriller,2003
656,Comedy,Romance,,2003
657,Comedy,Thriller,,2003
658,Comedy,,,2003
659,Action,Adventure,Drama,2003
660,Comedy,,,2003
661,Action,Drama,,2003
662,Drama,Family,,2003
663,Comedy,Drama,Family,2003
664,Drama,Thriller,,2003
665,Drama,War,,2003
666,Comedy,Drama,,2003
667,Family,,,2003
668,Comedy,Crime,Drama,2003
669,Drama,Romance,,2003
670,Fantasy,Horror,,2003
671,Biography,Comedy,Drama,2003
672,Horror,Thriller,,2003
673,Drama,,,2003
674,Comedy,,,2003
675,Action,Adventure,Comedy,2003
676,Romance,Comedy,,2003
677,Action,Thriller,,2003
678,Comedy,,,2003
679,Drama,Horror,Mystery,2003
680,Animation,Family,,2003
681,Comedy,Horror,,2003
682,Comedy,Drama,,2003
683,Comedy,Drama,Romance,2003
684,Drama,,,2003
685,Family,,,2003
686,Comedy,,,2003
687,Comedy,Romance,,2003
688,Drama,Fantasy,Romance,2003
689,Comedy,Crime,Drama,2003
690,Action,Crime,Drama,2003
691,Comedy,,,2003
692,Comedy,Drama,Music,2003
693,Horror,,,2003
694,Comedy,,,2003
695,Musical,Action,Drama,2003
696,Drama,Horror,Thriller,2003
697,Action,Drama,Sci-Fi,2003
698,Comedy,,,2003
699,Comedy,Drama,,2003
700,Drama,,,2003
701,Horror,Sci-Fi,,2003
702,Horror,,,2003
703,Action,Romance,,2003
704,Drama,,,2003
705,Comedy,,,2003
706,Adventure,Comedy,Crime,2003
707,Comedy,Drama,Fantasy,2003
708,Drama,Romance,,2003
709,Action,Sci-Fi,,2003
710,Fantasy,Mystery,Action,2003
711,Comedy,Crime,,2003
712,Comedy,Musical,Romance,2003
713,Comedy,,,2003
714,Comedy,,,2003
715,Crime,Drama,Romance,2003
716,Drama,Romance,,2003
717,Comedy,Romance,Musical,2003
718,Crime,Drama,Thriller,2003
719,Drama,Thriller,Romance,2003
720,Drama,,,2003
721,Comedy,Drama,Romance,2003
722,Drama,,,2003
723,Action,Crime,Thriller,2003
724,Drama,,,2003
725,Action,Crime,Drama,2003
726,Romance,,,2003
727,Action,Crime,Drama,2003
728,Action,Comedy,Thriller,2003
729,Comedy,Drama,Romance,2003
730,Drama,,,2003
731,Comedy,Drama,,2003
732,Comedy,Drama,History,2003
733,Drama,,,2003
734,Comedy,Sci-Fi,,2003
735,Drama,Crime,Romance,2003
736,Family,Fantasy,,2003
737,Thriller,,,2003
738,Comedy,Romance,,2003
739,Comedy,Romance,,2003
740,Adventure,Comedy,Crime,2003
741,Comedy,,,2003
742,Crime,Drama,Romance,2003
743,Drama,War,,2003
744,Action,,,2003
745,Comedy,,,2003
746,Action,Adventure,Romance,2003
747,Comedy,Drama,,2003
748,Comedy,,,2003
749,Drama,Romance,,2003
750,Crime,Mystery,,2003
751,Action,,,2003
752,Drama,Mystery,Thriller,2003
753,Crime,Horror,Thriller,2003
754,Adventure,Comedy,Fantasy,2003
755,Comedy,Horror,Sci-Fi,2003
756,Comedy,Drama,Romance,2003
757,Drama,,,2003
758,Crime,Drama,,2003
759,Drama,Mystery,Thriller,2003
760,Family,Horror,,2003
761,Comedy,Drama,Romance,2003
762,Drama,,,2003
763,Drama,,,2003
764,Horror,Thriller,,2003
765,Action,Drama,Romance,2003
766,Drama,Musical,,2003
767,Drama,Thriller,,2003
768,Comedy,,,2003
769,Drama,Romance,,2003
770,Comedy,Romance,,2003
771,Drama,History,,2003
772,Drama,Romance,,2003
773,Drama,,,2003
774,Drama,,,2003
775,Drama,,,2003
776,Comedy,Romance,,2003
777,Comedy,Drama,,2003
778,Family,,,2003
779,Drama,Romance,Comedy,2003
780,Drama,Comedy,,2003
781,Drama,,,2003
782,Action,Crime,Thriller,2003
783,Adventure,Fantasy,,2003
784,Action,Drama,Romance,2003
785,Drama,Romance,,2003
786,Comedy,,,2003
787,Comedy,Drama,Thriller,2003
788,Crime,,,2003
789,Adventure,Action,,2003
790,Drama,,,2003
791,Comedy,,,2003
792,Drama,,,2003
793,Comedy,,,2003
794,Action,Fantasy,Horror,2003
795,Comedy,Drama,,2003
796,Drama,Romance,,2003
797,Drama,,,2003
798,Romance,,,2003
799,Biography,Drama,,2003
800,Comedy,Crime,Drama,2003
801,Drama,,,2003
802,Crime,Drama,Sport,2003
803,Horror,Thriller,,2003
804,Comedy,,,2003
805,Crime,Drama,,2003
806,Drama,Thriller,Horror,2003
807,Drama,,,2003
808,Drama,War,,2003
809,Comedy,Drama,,2003
810,Comedy,Romance,,2003
811,Drama,Horror,Thriller,2003
812,Adventure,Drama,Family,2003
813,Comedy,Drama,,2003
814,Comedy,Horror,,2003
815,Action,,,2003
816,Drama,,,2003
817,Drama,Mystery,Romance,2003
818,Drama,Romance,,2003
819,Crime,Drama,,2003
820,Drama,,,2003
821,Comedy,,,2003
822,Drama,Thriller,,2003
823,Drama,,,2003
824,Horror,Thriller,,2003
825,Comedy,Crime,,2003
826,Drama,,,2003
827,Drama,,,2003
828,Comedy,Romance,,2003
829,Crime,Drama,Fantasy,2003
830,Adventure,Comedy,Drama,2003
831,Thriller,,,2003
832,Comedy,Adventure,Fantasy,2003
833,Comedy,Drama,Romance,2003
834,Drama,Mystery,,2003
835,Sci-Fi,,,2003
836,Comedy,,,2003
837,Action,Drama,Mystery,2003
838,Animation,Family,,2003
839,Animation,Family,,2003
840,Drama,,,2003
841,Comedy,Family,,2003
842,Crime,Drama,Thriller,2003
843,Comedy,Romance,,2003
844,Comedy,Horror,Thriller,2003
845,Drama,,,2003
846,Comedy,Drama,,2003
847,Drama,,,2003
848,Drama,Mystery,Sci-Fi,2003
849,Action,Comedy,Crime,2003
850,Drama,,,2003
851,Comedy,Drama,,2003
852,Comedy,Drama,,2003
853,Comedy,Drama,Romance,2003
854,Action,Comedy,Romance,2003
855,Romance,,,2003
856,Drama,,,2003
857,Comedy,,,2003
858,Action,Adventure,Drama,2003
859,Drama,Musical,Romance,2003
860,Action,Comedy,Musical,2003
861,Drama,Family,,2003
862,Comedy,,,2003
863,Drama,Romance,,2003
864,Drama,,,2003
865,Family,War,Action,2003
866,Comedy,Romance,Sport,2003
867,Adventure,Family,,2003
868,Crime,Horror,Thriller,2003
869,Crime,Drama,Mystery,2003
870,Drama,Thriller,,2003
871,Comedy,,,2003
872,Drama,Romance,,2003
873,Comedy,,,2003
874,Comedy,,,2003
875,Comedy,Fantasy,Romance,2003
876,Horror,,,2003
877,Drama,,,2003
878,Drama,Comedy,,2003
879,Drama,Thriller,,2003
880,Drama,,,2003
881,Comedy,,,2003
882,Drama,Romance,,2003
883,Action,Adventure,Comedy,2003
884,Comedy,Drama,,2003
885,Comedy,Drama,Family,2003
886,Comedy,Romance,,2003
887,Musical,Drama,,2003
888,Drama,,,2003
889,Drama,,,2003
890,Comedy,,,2003
891,Animation,Fantasy,Horror,2003
892,Fantasy,Drama,,2003
893,Horror,Mystery,,2003
894,Action,Crime,Drama,2003
895,Action,Drama,,2003
896,Action,Thriller,,2003
897,Comedy,,,2003
898,Drama,,,2003
899,Drama,,,2003
900,Action,Comedy,Drama,2003
901,Comedy,,,2003
902,Comedy,Thriller,,2003
903,Comedy,Drama,,2003
904,Drama,,,2003
905,Drama,History,Romance,2003
906,Family,,,2003
907,Mystery,Thriller,,2003
908,Comedy,Drama,Romance,2003
909,Drama,,,2003
910,Comedy,,,2003
911,Comedy,Romance,,2003
912,Comedy,Drama,,2003
913,Horror,,,2003
914,Action,,,2003
915,Drama,,,2003
916,Animation,Adventure,Comedy,2003
917,Western,,,2003
918,Drama,,,2003
919,Comedy,Romance,,2003
920,Comedy,Crime,Mystery,2003
921,Comedy,War,,2003
922,Drama,History,,2003
923,Drama,,,2003
924,Drama,Horror,Romance,2003
925,Action,Thriller,War,2003
926,Drama,,,2003
927,Music,Comedy,Drama,2003
928,Drama,Romance,,2003
929,Action,,,2003
930,Action,Comedy,Drama,2003
931,Comedy,,,2003
932,Comedy,Drama,,2003
933,Drama,,,2003
934,Action,Drama,Romance,2003
935,Drama,,,2003
936,Adventure,Animation,Family,2003
937,Comedy,Drama,Romance,2003
938,Comedy,Sci-Fi,,2003
939,Comedy,,,2003
940,Comedy,Romance,,2003
941,Comedy,Drama,Mystery,2003
942,Action,Drama,,2003
943,Fantasy,Romance,,2003
944,Drama,,,2003
945,Drama,,,2003
946,Action,Romance,,2003
947,Drama,Mystery,Thriller,2003
948,Comedy,Drama,,2003
949,Horror,Western,Thriller,2003
950,Action,Adventure,Comedy,2003
951,Family,Fantasy,,2003
952,Animation,Adventure,Comedy,2003
953,Drama,Sport,,2003
954,Comedy,Drama,Romance,2003
955,Drama,Romance,,2003
956,Comedy,,,2003
957,Adventure,,,2003
958,Comedy,Romance,,2003
959,Comedy,Romance,,2003
960,Comedy,,,2003
961,Mystery,Thriller,,2003
962,Animation,Comedy,,2003
963,Drama,,,2003
964,Comedy,Fantasy,Thriller,2003
965,Drama,Sci-Fi,,2003
966,Action,Comedy,Crime,2003
967,Drama,Mystery,Action,2003
968,Action,Drama,,2003
969,Animation,Comedy,,2003
970,Drama,Thriller,,2003
971,Drama,,,2003
972,Drama,,,2003
973,Horror,Thriller,,2003
974,Action,Adventure,Fantasy,2003
975,Comedy,Drama,Horror,2003
976,Animation,Adventure,Mystery,2003
977,Adventure,Comedy,Fantasy,2003
978,Action,Adventure,Sci-Fi,2003
979,Action,Crime,Drama,2003
980,Comedy,,,2003
981,Drama,,,2003
982,Drama,Thriller,,2003
983,Action,Adventure,Comedy,2003
984,Comedy,Drama,Romance,2003
985,Drama,,,2003
986,Drama,,,2003
987,Thriller,Drama,Romance,2003
988,Horror,,,2003
989,Drama,,,2003
990,Drama,Romance,,2003
991,Thriller,,,2003
992,Adventure,Animation,Fantasy,2003
993,Romance,,,2003
994,Comedy,Drama,Romance,2003
995,Drama,Mystery,Thriller,2003
996,Comedy,,,2003
997,Action,Crime,Thriller,2003
998,Drama,,,2003
999,Drama,,,2003
1000,Animation,Fantasy,Musical,2003
1001,Comedy,Romance,,2003
1002,Comedy,,,2003
1003,Drama,,,2003
1004,Drama,,,2003
1005,Romance,Comedy,,2003
1006,Crime,Mystery,,2003
1007,Comedy,,,2003
1008,Drama,,,2003
1009,Drama,,,2003
1010,Crime,Drama,Romance,2003
1011,Thriller,,,2003
1012,Adventure,Comedy,,2003
1013,Drama,,,2003
1014,Comedy,,,2003
1015,Animation,Adventure,Comedy,2003
1016,Comedy,Horror,,2003
1017,Action,Drama,Thriller,2003
1018,Comedy,Drama,,2003
1019,Crime,Drama,Thriller,2003
1020,Drama,,,2003
1021,Comedy,,,2003
1022,Comedy,Romance,,2003
1023,Action,Romance,,2003
1024,Drama,,,2003
1025,Drama,,,2003
1026,Comedy,Drama,Romance,2003
1027,Mystery,Thriller,,2003
1028,Drama,,,2003
1029,Drama,Romance,Sci-Fi,2003
1030,Comedy,,,2003
1031,Comedy,,,2003
1032,Family,,,2003
1033,Comedy,,,2003
1034,Sport,,,2003
1035,Comedy,,,2003
1036,Drama,,,2003
1037,Comedy,Drama,,2003
1038,Crime,Drama,,2003
1039,Drama,Comedy,,2003
1040,Comedy,Romance,,2003
1041,Action,Drama,War,2003
1042,Drama,Adventure,,2003
1043,Fantasy,Sci-Fi,Thriller,2003
1044,Comedy,Drama,,2003
1045,Drama,,,2003
1046,Drama,Comedy,,2003
1047,Comedy,Romance,,2003
1048,Drama,,,2003
1049,Drama,Romance,,2003
1050,Drama,Thriller,Mystery,2003
1051,Action,Drama,Romance,2003
1052,Drama,,,2003
1053,Horror,Action,,2003
1054,Crime,,,2003
1055,Comedy,,,2003
1056,Adventure,Comedy,Drama,2003
1057,Action,Adventure,Comedy,2003
1058,Horror,,,2003
1059,Drama,,,2003
1060,Drama,,,2003
1061,Comedy,,,2003
1062,Comedy,Drama,Romance,2003
1063,Drama,,,2003
1064,Thriller,,,2003
1065,Action,,,2003
1066,Comedy,Drama,Romance,2003
1067,Action,Adventure,Fantasy,2003
1068,Romance,,,2003
1069,Drama,Comedy,,2003
1070,Comedy,,,2003
1071,Comedy,Drama,Romance,2003
1072,Action,Drama,Romance,2003
1073,Horror,Drama,,2003
1074,Thriller,,,2003
1075,Action,Drama,Mystery,2003
1076,Crime,Thriller,,2003
1077,Drama,,,2003
1078,Family,,,2003
1079,Drama,,,2003
1080,Comedy,,,2003
1081,Drama,Romance,,2003
1082,Animation,Comedy,Sci-Fi,2003
1083,Drama,,,2003
1084,Comedy,Drama,,2003
1085,Drama,,,2003
1086,Comedy,Romance,,2003
1087,Comedy,,,2003
1088,Drama,History,Romance,2003
1089,Action,Fantasy,Horror,2003
1090,Comedy,Drama,,2003
1091,Adventure,Comedy,Fantasy,2003
1092,Drama,Music,,2003
1093,Comedy,,,2003
1094,Comedy,Drama,Romance,2003
1095,Drama,Horror,,2003
1096,Comedy,Drama,Fantasy,2003
1097,Comedy,,,2003
1098,Comedy,,,2003
1099,Horror,Mystery,Thriller,2003
1100,Comedy,Drama,Musical,2003
1101,Drama,Romance,,2003
1102,Crime,Drama,Thriller,2003
1103,Drama,,,2003
1104,Action,Fantasy,Musical,2003
1105,Comedy,Drama,,2003
1106,Comedy,Drama,,2003
1107,Thriller,,,2003
1108,Drama,Romance,,2003
1109,Drama,,,2003
1110,Action,Crime,Drama,2003
1111,Drama,History,Music,2003
1112,Drama,,,2003
1113,Drama,,,2003
1114,Action,Comedy,Horror,2003
1115,Comedy,Drama,,2003
1116,Drama,,,2003
1117,Drama,Romance,Musical,2003
1118,Comedy,Drama,Romance,2003
1119,Action,Crime,,2003
1120,Action,Crime,Comedy,2003
1121,Horror,Thriller,,2003
1122,Comedy,Family,Romance,2003
1123,Romance,Comedy,,2003
1124,Action,Crime,Drama,2003
1125,Comedy,Drama,,2003
1126,Romance,Comedy,Action,2003
1127,Drama,Thriller,,2003
1128,Comedy,,,2003
1129,Comedy,Family,,2003
1130,Action,Drama,,2003
1131,Comedy,Thriller,,2003
1132,Animation,Adventure,Family,2003
1133,Drama,,,2003
1134,Drama,,,2003
1135,Drama,Comedy,,2003
1136,Drama,Family,Mystery,2003
1137,Comedy,Drama,Romance,2003
1138,Comedy,Drama,,2003
1139,Drama,Fantasy,,2003
1140,Drama,Crime,,2003
1141,Action,Drama,Adventure,2003
1142,Drama,,,2003
1143,Crime,Drama,Romance,2003
1144,Comedy,Drama,,2003
1145,Drama,,,2003
1146,Drama,,,2003
1147,Animation,Action,Family,2003
1148,Comedy,,,2003
1149,Adventure,Horror,Mystery,2003
1150,Comedy,Drama,,2003
1151,Horror,,,2003
1152,Comedy,Drama,Romance,2003
1153,Comedy,Romance,,2003
1154,Action,,,2003
1155,Comedy,,,2003
1156,Horror,,,2003
1157,Action,Drama,Fantasy,2003
1158,Drama,Thriller,,2003
1159,Horror,,,2003
1160,Drama,Romance,War,2003
1161,Drama,,,2003
1162,Drama,Romance,,2003
1163,Action,Horror,Sci-Fi,2003
1164,Drama,,,2003
1165,Drama,,,2003
1166,Animation,Action,Sport,2003
1167,Comedy,,,2003
1168,Comedy,Drama,,2003
1169,Drama,,,2003
1170,Horror,Thriller,,2003
1171,Family,Musical,Romance,2003
1172,Adventure,Drama,Thriller,2003
1173,Comedy,,,2003
1174,Comedy,Romance,,2003
1175,Comedy,Romance,,2003
1176,Sport,,,2003
1177,Comedy,Drama,,2003
1178,Drama,,,2003
1179,Action,,,2003
1180,Action,Adventure,Thriller,2003
1181,Drama,Thriller,,2003
1182,Drama,Romance,,2003
1183,Drama,Romance,,2003
1184,Drama,,,2003
1185,Drama,,,2003
1186,Comedy,Crime,,2003
1187,Adventure,Comedy,Fantasy,2003
1188,Action,Comedy,Fantasy,2003
1189,Horror,,,2003
1190,Drama,,,2003
1191,Adventure,Animation,Fantasy,2003
1192,Drama,,,2003
1193,Drama,Romance,,2003
1194,Drama,,,2003
1195,Drama,Romance,,2003
1196,Drama,,,2003
1197,Action,,,2003
1198,Drama,Thriller,,2003
1199,Drama,,,2003
1200,Comedy,Romance,,2003
1201,Comedy,Drama,Sport,2003
1202,Comedy,,,2003
1203,Drama,Romance,,2003
1204,Action,Drama,War,2003
1205,Action,Drama,Romance,2003
1206,Family,,,2003
1207,Horror,,,2003
1208,Fantasy,,,2003
1209,Action,Drama,Thriller,2003
1210,Drama,,,2003
1211,Comedy,,,2003
1212,Drama,,,2003
1213,Drama,,,2003
1214,Comedy,Musical,,2003
1215,Comedy,Family,Mystery,2003
1216,Drama,,,2003
1217,Action,Comedy,Horror,2003
1218,Horror,,,2003
1219,Romance,,,2003
1220,Drama,,,2003
1221,Comedy,,,2003
1222,Comedy,Crime,Drama,2003
1223,Drama,,,2003
1224,Drama,,,2003
1225,Comedy,Drama,Romance,2003
1226,Action,Comedy,Romance,2003
1227,Drama,,,2003
1228,Animation,,,2003
1229,Romance,,,2003
1230,Comedy,Drama,,2003
1231,Drama,Family,,2003
1232,Romance,,,2003
1233,Comedy,Action,Crime,2003
1234,Comedy,Romance,,2003
1235,Action,Comedy,,2003
1236,Horror,Thriller,,2003
1237,Comedy,Drama,,2003
1238,Comedy,,,2003
1239,Action,Crime,Drama,2003
1240,Drama,,,2003
1241,Comedy,,,2003
1242,Thriller,,,2003
1243,Action,Adventure,Crime,2003
1244,Comedy,,,2003
1245,Drama,,,2003
1246,Thriller,,,2003
1247,Drama,,,2003
1248,Drama,Romance,,2003
1249,Crime,Drama,Thriller,2003
1250,Sci-Fi,,,2003
1251,Comedy,Romance,,2003
1252,Family,,,2003
1253,Comedy,Drama,Romance,2003
1254,Comedy,Fantasy,Horror,2003
1255,Romance,Drama,Adventure,2003
1256,Drama,Action,Comedy,2003
1257,Comedy,,,2003
1258,Comedy,Drama,,2003
1259,Drama,Romance,,2003
1260,Drama,Family,,2003
1261,Comedy,Drama,,2003
1262,Comedy,,,2003
1263,Drama,,,2003
1264,Drama,Family,Romance,2003
1265,Adventure,Fantasy,,2003
1266,Drama,,,2003
1267,Drama,Romance,,2003
1268,Drama,,,2003
1269,Drama,Musical,Romance,2003
1270,Drama,Horror,,2003
1271,Crime,Drama,Romance,2003
1272,Drama,Romance,,2003
1273,Comedy,Drama,,2003
1274,Comedy,,,2003
1275,Action,Comedy,Fantasy,2003
1276,Comedy,Drama,,2003
1277,Drama,Romance,,2003
1278,Romance,Drama,,2003
1279,Crime,Drama,Thriller,2003
1280,Comedy,Drama,,2003
1281,Comedy,,,2003
1282,Crime,Drama,,2003
1283,Action,Comedy,Drama,2003
1284,Comedy,Crime,Drama,2003
1285,Adventure,,,2003
1286,Drama,,,2003
1287,Crime,Drama,Thriller,2003
1288,Drama,Romance,,2003
1289,Action,Drama,Romance,2003
1290,Comedy,,,2003
1291,Comedy,,,2003
1292,Comedy,Drama,,2003
1293,Crime,Action,Comedy,2003
1294,Comedy,,,2003
1295,Romance,,,2003
1296,Comedy,,,2003
1297,Comedy,Drama,,2003
1298,Animation,Adventure,Comedy,2003
1299,Drama,,,2003
1300,Drama,Thriller,,2003
1301,Drama,,,2003
1302,Comedy,Romance,,2003
1303,Animation,Biography,,2003
1304,Comedy,Drama,,2003
1305,Animation,Family,,2003
1306,Comedy,,,2003
1307,Romance,,,2003
1308,Comedy,Horror,,2003
1309,Crime,Romance,,2003
1310,Comedy,,,2003
1311,Action,,,2003
1312,Thriller,,,2003
1313,Drama,,,2003
1314,Drama,Mystery,Romance,2003
1315,Comedy,Drama,,2003
1316,Thriller,,,2003
1317,Action,Comedy,Crime,2003
1318,Drama,,,2003
1319,Comedy,Drama,Romance,2003
1320,Comedy,Crime,Drama,2003
1321,Drama,,,2003
1322,Comedy,Romance,,2003
1323,Drama,,,2003
1324,Thriller,,,2003
1325,Comedy,,,2003
1326,Comedy,Drama,Romance,2003
1327,Fantasy,,,2003
1328,Drama,,,2003
1329,Comedy,Musical,Romance,2003
1330,Drama,Thriller,,2003
1331,Comedy,,,2003
1332,Action,Thriller,,2003
1333,Horror,Thriller,,2003
1334,Adventure,Comedy,Romance,2003
1335,Drama,,,2003
1336,Adventure,Comedy,Family,2003
1337,Drama,,,2003
1338,Drama,,,2003
1339,Drama,,,2003
1340,Comedy,Romance,,2003
1341,Action,Drama,,2003
1342,Crime,,,2003
1343,Action,Drama,,2003
1344,Drama,,,2003
1345,Comedy,Drama,,2003
1346,Animation,Comedy,Drama,2003
1347,Comedy,Romance,,2003
1348,Comedy,Musical,Romance,2003
1349,Comedy,,,2003
1350,Drama,,,2003
1351,Comedy,,,2003
1352,Drama,Horror,Romance,2003
1353,Drama,,,2003
1354,Comedy,,,2003
1355,Action,Fantasy,,2003
1356,Thriller,,,2003
1357,Drama,Comedy,,2003
1358,Comedy,Romance,,2003
1359,Comedy,,,2003
1360,Comedy,,,2003
1361,Drama,Horror,Thriller,2003
1362,Comedy,Drama,Romance,2003
1363,Drama,,,2003
1364,Drama,,,2003
1365,Action,,,2003
1366,Drama,,,2003
1367,Comedy,,,2003
1368,Adventure,Comedy,Fantasy,2003
1369,Comedy,,,2003
1370,Drama,,,2003
1371,Comedy,Crime,Drama,2003
1372,Romance,Comedy,,2003
1373,Drama,,,2003
1374,Comedy,Fantasy,,2003
1375,Adventure,Family,,2003
1376,Drama,,,2003
1377,Family,,,2003
1378,Comedy,Romance,,2003
1379,Drama,Romance,,2003
1380,Horror,,,2003
1381,Action,Comedy,Drama,2003
1382,Drama,,,2003
1383,Biography,Drama,History,2003
1384,Romance,,,2003
1385,Drama,,,2003
1386,Comedy,,,2003
1387,Drama,Romance,,2003
1388,Adventure,Crime,Family,2003
1389,Romance,,,2003
1390,Drama,,,2003
1391,Drama,,,2003
1392,Action,Romance,,2003
1393,Action,Horror,Thriller,2003
1394,Crime,,,2003
1395,Comedy,Drama,,2003
1396,Crime,Drama,Fantasy,2003
1397,Drama,,,2003
1398,Comedy,Drama,Romance,2003
1399,Drama,,,2003
1400,Drama,Romance,,2003
1401,Crime,Drama,Horror,2003
1402,Comedy,Drama,Romance,2003
1403,Drama,,,2003
1404,Drama,Romance,,2003
1405,Comedy,Drama,,2003
1406,Comedy,Sci-Fi,,2003
1407,Drama,Mystery,,2003
1408,Action,Drama,,2003
1409,Drama,Romance,,2003
1410,Comedy,Romance,,2003
1411,Crime,Drama,Romance,2003
1412,Comedy,Drama,,2003
1413,Comedy,Drama,,2003
1414,Comedy,Romance,,2003
1415,Drama,,,2003
1416,Drama,,,2003
1417,Drama,,,2003
1418,Horror,Thriller,,2003
1419,Action,Drama,,2003
1420,Thriller,,,2003
1421,Drama,Romance,,2003
1422,Western,,,2003
1423,Thriller,Drama,,2003
1424,Drama,,,2003
1425,Comedy,,,2003
1426,Comedy,Drama,,2003
1427,Comedy,,,2003
1428,Action,Drama,Sci-Fi,2003
1429,Drama,Romance,,2003
1430,Drama,,,2003
1431,Drama,,,2003
1432,Drama,,,2003
1433,Mystery,Comedy,,2003
1434,Comedy,,,2003
1435,Comedy,Drama,Family,2003
1436,Action,Crime,Drama,2003
1437,Drama,,,2003
1438,Comedy,Drama,,2003
1439,Comedy,Drama,,2003
1440,Drama,,,2003
1441,Comedy,Drama,,2003
1442,Comedy,Fantasy,Horror,2003
1443,Drama,,,2003
1444,Comedy,Mystery,Romance,2003
1445,Comedy,Romance,,2003
1446,Comedy,Romance,,2003
1447,Action,,,2003
1448,Comedy,Horror,,2003
1449,Family,Musical,,2003
1450,Adventure,Drama,Fantasy,2003
1451,Drama,Mystery,,2003
1452,Sci-Fi,,,2003
1453,Drama,,,2003
1454,Action,,,2003
1455,Action,,,2003
1456,Romance,,,2003
1457,Drama,,,2003
1458,Action,Comedy,,2003
1459,Comedy,Drama,,2003
1460,Horror,,,2003
1461,Animation,,,2003
1462,Fantasy,Horror,Thriller,2003
1463,Drama,Mystery,Thriller,2003
1464,Comedy,,,2003
1465,Thriller,,,2003
1466,Drama,,,2003
1467,Drama,,,2003
1468,Comedy,Romance,,2003
1469,Adventure,Sci-Fi,Drama,2003
1470,Comedy,Drama,,2003
1471,Drama,,,2003
1472,Comedy,Romance,,2003
1473,Action,Comedy,,2003
1474,Comedy,,,2003
1475,Drama,,,2003
1476,Comedy,,,2003
1477,Comedy,,,2003
1478,Drama,,,2003
1479,Comedy,Drama,,2003
1480,Crime,Drama,Fantasy,2003
1481,Drama,,,2003
1482,Comedy,,,2003
1483,Crime,Horror,Mystery,2003
1484,Horror,Thriller,,2003
1485,Action,,,2003
1486,Action,Crime,,2003
1487,Biography,Drama,History,2003
1488,Comedy,,,2003
1489,Comedy,Music,,2003
1490,Crime,Thriller,Drama,2003
1491,Action,Comedy,,2003
1492,Mystery,Thriller,,2003
1493,Drama,,,2003
1494,Action,Comedy,,2003
1495,Family,,,2003
1496,Adventure,Drama,Family,2003
1497,Drama,Romance,,2003
1498,Drama,,,2003
1499,Action,Comedy,,2003
1500,Action,Drama,Musical,2003
1501,Comedy,Romance,,2003
1502,Comedy,Drama,Romance,2003
1503,Action,Crime,Drama,2003
1504,Romance,,,2003
1505,Family,,,2003
1506,Drama,,,2003
1507,Crime,Horror,Mystery,2003
1508,Crime,,,2003
1509,Comedy,Romance,,2003
1510,Comedy,,,2003
1511,Comedy,,,2003
1512,Comedy,Drama,,2003
1513,Action,Comedy,Crime,2003
1514,Action,Drama,,2003
1515,Drama,War,,2003
1516,Adventure,Comedy,,2003
1517,Comedy,Romance,,2003
1518,Crime,Drama,Mystery,2003
1519,Drama,Romance,,2003
1520,Horror,Mystery,Thriller,2003
1521,Drama,,,2003
1522,Drama,,,2003
1523,Action,Comedy,,2003
1524,Comedy,Drama,,2003
1525,Comedy,,,2003
1526,Drama,,,2003
1527,Crime,Drama,Mystery,2003
1528,Drama,,,2003
1529,Drama,,,2003
1530,Drama,Fantasy,,2003
1531,Comedy,Drama,,2003
1532,Action,Adventure,Comedy,2003
1533,War,Drama,,2003
1534,Drama,Romance,Comedy,2003
1535,Drama,,,2003
1536,Comedy,Drama,,2003
1537,Adventure,Comedy,Horror,2003
1538,Action,Drama,Romance,2003
1539,Drama,History,,2003
1540,Drama,,,2003
1541,Comedy,Romance,,2003
1542,Comedy,Drama,,2003
1543,Drama,,,2003
1544,Drama,,,2003
1545,Action,Crime,Drama,2003
1546,Drama,Thriller,,2003
1547,Animation,,,2003
1548,Comedy,Drama,,2003
1549,Action,Drama,Thriller,2003
1550,Comedy,Drama,Romance,2003
1551,Comedy,,,2003
1552,Drama,,,2003
1553,Drama,Sci-Fi,,2003
1554,Drama,,,2003
1555,Drama,,,2003
1556,Comedy,,,2003
1557,Action,,,2003
1558,Comedy,,,2003
1559,Action,,,2003
1560,Comedy,,,2003
1561,Comedy,Drama,,2003
1562,Comedy,,,2003
1563,Action,Drama,Comedy,2003
1564,Romance,,,2003
1565,Drama,,,2003
1566,Comedy,Drama,Fantasy,2003
1567,Drama,,,2003
1568,Comedy,,,2003
1569,Drama,,,2003
1570,Drama,Romance,,2003
1571,Drama,,,2003
1572,Romance,Comedy,,2003
1573,Comedy,,,2003
1574,Horror,,,2003
1575,Horror,,,2003
1576,Action,Drama,Fantasy,2003
1577,Adventure,,,2003
1578,Action,Drama,War,2003
1579,Comedy,,,2003
1580,Drama,Romance,,2003
1581,Crime,Drama,Horror,2003
1582,Drama,,,2003
1583,Thriller,,,2003
1584,Comedy,Drama,Romance,2003
1585,Thriller,,,2003
1586,Drama,,,2003
1587,Comedy,,,2003
1588,Action,Adventure,Sci-Fi,2003
1589,Drama,,,2003
1590,Comedy,Drama,,2003
1591,Comedy,,,2003
1592,Drama,,,2003
1593,Drama,Horror,Thriller,2003
1594,Adventure,Comedy,Fantasy,2003
1595,Music,,,2003
1596,Action,,,2003
1597,Drama,,,2003
1598,Comedy,Drama,Sci-Fi,2003
1599,Action,Crime,Drama,2003
1600,Romance,,,2003
1601,Drama,,,2003
1602,Comedy,Family,Musical,2003
1603,Drama,Romance,,2003
1604,Action,Drama,,2003
1605,Comedy,,,2003
1606,Drama,,,2003
1607,Comedy,Drama,Romance,2003
1608,Drama,History,,2003
1609,Comedy,Drama,,2003
1610,Comedy,,,2003
1611,Action,,,2003
1612,Mystery,,,2003
1613,Drama,,,2003
1614,Crime,Drama,,2003
1615,Drama,,,2003
1616,Romance,,,2003
1617,Comedy,,,2003
1618,Drama,,,2003
1619,Crime,,,2003
1620,Drama,Horror,Thriller,2003
1621,Comedy,Drama,,2003
1622,Comedy,Horror,,2003
1623,Action,Romance,Thriller,2003
1624,Comedy,Family,Fantasy,2003
1625,Musical,Romance,,2003
1626,Crime,,,2003
1627,Action,,,2003
1628,Drama,,,2003
1629,Comedy,Romance,,2003
1630,Comedy,,,2003
1631,Drama,,,2003
1632,Drama,Comedy,,2003
1633,Comedy,History,Romance,2003
1634,Drama,,,2003
1635,Comedy,Romance,,2003
1636,Comedy,Romance,,2003
1637,Drama,,,2003
1638,Action,Romance,,2003
1639,Comedy,,,2003
1640,Drama,,,2003
1641,Action,,,2003
1642,Drama,Romance,,2003
1643,Drama,,,2003
1644,Comedy,Drama,Romance,2003
1645,Drama,,,2003
1646,Drama,Thriller,,2003
1647,Drama,,,2003
1648,Drama,,,2003
1649,Comedy,,,2003
1650,Drama,Romance,,2003
1651,Action,Comedy,Drama,2003
1652,Drama,,,2003
1653,Action,Crime,Drama,2003
1654,Comedy,,,2003
1655,Adventure,Comedy,,2003
1656,Comedy,,,2003
1657,Drama,,,2003
1658,Action,Comedy,Drama,2003
1659,Drama,,,2003
1660,Mystery,,,2003
1661,Action,,,2003
1662,Drama,,,2003
1663,Drama,,,2003
1664,Comedy,Horror,,2003
1665,Drama,,,2003
1666,Action,History,War,2003
1667,Comedy,Sci-Fi,,2003
1668,Adventure,Animation,Comedy,2003
1669,Crime,Drama,Thriller,2003
1670,Drama,,,2003
1671,Comedy,Drama,Romance,2003
1672,Adventure,Drama,Family,2003
1673,Thriller,,,2003
1674,Crime,Drama,,2003
1675,Comedy,Romance,,2003
1676,Drama,,,2003
1677,Thriller,Drama,,2003
1678,Drama,Music,,2003
1679,Drama,,,2003
1680,Drama,,,2003
1681,Comedy,Drama,,2003
1682,Animation,,,2003
1683,Thriller,,,2003
1684,Romance,,,2003
1685,Drama,,,2003
1686,Comedy,,,2003
1687,Animation,Drama,Romance,2003
1688,Drama,,,2003
1689,Drama,,,2003
1690,Comedy,Drama,Romance,2003
1691,Drama,,,2003
1692,Sci-Fi,Adventure,Drama,2003
1693,Drama,,,2003
1694,Drama,Thriller,,2003
1695,Comedy,,,2003
1696,Drama,,,2003
1697,Action,Adventure,Comedy,2003
1698,Drama,,,2003
1699,Action,Drama,,2003
1700,Comedy,Romance,,2003
1701,Drama,,,2003
1702,Drama,,,2003
1703,Comedy,Drama,Fantasy,2003
1704,Action,Adventure,,2003
1705,Drama,Thriller,,2003
1706,Comedy,,,2003
1707,Drama,,,2003
1708,Comedy,,,2003
1709,Romance,,,2003
1710,Comedy,,,2003
1711,Drama,,,2003
1712,Drama,,,2003
1713,Adventure,Comedy,Family,2003
1714,Action,Thriller,,2003
1715,Comedy,Family,Musical,2003
1716,Romance,,,2003
1717,Drama,Comedy,,2003
1718,Comedy,Drama,,2003
1719,Horror,,,2003
1720,Crime,,,2003
1721,Drama,,,2003
1722,Thriller,,,2003
1723,Drama,Musical,,2003
1724,Thriller,,,2003
1725,Comedy,Horror,,2003
1726,Romance,,,2003
1727,Drama,,,2003
1728,Action,Crime,,2003
1729,Drama,Horror,,2003
1730,Comedy,,,2003
1731,Horror,,,2003
1732,Drama,,,2003
1733,Drama,,,2003
1734,Sci-Fi,Fantasy,,2003
1735,Drama,Romance,,2003
1736,Romance,,,2003
1737,Comedy,Drama,Sport,2003
1738,Comedy,Drama,,2003
1739,Drama,Romance,,2003
1740,Horror,,,2003
1741,Drama,,,2003
1742,Crime,Drama,,2003
1743,Comedy,,,2003
1744,Drama,,,2003
1745,Comedy,Drama,,2003
1746,Thriller,,,2003
1747,Mystery,,,2003
1748,Drama,,,2003
1749,Comedy,,,2003
1750,Comedy,Drama,Romance,2003
1751,Drama,,,2003
1752,Comedy,,,2003
1753,Comedy,Drama,,2003
1754,Comedy,Thriller,Horror,2003
1755,Drama,War,,2003
1756,Drama,Action,Family,2003
1757,Crime,,,2003
1758,Comedy,Drama,,2003
1759,Drama,,,2003
1760,Drama,,,2003
1761,Biography,Crime,Drama,2003
1762,Comedy,Drama,Romance,2003
1763,Thriller,,,2003
1764,Comedy,Drama,Romance,2003
1765,Biography,Drama,,2003
1766,Romance,,,2003
1767,Action,Thriller,,2003
1768,Drama,,,2003
1769,Drama,,,2003
1770,Action,Fantasy,Thriller,2003
1771,Horror,,,2003
1772,Action,Adventure,Crime,2003
1773,Mystery,Thriller,,2003
1774,Drama,,,2003
1775,Action,,,2003
1776,Drama,Action,,2003
1777,Drama,,,2003
1778,Crime,Drama,,2003
1779,Drama,,,2003
1780,Animation,Adventure,Comedy,2003
1781,Comedy,Crime,Mystery,2003
1782,Comedy,Drama,,2003
1783,Comedy,,,2003
1784,Family,,,2003
1785,Sci-Fi,,,2003
1786,Romance,,,2003
1787,Action,,,2003
1788,Drama,,,2003
1789,Comedy,,,2003
1790,Fantasy,Thriller,,2003
1791,Drama,,,2003
1792,Drama,,,2003
1793,Action,Drama,,2003
1794,Comedy,Drama,,2003
1795,Crime,Drama,,2003
1796,Comedy,Musical,Romance,2003
1797,Drama,,,2003
1798,Comedy,,,2003
1799,Comedy,,,2003
1800,Drama,,,2003
1801,Action,Crime,Drama,2003
1802,Horror,Mystery,,2003
1803,Animation,,,2003
1804,Comedy,Drama,,2003
1805,Comedy,,,2003
1806,Drama,,,2003
1807,Action,,,2003
1808,Drama,,,2003
1809,Drama,,,2003
1810,Action,Adventure,Romance,2003
1811,Drama,,,2003
1812,Crime,Mystery,Romance,2003
1813,Comedy,,,2003
1814,Drama,Romance,,2003
1815,Drama,,,2003
1816,Drama,Romance,,2003
1817,Drama,,,2003
1818,Comedy,,,2003
1819,Drama,Romance,,2003
1820,Animation,Action,Adventure,2003
1821,Drama,Romance,,2003
1822,Action,Adventure,Comedy,2003
1823,Crime,Drama,Thriller,2003
1824,Thriller,,,2003
1825,Drama,,,2003
1826,Drama,Romance,,2003
1827,Drama,Family,,2003
1828,Drama,,,2003
1829,Comedy,,,2003
1830,Action,,,2003
1831,Comedy,Drama,,2003
1832,Comedy,Drama,,2003
1833,Drama,,,2003
1834,Drama,Sport,,2003
1835,Adventure,Action,Comedy,2003
1836,Drama,,,2003
1837,Drama,,,2003
1838,Comedy,Drama,,2003
1839,Thriller,,,2003
1840,Comedy,Crime,,2003
1841,Drama,,,2003
1842,Drama,,,2003
1843,Crime,,,2003
1844,Action,Drama,,2003
1845,Action,,,2003
1846,Thriller,,,2003
1847,Comedy,Sport,,2003
1848,Drama,Romance,,2003
1849,Drama,,,2003
1850,Comedy,Crime,Romance,2003
1851,Action,Horror,Thriller,2003
1852,Drama,,,2003
1853,Action,Comedy,Drama,2003
1854,Adventure,Comedy,Drama,2003
1855,Horror,,,2003
1856,Romance,,,2003
1857,Drama,,,2003
1858,Drama,Horror,Reality-TV,2003
1859,Comedy,Drama,,2003
1860,Drama,,,2003
1861,Drama,,,2003
1862,Thriller,,,2003
1863,Action,Drama,War,2003
1864,Animation,Adventure,Family,2003
1865,Comedy,Romance,,2003
1866,Comedy,Drama,,2003
1867,Comedy,Drama,Romance,2003
1868,Romance,,,2003
1869,Comedy,Romance,,2003
1870,Drama,Horror,Mystery,2003
1871,Drama,,,2003
1872,Thriller,Horror,,2003
1873,Horror,Comedy,,2003
1874,Action,Comedy,,2003
1875,Action,Horror,Thriller,2003
1876,Crime,Drama,Thriller,2003
1877,Action,Crime,Thriller,2003
1878,Action,Comedy,Drama,2003
1879,Comedy,Romance,,2003
1880,Drama,,,2003
1881,Horror,Sci-Fi,Thriller,2003
1882,Drama,,,2003
1883,Drama,,,2003
1884,Drama,Family,,2003
1885,Comedy,Drama,,2003
1886,Drama,,,2003
1887,Drama,,,2003
1888,Drama,,,2003
1889,Crime,Drama,,2003
1890,Mystery,,,2003
1891,Romance,,,2003
1892,Comedy,,,2003
1893,Comedy,Drama,,2003
1894,Action,Drama,,2003
1895,Thriller,,,2003
1896,Comedy,,,2003
1897,Comedy,Drama,,2003
1898,Drama,,,2003
1899,Horror,Thriller,,2003
1900,Drama,Romance,,2003
1901,Comedy,Drama,,2003
1902,Drama,,,2003
1903,Comedy,Drama,,2003
1904,Sport,,,2003
1905,Comedy,Drama,,2003
1906,War,,,2003
1907,Comedy,,,2003
1908,Drama,Romance,,2003
1909,Action,,,2003
1910,Drama,,,2003
1911,Drama,Romance,,2003
1912,Comedy,,,2003
1913,Crime,Drama,,2003
1914,Romance,,,2003
1915,Drama,,,2003
1916,Comedy,,,2003
1917,Comedy,,,2003
1918,Action,,,2003
1919,Thriller,,,2003
1920,Drama,,,2003
1921,Sci-Fi,,,2003
1922,Drama,Family,,2003
1923,Drama,,,2003
1924,Comedy,,,2003
1925,Comedy,,,2003
1926,Comedy,Drama,Musical,2003
1927,Drama,,,2003
1928,Action,,,2003
1929,Family,,,2003
1930,Drama,,,2003
1931,Comedy,,,2003
1932,Drama,,,2003
1933,Comedy,,,2003
1934,Drama,Horror,Mystery,2003
1935,Drama,Horror,,2003
1936,Drama,,,2003
1937,Drama,Romance,,2003
1938,Drama,Horror,Sci-Fi,2003
1939,Drama,Mystery,Romance,2003
1940,Drama,Mystery,Thriller,2003
1941,Horror,,,2003
1942,Action,Adventure,,2003
1943,Action,Crime,Drama,2003
1944,Drama,,,2003
1945,Drama,,,2003
1946,Drama,,,2003
1947,Drama,,,2003
1948,Family,,,2003
1949,Animation,Comedy,Family,2003
1950,Drama,,,2003
1951,Comedy,Drama,,2003
1952,Horror,Thriller,,2003
1953,Drama,Romance,,2003
1954,Crime,,,2003
1955,Drama,,,2003
1956,Drama,,,2003
1957,Drama,,,2003
1958,Action,,,2003
1959,Drama,,,2003
1960,Comedy,,,2003
1961,Comedy,Romance,Drama,2003
1962,Drama,Crime,,2003
1963,Comedy,Crime,Drama,2003
1964,Action,,,2003
1965,Crime,Thriller,,2003
1966,Action,Comedy,Fantasy,2003
1967,Drama,,,2003
1968,Comedy,,,2003
1969,Crime,Drama,Thriller,2003
1970,Thriller,,,2003
1971,Drama,,,2003
1972,Romance,,,2003
1973,Drama,,,2003
1974,Action,,,2003
1975,Drama,,,2003
1976,Action,Adventure,Drama,2003
1977,Drama,History,War,2003
1978,Comedy,Romance,,2003
1979,Action,,,2003
1980,Drama,,,2003
1981,Comedy,Family,Romance,2003
1982,Drama,Comedy,Romance,2003
1983,Drama,,,2003
1984,Drama,Comedy,,2003
1985,Drama,,,2003
1986,Drama,Romance,,2003
1987,Adventure,,,2003
1988,Thriller,,,2003
1989,Romance,,,2003
1990,Horror,Thriller,,2003
1991,Comedy,Drama,Romance,2003
1992,Drama,,,2003
1993,Drama,Romance,,2003
1994,Action,Comedy,,2003
1995,Drama,War,,2003
1996,Fantasy,,,2003
1997,Comedy,,,2003
1998,Comedy,Drama,,2003
1999,Comedy,Horror,,2003
2000,Drama,,,2003
2001,Drama,,,2003
2002,Drama,,,2003
2003,Drama,,,2003
2004,Drama,,,2003
2005,Drama,,,2003
2006,Drama,,,2003
2007,Comedy,,,2003
2008,Drama,,,2003
2009,Comedy,Drama,,2003
2010,Comedy,,,2003
2011,Comedy,,,2003
2012,Comedy,Drama,,2003
2013,Action,,,2003
2014,Comedy,,,2003
2015,Comedy,,,2003
2016,Thriller,,,2003
2017,Drama,Romance,Thriller,2003
2018,Thriller,,,2003
2019,Animation,,,2003
2020,Action,Crime,Drama,2003
2021,Adventure,Drama,Family,2003
2022,Drama,,,2003
2023,Comedy,,,2003
2024,Animation,Drama,,2003
2025,Action,,,2003
2026,Drama,,,2003
2027,Drama,,,2003
2028,Comedy,,,2003
2029,Drama,,,2003
2030,Drama,,,2003
2031,Drama,,,2003
2032,Crime,,,2003
2033,Crime,,,2003
2034,Family,Fantasy,,2003
2035,Crime,Thriller,,2003
2036,Comedy,Drama,,2003
2037,Drama,Romance,,2003
2038,Comedy,,,2003
2039,Action,,,2003
2040,Crime,Drama,Thriller,2003
2041,Thriller,,,2003
2042,Drama,Thriller,,2003
2043,Horror,Thriller,,2003
2044,Horror,Romance,,2003
2045,Drama,,,2003
2046,Comedy,Drama,,2003
2047,Drama,,,2003
2048,Comedy,Fantasy,,2003
2049,Comedy,Drama,Mystery,2003
2050,Animation,,,2003
2051,Drama,,,2003
2052,Comedy,Drama,,2003
2053,Comedy,,,2003
2054,Drama,,,2003
2055,Action,,,2003
2056,Animation,Comedy,Fantasy,2003
2057,Drama,Romance,,2003
2058,Horror,,,2003
2059,Comedy,Music,,2003
2060,Thriller,,,2003
2061,Comedy,,,2003
2062,Action,Drama,,2003
2063,Thriller,,,2003
2064,Drama,,,2003
2065,Comedy,,,2003
2066,Drama,,,2003
2067,Comedy,Western,,2003
2068,Romance,,,2003
2069,Drama,,,2003
2070,Drama,Family,,2003
2071,Drama,,,2003
2072,Drama,,,2003
2073,Action,,,2003
2074,Comedy,Family,Drama,2003
2075,Romance,,,2003
2076,Drama,,,2003
2077,Comedy,Romance,,2003
2078,Action,Comedy,,2003
2079,Drama,Romance,Thriller,2003
2080,Drama,Horror,,2003
2081,Action,,,2003
2082,Western,,,2003
2083,Comedy,Romance,,2003
2084,Comedy,,,2003
2085,Comedy,,,2003
2086,Drama,,,2003
2087,Comedy,,,2003
2088,Action,Romance,Drama,2003
2089,Comedy,,,2003
2090,Comedy,,,2003
2091,Action,,,2003
2092,Drama,,,2003
2093,Musical,Comedy,Romance,2003
2094,Drama,,,2003
2095,Action,,,2003
2096,Crime,Thriller,,2003
2097,Comedy,Crime,Drama,2003
2098,Comedy,Drama,,2003
2099,Sport,,,2003
2100,Drama,,,2003
2101,Comedy,,,2003
2102,Drama,Romance,,2003
2103,Comedy,Drama,,2003
2104,Comedy,,,2003
2105,Drama,,,2003
2106,Drama,Fantasy,Thriller,2003
2107,Comedy,Drama,,2003
2108,Drama,Family,,2003
2109,Mystery,Sci-Fi,Thriller,2003
2110,Comedy,,,2003
2111,Drama,,,2003
2112,Drama,,,2003
2113,Crime,Drama,Mystery,2003
2114,Comedy,Drama,,2003
2115,Comedy,,,2003
2116,Drama,,,2003
2117,Comedy,,,2003
2118,Comedy,,,2003
2119,Comedy,,,2003
2120,Drama,,,2003
2121,Comedy,,,2003
2122,Drama,Music,Comedy,2003
2123,Drama,,,2003
2124,Comedy,Family,,2003
2125,Drama,,,2003
2126,Comedy,Romance,,2003
2127,Family,,,2003
2128,Drama,,,2003
2129,Comedy,Drama,,2003
2130,Comedy,,,2003
2131,Comedy,Crime,Drama,2003
2132,Drama,,,2003
2133,Action,Crime,Drama,2003
2134,Comedy,,,2003
2135,Drama,Romance,,2003
2136,Drama,,,2003
2137,Comedy,Drama,,2003
2138,Action,Drama,Romance,2003
2139,Romance,,,2003
2140,Comedy,,,2003
2141,Comedy,,,2003
2142,Comedy,,,2003
2143,Romance,,,2003
2144,Drama,Thriller,Mystery,2003
2145,Action,Family,,2003
2146,Drama,Comedy,,2003
2147,Comedy,,,2003
2148,Comedy,Drama,,2003
2149,Drama,,,2003
2150,Comedy,Drama,,2003
2151,Drama,,,2003
2152,Horror,,,2003
2153,Drama,,,2003
2154,Drama,,,2003
2155,Thriller,,,2003
2156,Romance,,,2003
2157,Comedy,Musical,,2003
2158,Drama,,,2003
2159,Adventure,Drama,Mystery,2003
2160,Comedy,Drama,,2003
2161,Drama,,,2003
2162,Comedy,Drama,Family,2003
2163,Crime,Drama,Thriller,2003
2164,Action,,,2003
2165,Drama,,,2003
2166,Action,,,2003
2167,Romance,,,2003
2168,Drama,Comedy,,2003
2169,Adventure,Family,,2003
2170,Drama,,,2003
2171,Action,Comedy,,2003
2172,Action,Romance,,2003
2173,Comedy,Drama,Romance,2003
2174,Drama,,,2003
2175,Comedy,,,2003
2176,Comedy,Drama,,2003
2177,Drama,,,2003
2178,Drama,,,2003
2179,Drama,,,2003
2180,Comedy,,,2003
2181,Drama,,,2003
2182,Drama,,,2003
2183,Drama,Romance,,2003
2184,Thriller,,,2003
2185,Comedy,Drama,,2003
2186,Drama,,,2003
2187,Drama,,,2003
2188,Comedy,,,2003
2189,Comedy,,,2003
2190,Action,,,2003
2191,Romance,,,2003
2192,Comedy,Romance,,2003
2193,Crime,,,2003
2194,Drama,,,2003
2195,Comedy,Drama,,2003
2196,Comedy,,,2003
2197,Action,Crime,,2003
2198,History,Romance,,2003
2199,Action,,,2003
2200,Horror,,,2003
2201,Romance,,,2003
2202,Horror,,,2003
2203,Drama,,,2003
2204,Biography,,,2003
2205,Drama,,,2003
2206,Comedy,Music,,2003
2207,Horror,,,2003
2208,Crime,Drama,,2003
2209,Drama,Romance,,2003
2210,Comedy,,,2003
2211,Comedy,,,2003
2212,Drama,,,2003
2213,Musical,,,2003
2214,Comedy,,,2003
2215,Comedy,Drama,,2003
2216,Crime,,,2003
2217,Family,,,2003
2218,Thriller,,,2003
2219,Drama,,,2003
2220,Drama,,,2003
2221,Drama,,,2003
2222,Thriller,,,2003
2223,Comedy,,,2003
2224,Action,Romance,,2003
2225,Drama,,,2003
2226,Drama,,,2003
2227,Drama,Horror,Thriller,2003
2228,Adventure,Comedy,,2003
2229,Drama,,,2003
2230,Thriller,Sci-Fi,,2003
2231,Action,,,2003
2232,Comedy,,,2003
2233,Comedy,Drama,,2003
2234,Thriller,,,2003
2235,Thriller,,,2003
2236,Comedy,,,2003
2237,Action,Romance,,2003
2238,Horror,,,2003
2239,Thriller,,,2003
2240,Drama,,,2003
2241,Romance,,,2003
2242,Comedy,Romance,,2003
2243,Thriller,,,2003
2244,Comedy,Horror,Thriller,2003
2245,Comedy,Romance,,2003
2246,Action,,,2003
2247,Comedy,,,2003
2248,Drama,,,2003
2249,Drama,Musical,,2003
2250,History,,,2003
2251,Comedy,Romance,,2003
2252,Comedy,,,2003
2253,Drama,,,2003
2254,Comedy,,,2003
2255,Comedy,Drama,Family,2003
2256,Drama,Family,,2003
2257,Sci-Fi,,,2003
2258,Comedy,,,2003
2259,Drama,,,2003
2260,Adventure,Comedy,,2003
2261,Comedy,,,2003
2262,Action,,,2003
2263,Comedy,Fantasy,,2003
2264,Comedy,,,2003
2265,Drama,,,2003
2266,Drama,,,2003
2267,Drama,,,2003
2268,Drama,,,2003
2269,Action,Drama,Thriller,2003
2270,Horror,,,2003
2271,Drama,,,2003
2272,Romance,,,2003
2273,Action,,,2003
2274,Mystery,Thriller,,2003
2275,Comedy,Romance,,2003
2276,Comedy,,,2003
2277,Mystery,,,2003
2278,Drama,,,2003
2279,Drama,,,2003
2280,Action,Comedy,Drama,2003
2281,Drama,Family,Romance,2003
2282,Drama,,,2003
2283,Thriller,,,2003
2284,Action,,,2003
2285,Comedy,,,2003
2286,Comedy,,,2003
2287,Thriller,Horror,,2003
2288,Thriller,,,2003
2289,Drama,,,2003
2290,Drama,Fantasy,Romance,2003
2291,Drama,,,2003
2292,Drama,,,2003
2293,Drama,,,2003
2294,Comedy,Romance,,2003
2295,Horror,,,2003
2296,Drama,,,2003
2297,Comedy,,,2003
2298,Comedy,Crime,,2003
2299,Crime,Thriller,,2003
2300,Comedy,,,2003
2301,Action,Drama,,2003
2302,Drama,,,2003
2303,Drama,,,2003
2304,Romance,,,2003
2305,Crime,Drama,,2003
2306,Comedy,Drama,Family,2003
2307,Fantasy,,,2003
2308,Comedy,Romance,,2003
2309,Comedy,,,2003
2310,Drama,,,2003
2311,Drama,,,2003
2312,Drama,,,2003
2313,Drama,,,2003
2314,Action,Drama,Romance,2003
2315,Musical,,,2003
2316,Action,Crime,,2003
2317,Crime,,,2003
2318,Comedy,,,2003
2319,Drama,,,2003
2320,Drama,,,2003
2321,Comedy,,,2003
2322,Drama,Thriller,,2003
2323,Drama,,,2003
2324,Drama,,,2003
2325,Drama,,,2003
2326,Drama,,,2003
2327,Horror,,,2003
2328,Drama,,,2003
2329,Drama,,,2003
2330,Drama,,,2003
2331,Crime,Romance,Thriller,2003
2332,Biography,Drama,Thriller,2003
2333,Drama,,,2003
2334,Comedy,,,2003
2335,Drama,,,2003
2336,Drama,Romance,,2003
2337,Action,Drama,War,2003
2338,Western,Drama,,2003
2339,Thriller,,,2003
2340,Drama,,,2003
2341,Drama,Romance,,2003
2342,Horror,Thriller,,2003
2343,Comedy,,,2003
2344,Drama,,,2003
2345,Horror,,,2003
2346,Comedy,,,2003
2347,Thriller,,,2003
2348,Comedy,,,2003
2349,Comedy,Romance,,2003
2350,Action,,,2003
2351,Drama,,,2003
2352,Action,,,2003
2353,Comedy,,,2003
2354,Comedy,Romance,,2003
2355,Drama,,,2003
2356,Family,,,2003
2357,Comedy,,,2003
2358,Comedy,Romance,,2003
2359,Thriller,,,2003
2360,Drama,,,2003
2361,Animation,Family,,2003
2362,Action,,,2003
2363,Comedy,Drama,,2003
2364,Adventure,Fantasy,Family,2003
2365,Drama,Mystery,Thriller,2003
2366,Thriller,,,2003
2367,Drama,,,2003
2368,Drama,,,2003
2369,Drama,,,2003
2370,Comedy,,,2003
2371,Comedy,Crime,Romance,2003
2372,Action,,,2003
2373,Horror,,,2003
2374,Drama,Family,Romance,2003
2375,Drama,Romance,,2003
2376,Drama,,,2003
2377,Drama,Romance,,2003
2378,Drama,,,2003
2379,Drama,,,2003
2380,Drama,,,2003
2381,Comedy,,,2003
2382,Comedy,,,2003
2383,Comedy,,,2003
2384,Comedy,,,2003
2385,Drama,,,2003
2386,Drama,,,2003
2387,Horror,,,2003
2388,Drama,,,2003
2389,Action,Crime,,2003
2390,Drama,,,2003
2391,Action,Adventure,Drama,2003
2392,Animation,,,2003
2393,Drama,,,2003
2394,Thriller,,,2003
2395,Action,,,2003
2396,Animation,Fantasy,,2003
2397,Comedy,,,2003
2398,Romance,,,2003
2399,Comedy,Drama,Romance,2003
2400,Drama,Thriller,,2003
2401,Drama,Romance,,2003
2402,Mystery,Drama,,2003
2403,Drama,,,2003
2404,Romance,,,2003
2405,Drama,,,2003
2406,Drama,Comedy,,2003
2407,Action,Crime,Drama,2003
2408,Drama,,,2003
2409,Drama,,,2003
2410,Comedy,Drama,,2003
2411,Comedy,Drama,Romance,2003
2412,Comedy,Drama,,2003
2413,Comedy,,,2003
2414,Drama,,,2003
2415,Drama,,,2003
2416,Thriller,,,2003
2417,Horror,,,2003
2418,Action,,,2003
2419,Comedy,Horror,Musical,2003
2420,Action,,,2003
2421,Thriller,,,2003
2422,Action,Crime,Thriller,2003
2423,Thriller,,,2003
2424,Action,Drama,,2003
2425,Comedy,Crime,,2003
2426,Drama,,,2003
2427,Comedy,Drama,,2003
2428,Crime,Horror,Mystery,2003
2429,Drama,,,2003
2430,Comedy,Drama,Family,2003
2431,Drama,,,2003
2432,Drama,Thriller,,2003
2433,Action,Drama,Romance,2003
2434,Family,,,2003
2435,Drama,,,2003
2436,Romance,,,2003
2437,Drama,,,2003
2438,Drama,,,2003
2439,Drama,,,2003
2440,Comedy,,,2003
2441,Fantasy,Romance,,2003
2442,Comedy,,,2003
2443,Action,Comedy,,2003
2444,Crime,Drama,Mystery,2003
2445,Comedy,Drama,,2003
2446,Drama,,,2003
2447,Drama,Romance,,2003
2448,Drama,Mystery,Thriller,2003
2449,Drama,,,2003
2450,Comedy,Drama,,2003
2451,Drama,Fantasy,,2003
2452,Drama,,,2003
2453,Comedy,Drama,,2003
2454,Western,,,2003
2455,Comedy,Mystery,Romance,2003
2456,Comedy,,,2003
2457,Action,Comedy,Romance,2003
2458,Comedy,Romance,,2003
2459,Drama,,,2003
2460,Comedy,Drama,Family,2003
2461,Thriller,,,2003
2462,Romance,,,2003
2463,Drama,,,2003
2464,Animation,Drama,Sci-Fi,2003
2465,Drama,Family,,2003
2466,Comedy,,,2003
2467,Comedy,,,2003
2468,Drama,,,2003
2469,Comedy,,,2003
2470,Drama,,,2003
2471,Drama,,,2003
2472,Drama,,,2003
2473,Thriller,,,2003
2474,Horror,,,2003
2475,Comedy,,,2003
2476,Drama,,,2003
2477,Drama,,,2003
2478,Sport,,,2003
2479,Comedy,Musical,,2003
2480,Drama,,,2003
2481,Drama,,,2003
2482,Drama,Action,Fantasy,2003
2483,Drama,Horror,Thriller,2003
2484,Drama,,,2003
2485,Drama,,,2003
2486,Drama,Thriller,,2003
2487,Comedy,Drama,,2003
2488,Comedy,Drama,Thriller,2003
2489,Comedy,Drama,,2003
2490,Drama,,,2003
2491,Drama,Romance,,2003
2492,Comedy,,,2003
2493,Comedy,,,2003
2494,Drama,,,2003
2495,Drama,,,2003
2496,Comedy,Drama,,2003
2497,Crime,Drama,Mystery,2003
2498,Comedy,,,2003
2499,Comedy,,,2003
2500,Drama,,,2003
2501,Action,,,2003
2502,Crime,Romance,Comedy,2003
2503,Action,Crime,Drama,2003
2504,Comedy,,,2003
2505,Crime,Mystery,Sci-Fi,2003
2506,Comedy,,,2003
2507,Drama,Fantasy,Sci-Fi,2003
2508,Thriller,,,2003
2509,Comedy,,,2003
2510,Drama,Romance,,2003
2511,Animation,Family,,2003
2512,Comedy,Drama,Fantasy,2003
2513,Drama,,,2003
2514,Drama,,,2003
2515,Drama,,,2003
2516,Comedy,Drama,,2003
2517,Comedy,,,2003
2518,Comedy,,,2003
2519,Action,,,2003
2520,Action,,,2003
2521,Thriller,,,2003
2522,Drama,Thriller,,2003
2523,Crime,Drama,,2003
2524,Comedy,,,2003
2525,Romance,,,2003
2526,Action,Drama,,2003
2527,Comedy,,,2003
2528,Comedy,,,2003
2529,Comedy,Mystery,,2003
2530,Drama,,,2003
2531,Drama,,,2003
2532,Drama,,,2003
2533,Sci-Fi,,,2003
2534,Romance,Thriller,,2003
2535,Drama,,,2003
2536,Action,,,2003
2537,Drama,,,2003
2538,Drama,,,2003
2539,Comedy,,,2003
2540,Comedy,Fantasy,,2003
2541,Comedy,,,2003
2542,Comedy,,,2003
2543,Action,,,2003
2544,Comedy,,,2003
2545,Music,,,2003
2546,Drama,,,2003
2547,Crime,Family,Mystery,2003
2548,Action,,,2003
2549,Drama,Thriller,,2003
2550,Romance,,,2003
2551,Thriller,,,2003
2552,Biography,,,2003
2553,Adventure,,,2003
2554,Comedy,,,2003
2555,Comedy,Crime,,2003
2556,Comedy,Crime,Drama,2003
2557,Drama,,,2003
2558,Drama,,,2003
2559,Drama,,,2003
2560,Sci-Fi,,,2003
2561,Action,Animation,,2003
2562,Sci-Fi,,,2003
2563,Action,,,2003
2564,Action,,,2003
2565,Comedy,,,2003
2566,Romance,,,2003
2567,Comedy,Drama,Mystery,2003
2568,Drama,,,2003
2569,Comedy,Drama,Musical,2003
2570,Fantasy,Sci-Fi,,2003
2571,Horror,Thriller,,2003
2572,Comedy,,,2003
2573,Drama,,,2003
2574,Comedy,,,2003
2575,Drama,,,2003
2576,Comedy,Romance,,2003
2577,Drama,,,2003
2578,Horror,,,2003
2579,Drama,,,2003
2580,Drama,Romance,,2003
2581,Drama,,,2003
2582,Horror,,,2003
2583,Drama,,,2003
2584,Comedy,,,2003
2585,Drama,,,2003
2586,Drama,,,2003
2587,Drama,,,2003
2588,Drama,,,2003
2589,Horror,,,2003
2590,Drama,,,2003
2591,Drama,,,2003
2592,Drama,,,2003
2593,Comedy,Horror,Thriller,2003
2594,Action,Adventure,Animation,2003
2595,Drama,,,2003
2596,Drama,,,2003
2597,Horror,Thriller,,2003
2598,Comedy,Horror,,2003
2599,Drama,,,2003
2600,Drama,,,2003
2601,Drama,,,2003
2602,Drama,,,2003
2603,Crime,Drama,Mystery,2003
2604,Animation,Drama,,2003
2605,Drama,,,2003
2606,Comedy,,,2003
2607,Comedy,Horror,,2003
2608,Drama,,,2003
2609,Comedy,War,,2003
2610,Drama,,,2003
2611,Comedy,,,2003
2612,Drama,,,2003
2613,Drama,,,2003
2614,Drama,History,,2003
2615,Fantasy,Romance,,2003
2616,Romance,,,2003
2617,Comedy,,,2003
2618,Thriller,,,2003
2619,Drama,,,2003
2620,Drama,,,2003
2621,Comedy,,,2003
2622,Action,Crime,,2003
2623,Drama,,,2003
2624,Sci-Fi,,,2003
2625,Drama,Romance,,2003
2626,Drama,Fantasy,,2003
2627,Romance,,,2003
2628,Drama,,,2003
2629,Animation,Comedy,Fantasy,2003
2630,Biography,Drama,Mystery,2003
2631,Crime,Drama,,2003
2632,Comedy,Romance,,2003
2633,Action,Comedy,Crime,2003
2634,Comedy,Romance,,2003
2635,Drama,,,2003
2636,Biography,,,2003
2637,Drama,,,2003
2638,Action,,,2003
2639,Drama,,,2003
2640,Drama,,,2003
2641,Romance,,,2003
2642,Action,Drama,,2003
2643,Drama,Horror,Sci-Fi,2003
2644,Comedy,Drama,,2003
2645,Romance,,,2003
2646,Drama,,,2003
2647,Drama,,,2003
2648,Comedy,,,2003
2649,Comedy,,,2003
2650,Comedy,Drama,Fantasy,2003
2651,Drama,,,2003
2652,Comedy,Romance,,2003
2653,Comedy,,,2003
2654,Thriller,,,2003
2655,Drama,,,2003
2656,Drama,,,2003
2657,Drama,,,2003
2658,Animation,,,2003
2659,Crime,Drama,,2003
2660,Drama,,,2003
2661,Drama,,,2003
2662,Action,Fantasy,,2003
2663,Comedy,,,2003
2664,Comedy,Drama,History,2003
2665,Crime,Drama,,2003
2666,Comedy,,,2003
2667,Comedy,,,2003
2668,Mystery,Sci-Fi,,2003
2669,Fantasy,,,2003
2670,Drama,,,2003
2671,Drama,,,2003
2672,Drama,,,2003
2673,Drama,,,2003
2674,Comedy,,,2003
2675,Comedy,,,2003
2676,Drama,,,2003
2677,Romance,,,2003
2678,Drama,War,,2003
2679,Drama,,,2003
2680,Drama,Romance,,2003
2681,Action,Drama,,2003
2682,Drama,,,2003
2683,Comedy,,,2003
2684,Drama,,,2003
2685,Drama,,,2003
2686,Horror,,,2003
2687,Comedy,,,2003
2688,Comedy,,,2003
2689,Comedy,,,2003
2690,Drama,,,2003
2691,Drama,Comedy,,2003
2692,Drama,Thriller,,2003
2693,Comedy,Drama,,2003
2694,Drama,,,2003
2695,Drama,,,2003
2696,Drama,Family,Fantasy,2003
2697,Mystery,,,2003
2698,Comedy,,,2003
2699,Action,,,2003
2700,Drama,,,2003
2701,Comedy,Drama,,2003
2702,Drama,Family,,2003
2703,Drama,,,2003
2704,Action,Comedy,,2003
2705,Mystery,Thriller,,2003
2706,Action,Drama,,2003
2707,Comedy,,,2003
2708,Sci-Fi,,,2003
2709,Adventure,Drama,Thriller,2003
2710,Romance,,,2003
2711,Action,Crime,Thriller,2003
2712,Comedy,Drama,Mystery,2003
2713,Romance,,,2003
2714,Romance,War,,2003
2715,Horror,,,2003
2716,Horror,Thriller,,2003
2717,Mystery,,,2003
2718,Drama,,,2003
2719,Western,,,2003
2720,Drama,,,2003
2721,Drama,Family,,2003
2722,Comedy,,,2003
2723,Drama,,,2003
2724,Comedy,Crime,,2003
2725,Adventure,,,2003
2726,Drama,,,2003
2727,Drama,,,2003
2728,Adventure,Family,Fantasy,2003
2729,Romance,,,2003
2730,Family,,,2003
2731,Drama,,,2003
2732,Action,,,2003
2733,Comedy,Romance,,2003
2734,Romance,,,2003
2735,Thriller,Drama,,2003
2736,Drama,Horror,Thriller,2003
2737,Drama,,,2003
2738,Drama,,,2003
2739,Drama,Thriller,,2003
2740,Action,,,2003
2741,Drama,Thriller,,2003
2742,Drama,,,2003
2743,Crime,Drama,,2003
2744,Comedy,,,2003
2745,Drama,,,2003
2746,Action,,,2003
2747,Drama,Family,,2003
2748,Comedy,,,2003
2749,Horror,,,2003
2750,Drama,,,2003
2751,Comedy,Drama,,2003
2752,Drama,,,2003
2753,Drama,,,2003
2754,Animation,Sci-Fi,,2003
2755,Drama,,,2003
2756,Drama,,,2003
2757,Drama,,,2003
2758,Comedy,Horror,,2003
2759,Comedy,Horror,,2003
2760,Music,,,2003
2761,History,,,2003
2762,Crime,Drama,Thriller,2003
2763,Drama,,,2003
2764,Comedy,Drama,Horror,2003
2765,Drama,,,2003
2766,Comedy,,,2003
2767,Romance,,,2003
2768,Drama,,,2003
2769,Music,,,2003
2770,Drama,,,2003
2771,Drama,Comedy,,2003
2772,Drama,,,2003
2773,Drama,,,2003
2774,Romance,,,2003
2775,Action,,,2003
2776,Drama,,,2003
2777,Drama,,,2003
2778,Comedy,Drama,,2003
2779,Romance,,,2003
2780,Comedy,,,2003
2781,Drama,,,2003
2782,Horror,,,2003
2783,Comedy,,,2003
2784,Comedy,Horror,,2003
2785,Drama,,,2003
2786,Drama,War,,2003
2787,Comedy,Drama,,2003
2788,Thriller,,,2003
2789,Action,Drama,,2003
2790,Action,,,2003
2791,Action,Drama,,2003
2792,Thriller,,,2003
2793,Drama,,,2003
2794,Sci-Fi,,,2003
2795,Music,,,2003
2796,Drama,,,2003
2797,Drama,,,2003
2798,Drama,,,2003
2799,Comedy,Drama,,2003
2800,Comedy,,,2003
2801,Thriller,,,2003
2802,Thriller,,,2003
2803,Comedy,,,2003
2804,Horror,,,2003
2805,Drama,,,2003
2806,Drama,,,2003
2807,Comedy,,,2003
2808,Drama,,,2003
2809,Thriller,,,2003
2810,Drama,,,2003
2811,Drama,,,2003
2812,Drama,,,2003
2813,Thriller,,,2003
2814,Romance,,,2003
2815,Comedy,Drama,,2003
2816,Comedy,,,2003
2817,Action,Drama,Romance,2003
2818,Drama,,,2003
2819,Drama,,,2003
2820,Drama,Romance,,2003
2821,Drama,Family,,2003
2822,Family,Music,,2003
2823,Comedy,,,2003
2824,Drama,,,2003
2825,Drama,,,2003
2826,Drama,,,2003
2827,Drama,,,2003
2828,Comedy,,,2003
2829,Drama,Fantasy,Thriller,2003
2830,Drama,Romance,,2003
2831,Drama,,,2003
2832,Drama,Romance,,2003
2833,Drama,,,2003
2834,Comedy,,,2003
2835,Drama,,,2003
2836,Drama,,,2003
2837,Drama,,,2003
2838,Adventure,,,2003
2839,Drama,,,2003
2840,Drama,,,2003
2841,Crime,Drama,Thriller,2003
2842,Drama,,,2003
2843,Thriller,Drama,,2003
2844,Drama,,,2003
2845,Drama,,,2003
2846,Crime,Drama,,2003
2847,Drama,,,2003
2848,Comedy,,,2003
2849,Comedy,,,2003
2850,Action,,,2003
2851,Horror,,,2003
2852,Horror,Thriller,,2003
2853,Thriller,,,2003
2854,Drama,,,2003
2855,Drama,,,2003
2856,Crime,Drama,Thriller,2003
2857,Comedy,,,2003
2858,Comedy,,,2003
2859,Comedy,,,2003
2860,Drama,,,2003
2861,Drama,,,2003
2862,Drama,,,2003
2863,Drama,,,2003
2864,Drama,,,2003
2865,Drama,,,2003
2866,Drama,,,2003
2867,Drama,,,2003
2868,Drama,Romance,,2003
2869,Drama,,,2003
2870,Drama,,,2003
2871,Comedy,,,2003
2872,Drama,,,2003
2873,Action,,,2003
2874,Comedy,,,2003
2875,Musical,,,2003
2876,Comedy,,,2003
2877,Drama,Family,,2003
2878,Romance,,,2003
2879,Comedy,,,2003
2880,Drama,,,2003
2881,Crime,,,2003
2882,Comedy,,,2003
2883,Action,Crime,Drama,2003
2884,Crime,Mystery,Thriller,2003
2885,Drama,,,2003
2886,Comedy,Drama,,2003
2887,Drama,,,2003
2888,Drama,,,2003
2889,Drama,,,2003
2890,Action,Drama,,2003
2891,Thriller,,,2003
2892,Drama,,,2003
2893,Drama,Romance,,2003
2894,Drama,,,2003
2895,Drama,,,2003
2896,Comedy,,,2003
2897,Drama,,,2003
2898,Drama,,,2003
2899,Comedy,,,2003
2900,Drama,,,2003
2901,Drama,,,2003
2902,Drama,,,2003
2903,Drama,,,2003
2904,Action,,,2003
2905,Drama,,,2003
2906,Comedy,Romance,,2003
2907,Action,Comedy,Romance,2003
2908,Drama,,,2003
2909,History,,,2003
2910,Romance,Comedy,Drama,2003
2911,Comedy,,,2003
2912,Drama,,,2003
2913,Comedy,Drama,Horror,2003
2914,Drama,,,2003
2915,Drama,,,2003
2916,Comedy,Drama,,2003
2917,Drama,,,2003
2918,Drama,,,2003
2919,Action,,,2003
2920,Comedy,,,2003
2921,Drama,,,2003
2922,Comedy,,,2003
2923,Comedy,Romance,,2003
2924,Comedy,Drama,,2003
2925,Drama,,,2003
2926,Drama,,,2003
2927,Music,,,2003
2928,Drama,,,2003
2929,Drama,Romance,,2003
2930,Drama,,,2003
2931,Drama,,,2003
2932,Comedy,,,2003
2933,Crime,,,2003
2934,Drama,,,2003
2935,Action,Adventure,Fantasy,2003
2936,Drama,,,2003
2937,Thriller,,,2003
2938,Thriller,,,2003
2939,Drama,Romance,,2003
2940,Action,,,2003
2941,Action,Drama,,2003
2942,Action,,,2003
2943,Mystery,Sci-Fi,Thriller,2003
2944,Comedy,Horror,Romance,2003
2945,Action,,,2003
2946,Mystery,,,2003
2947,Drama,,,2003
2948,Comedy,,,2003
2949,Drama,,,2003
2950,Action,Drama,Thriller,2003
2951,Action,Comedy,,2003
2952,Music,,,2003
2953,Drama,,,2003
2954,Drama,,,2003
2955,Thriller,,,2003
2956,Drama,,,2003
2957,Thriller,,,2003
2958,Comedy,,,2003
2959,Drama,,,2003
2960,Drama,,,2003
2961,Thriller,,,2003
2962,Drama,,,2003
2963,Action,Adventure,War,2003
2964,Adventure,,,2003
2965,Drama,,,2003
2966,Action,,,2003
2967,Drama,Thriller,,2003
2968,Adventure,,,2003
2969,Drama,,,2003
2970,Sci-Fi,,,2003
2971,Sci-Fi,,,2003
2972,Drama,Comedy,,2003
2973,Comedy,,,2003
2974,Drama,,,2003
2975,Drama,,,2003
2976,Sport,,,2003
2977,Action,Crime,Drama,2003
2978,Drama,,,2003
2979,Comedy,Drama,,2003
2980,Crime,Western,,2003
2981,Fantasy,Musical,,2003
2982,Romance,,,2003
2983,Comedy,,,2003
2984,Comedy,,,2003
2985,Drama,,,2003
2986,Drama,,,2003
2987,Action,,,2003
2988,Comedy,Romance,,2003
2989,Drama,,,2003
2990,Horror,,,2003
2991,Drama,,,2003
2992,Drama,Action,,2003
2993,Comedy,,,2003
2994,Action,Crime,Drama,2003
2995,Drama,,,2003
2996,Action,,,2003
2997,Drama,,,2003
2998,Drama,,,2003
2999,Drama,,,2003
3000,Sci-Fi,,,2003
3001,War,,,2003
3002,Horror,,,2003
3003,Drama,,,2003
3004,Adventure,Comedy,,2003
3005,War,,,2003
3006,Comedy,Drama,Romance,2003
3007,Thriller,,,2003
3008,Drama,,,2003
3009,Animation,Comedy,Family,2003
3010,Comedy,Romance,,2003
3011,Drama,,,2003
3012,Comedy,Crime,Drama,2003
3013,Drama,,,2003
3014,Crime,,,2003
3015,Comedy,Drama,,2003
3016,Horror,,,2003
3017,Drama,,,2003
3018,Drama,Fantasy,History,2003
3019,Comedy,Drama,,2003
3020,Drama,,,2003
3021,Comedy,,,2003
3022,Comedy,Drama,,2003
3023,Drama,Romance,,2003
3024,Action,Adventure,Drama,2003
3025,Action,,,2003
3026,Thriller,,,2003
3027,Comedy,,,2003
3028,Thriller,,,2003
3029,Thriller,,,2003
3030,Drama,Romance,Thriller,2003
3031,Drama,,,2003
3032,Action,,,2003
3033,Drama,,,2003
3034,Mystery,,,2003
3035,Drama,,,2003
3036,Animation,,,2003
3037,Crime,,,2003
3038,Comedy,,,2003
3039,Thriller,,,2003
3040,Romance,,,2003
3041,Action,,,2003
3042,Drama,,,2003
3043,Action,Comedy,Sci-Fi,2003
3044,Drama,,,2003
3045,Horror,,,2003
3046,Action,,,2003
3047,Comedy,,,2003
3048,Drama,,,2003
3049,Comedy,,,2003
3050,Drama,Family,,2003
3051,Comedy,,,2003
3052,Action,Adventure,,2003
3053,Drama,,,2003
3054,Action,Crime,Drama,2003
3055,Drama,,,2003
3056,Drama,,,2003
3057,Comedy,Mystery,Thriller,2003
3058,Action,,,2003
3059,Drama,,,2003
3060,Drama,,,2003
3061,Drama,,,2003
3062,Drama,,,2003
3063,Romance,,,2003
3064,Comedy,Drama,,2003
3065,Crime,,,2003
3066,Comedy,Drama,Romance,2003
3067,Mystery,,,2003
3068,Action,Drama,Thriller,2003
3069,Comedy,Family,Drama,2003
3070,Horror,,,2003
3071,Drama,Romance,,2003
3072,Action,,,2003
3073,Comedy,Thriller,,2003
3074,Drama,,,2003
3075,Action,Drama,,2003
3076,Action,Crime,Drama,2003
3077,Drama,,,2003
3078,Thriller,,,2003
3079,Drama,,,2003
3080,Drama,,,2003
3081,Action,,,2003
3082,Drama,,,2003
3083,Drama,Fantasy,,2003
3084,Family,,,2003
3085,Comedy,,,2003
3086,Action,Comedy,Crime,2003
3087,Comedy,,,2003
3088,Drama,Romance,,2003
3089,Comedy,,,2003
3090,Drama,,,2003
3091,Comedy,,,2003
3092,Drama,,,2003
3093,Drama,,,2003
3094,Drama,,,2003
3095,Music,,,2003
3096,Drama,,,2003
3097,Comedy,,,2003
3098,Comedy,,,2003
3099,Comedy,,,2003
3100,Adventure,Comedy,,2003
3101,Drama,,,2003
3102,Animation,,,2003
3103,Drama,,,2003
3104,Family,,,2003
3105,Thriller,,,2003
3106,Comedy,,,2003
3107,Comedy,Thriller,,2003
3108,Drama,War,,2003
3109,Drama,,,2003
3110,Drama,,,2003
3111,Thriller,,,2003
3112,Drama,,,2003
3113,Comedy,,,2003
3114,Drama,,,2003
3115,Drama,,,2003
3116,Drama,,,2003
3117,Action,Crime,Thriller,2003
3118,Romance,,,2003
3119,Drama,,,2003
3120,Drama,,,2003
3121,Drama,Horror,Mystery,2003
3122,Biography,Drama,,2003
3123,Comedy,Drama,,2003
3124,Drama,,,2003
3125,Crime,Mystery,Thriller,2003
3126,Drama,Thriller,,2003
3127,Action,,,2003
3128,Drama,,,2003
3129,Thriller,,,2003
3130,Drama,,,2003
3131,Drama,,,2003
3132,Drama,,,2003
3133,Drama,,,2003
3134,Thriller,,,2003
3135,Drama,,,2003
3136,Drama,,,2003
3137,Thriller,,,2003
3138,Comedy,,,2003
3139,Action,Romance,,2003
3140,Comedy,,,2003
3141,Comedy,,,2003
3142,Music,,,2003
3143,Drama,,,2003
3144,Thriller,,,2003
3145,Comedy,,,2003
3146,Romance,,,2003
3147,Comedy,,,2003
3148,Drama,,,2003
3149,Drama,Musical,,2003
3150,Sport,,,2003
3151,Animation,Action,Adventure,2003
3152,Drama,,,2003
3153,Comedy,Drama,Romance,2003
3154,Comedy,,,2003
3155,Comedy,,,2003
3156,Romance,,,2003
3157,Action,Drama,,2003
3158,Action,Adventure,Sci-Fi,2003
3159,Comedy,,,2003
3160,Action,,,2003
3161,Drama,,,2003
3162,Drama,Comedy,Romance,2003
3163,Drama,,,2003
3164,Comedy,,,2003
3165,Thriller,,,2003
3166,Drama,,,2003
3167,Thriller,,,2003
3168,Drama,,,2003
3169,Drama,,,2003
3170,Drama,,,2003
3171,Drama,,,2003
3172,Drama,,,2003
3173,Comedy,Drama,,2003
3174,Drama,,,2003
3175,Family,,,2003
3176,Comedy,,,2003
3177,Action,,,2003
3178,Drama,,,2003
3179,Comedy,,,2003
3180,Drama,,,2003
3181,Drama,,,2003
3182,Comedy,,,2003
3183,Drama,History,Mystery,2003
3184,Music,,,2003
3185,Adventure,Drama,,2003
3186,Action,,,2003
3187,Drama,,,2003
3188,Drama,,,2003
3189,Drama,,,2003
3190,Drama,,,2003
3191,Sport,,,2003
3192,Drama,,,2003
3193,Action,,,2003
3194,Action,,,2003
3195,Drama,,,2003
3196,Romance,,,2003
3197,Horror,,,2003
3198,Action,,,2003
3199,Comedy,Horror,,2003
3200,Horror,,,2003
3201,Action,Horror,,2003
3202,Thriller,,,2003
3203,Comedy,,,2003
3204,Music,,,2003
3205,Drama,,,2003
3206,Drama,,,2003
3207,Drama,,,2003
3208,Drama,,,2003
3209,Drama,,,2003
3210,Drama,,,2003
3211,Drama,Family,,2003
3212,Comedy,,,2003
3213,Action,Musical,,2003
3214,Drama,,,2003
3215,Comedy,Sport,,2003
3216,Thriller,,,2003
3217,Comedy,,,2003
3218,Drama,Family,,2003
3219,Horror,,,2003
3220,Fantasy,,,2003
3221,Comedy,Drama,,2003
3222,Drama,,,2003
3223,Drama,,,2003
3224,Comedy,Romance,,2003
3225,Drama,,,2003
3226,Action,,,2003
3227,Drama,,,2003
3228,Drama,,,2003
3229,Comedy,Musical,,2003
3230,Crime,,,2003
3231,Thriller,,,2003
3232,Horror,,,2003
3233,Drama,,,2003
3234,Drama,Mystery,,2003
3235,Comedy,,,2003
3236,Drama,,,2003
3237,Comedy,Drama,,2003
3238,Drama,,,2003
3239,Drama,,,2003
3240,Drama,Family,Sport,2003
3241,Adventure,Drama,Fantasy,2003
3242,Drama,,,2003
3243,Comedy,,,2003
3244,Comedy,,,2003
3245,Action,,,2003
3246,Action,,,2003
3247,Drama,,,2003
3248,Thriller,,,2003
3249,Thriller,,,2003
3250,Drama,,,2003
3251,Action,,,2003
3252,Thriller,,,2003
3253,Comedy,Romance,,2003
3254,Action,,,2003
3255,Thriller,,,2003
3256,Drama,,,2003
3257,Drama,,,2003
3258,Comedy,,,2003
3259,Crime,Drama,Mystery,2003
3260,Comedy,Drama,,2003
3261,Drama,,,2003
3262,Crime,Mystery,,2003
3263,Comedy,,,2003
3264,Action,Comedy,Drama,2003
3265,Comedy,,,2003
3266,Drama,,,2003
3267,Action,Comedy,Horror,2003
3268,Drama,,,2003
3269,Thriller,,,2003
3270,Drama,,,2003
3271,Sci-Fi,,,2003
3272,Drama,,,2003
3273,Drama,Romance,,2003
3274,Biography,,,2003
3275,Thriller,,,2003
3276,Music,,,2003
3277,Action,,,2003
3278,Crime,Drama,Mystery,2003
3279,Drama,,,2003
3280,Comedy,,,2003
3281,Action,,,2003
3282,Comedy,Drama,Thriller,2003
3283,Comedy,,,2003
3284,Drama,,,2003
3285,Comedy,,,2003
3286,Comedy,,,2003
3287,Drama,Romance,,2003
3288,Drama,,,2003
3289,Drama,,,2003
3290,Drama,,,2003
3291,Drama,,,2003
3292,Drama,,,2003
3293,Comedy,,,2003
3294,Horror,,,2003
3295,Horror,,,2003
3296,Drama,,,2003
3297,Drama,,,2003
3298,Drama,,,2003
3299,Action,Adventure,Drama,2003
3300,Comedy,,,2003
3301,Comedy,,,2003
3302,Drama,,,2003
3303,Drama,Romance,,2003
3304,Drama,,,2003
3305,Thriller,,,2003
3306,Drama,,,2003
3307,Thriller,,,2003
3308,Thriller,,,2003
3309,Musical,,,2003
3310,Western,,,2003
3311,Mystery,,,2003
3312,Romance,,,2003
3313,Thriller,,,2003
3314,Drama,,,2003
3315,Comedy,,,2003
3316,Drama,,,2003
3317,Drama,,,2003
3318,Comedy,Family,,2003
3319,Drama,,,2003
3320,Music,,,2003
3321,Comedy,,,2003
3322,Thriller,,,2003
3323,Thriller,,,2003
3324,Fantasy,,,2003
3325,Comedy,Drama,,2003
3326,Drama,,,2003
3327,Drama,,,2003
3328,Drama,,,2003
3329,Drama,,,2003
3330,Action,,,2003
3331,Drama,,,2003
3332,Drama,,,2003
3333,Drama,Fantasy,,2003
3334,Action,Crime,Drama,2003
3335,Drama,,,2003
3336,Comedy,,,2003
3337,Comedy,,,2003
3338,Drama,,,2003
3339,Comedy,Drama,,2003
3340,Thriller,,,2003
3341,Drama,Romance,,2003
3342,Comedy,Drama,Romance,2003
3343,Drama,,,2003
3344,Drama,,,2003
3345,Comedy,Romance,,2003
3346,Comedy,,,2003
3347,Comedy,Horror,,2003
3348,Drama,,,2003
3349,Horror,,,2003
3350,Drama,,,2003
3351,Comedy,,,2003
3352,Horror,,,2003
3353,Comedy,Drama,,2003
3354,Comedy,,,2003
3355,Drama,,,2003
3356,Drama,,,2003
3357,Adventure,Mystery,,2003
3358,Family,,,2003
3359,Romance,,,2003
3360,Crime,,,2003
3361,Action,Crime,Thriller,2003
3362,Comedy,,,2003
3363,Romance,,,2003
3364,Comedy,,,2003
3365,Comedy,,,2003
3366,Drama,,,2003
3367,Comedy,,,2003
3368,Action,Adventure,,2003
3369,Drama,,,2003
3370,Action,,,2003
3371,Comedy,Sci-Fi,,2003
3372,Comedy,,,2003
3373,Comedy,,,2003
3374,Adventure,Comedy,Drama,2003
3375,Drama,,,2003
3376,Drama,Romance,,2003
3377,Drama,,,2003
3378,Drama,,,2003
3379,Comedy,,,2003
3380,Drama,,,2003
3381,Drama,,,2003
3382,Fantasy,Music,,2003
3383,Drama,,,2003
3384,Drama,,,2003
3385,Horror,,,2003
3386,Comedy,,,2003
3387,Comedy,,,2003
3388,Drama,Horror,Thriller,2003
3389,Action,,,2003
3390,Drama,,,2003
3391,Romance,,,2003
3392,Action,,,2003
3393,Drama,,,2003
3394,Drama,Family,,2003
3395,Drama,,,2003
3396,Drama,,,2003
3397,Thriller,,,2003
3398,Drama,,,2003
3399,Animation,,,2003
3400,Adventure,Comedy,Action,2003
3401,Crime,,,2003
3402,Comedy,Fantasy,,2003
3403,Drama,,,2003
3404,Drama,,,2003
3405,Comedy,,,2003
3406,Action,,,2003
3407,Thriller,,,2003
3408,Drama,,,2003
3409,Family,,,2003
3410,Comedy,,,2003
3411,Mystery,,,2003
3412,Romance,,,2003
3413,Drama,,,2003
3414,Comedy,,,2003
3415,Animation,Adventure,Family,2003
3416,Horror,Mystery,,2003
3417,Comedy,,,2003
3418,Horror,Mystery,,2003
3419,Comedy,Drama,,2003
3420,Thriller,,,2003
3421,Drama,,,2003
3422,Music,,,2003
3423,Comedy,Horror,,2003
3424,Comedy,,,2003
3425,Family,,,2003
3426,Comedy,Drama,,2003
3427,Drama,,,2003
3428,Drama,,,2003
3429,Thriller,,,2003
3430,Comedy,Romance,,2003
3431,Comedy,Family,,2003
3432,Comedy,,,2003
3433,Action,,,2003
3434,Horror,,,2003
3435,Drama,Romance,,2003
3436,Action,,,2003
3437,Drama,War,,2003
3438,Drama,,,2003
3439,Drama,,,2003
3440,Thriller,,,2003
3441,Thriller,,,2003
3442,Drama,,,2003
3443,Music,,,2003
3444,Animation,,,2003
3445,Crime,,,2003
3446,War,,,2003
3447,Romance,,,2003
3448,Drama,,,2003
3449,Comedy,Drama,,2003
3450,Comedy,Drama,,2003
3451,Drama,,,2003
3452,Action,Adventure,Drama,2003
3453,Drama,,,2003
3454,Comedy,,,2003
3455,Drama,Music,,2003
3456,Drama,,,2003
3457,Fantasy,,,2003
3458,Drama,,,2003
3459,Comedy,,,2003
3460,Drama,,,2003
3461,Drama,,,2003
3462,Comedy,Drama,Music,2003
3463,Drama,Romance,,2003
3464,Comedy,,,2003
3465,Adventure,,,2003
3466,Comedy,,,2003
3467,Thriller,,,2003
3468,Comedy,,,2003
3469,Drama,,,2003
3470,Action,Drama,Family,2003
3471,Drama,,,2003
3472,Thriller,,,2003
3473,Adventure,Comedy,Mystery,2003
3474,Drama,,,2003
3475,Action,Drama,Thriller,2003
3476,Drama,Comedy,,2003
3477,Comedy,,,2003
3478,Drama,,,2003
3479,Comedy,Crime,,2003
3480,Comedy,,,2003
3481,Crime,Drama,,2003
3482,Drama,,,2003
3483,Drama,Family,,2003
3484,Drama,,,2003
3485,Comedy,Sci-Fi,,2003
3486,Comedy,,,2003
3487,Action,,,2003
3488,Action,Drama,,2003
3489,Romance,,,2003
3490,Drama,,,2003
3491,Comedy,,,2003
3492,Animation,,,2003
3493,Comedy,,,2003
3494,Comedy,,,2003
3495,Action,,,2003
3496,Drama,,,2003
3497,Drama,,,2003
3498,Music,,,2003
3499,Drama,,,2003
3500,Crime,,,2003
3501,Comedy,,,2003
3502,Comedy,,,2003
3503,Reality-TV,,,2003
3504,Comedy,,,2003
3505,Action,Comedy,,2003
3506,Comedy,,,2003
3507,Comedy,Romance,,2003
3508,Comedy,,,2003
3509,Thriller,,,2003
3510,Drama,,,2003
3511,Crime,,,2003
3512,Comedy,,,2003
3513,Drama,,,2003
3514,Romance,,,2003
3515,Comedy,Musical,,2003
3516,Action,,,2003
3517,Drama,,,2003
3518,Comedy,,,2003
3519,Drama,Thriller,,2003
3520,Mystery,,,2003
3521,Thriller,,,2003
3522,Thriller,,,2003
3523,Family,,,2003
3524,Action,Comedy,Crime,2003
3525,Drama,,,2003
3526,Comedy,,,2003
3527,Drama,,,2003
3528,Animation,,,2003
3529,Comedy,,,2003
3530,Drama,Thriller,,2003
3531,Action,,,2003
3532,Drama,,,2003
3533,Animation,,,2003
3534,Sci-Fi,,,2003
3535,Thriller,,,2003
3536,Music,,,2003
3537,Drama,,,2003
3538,Music,,,2003
3539,Crime,Drama,,2003
3540,Drama,,,2003
3541,Comedy,,,2003
3542,Romance,,,2003
3543,Drama,,,2003
3544,Music,,,2003
3545,Music,,,2003
3546,Drama,,,2003
3547,Comedy,Drama,,2003
3548,Comedy,Drama,,2003
3549,Drama,,,2003
3550,Comedy,,,2003
3551,Comedy,Drama,,2003
3552,Drama,,,2003
3553,Thriller,,,2003
3554,Drama,,,2003
3555,Action,,,2003
3556,History,,,2003
3557,Drama,,,2003
3558,Drama,,,2003
3559,Comedy,Horror,,2003
3560,Drama,Sci-Fi,,2003
3561,Comedy,,,2003
3562,Biography,Drama,,2003
3563,Drama,,,2003
3564,Drama,,,2003
3565,Drama,,,2003
3566,Comedy,,,2003
3567,Horror,,,2003
3568,Music,,,2003
3569,Drama,Romance,,2003
3570,Drama,,,2003
3571,Sci-Fi,,,2003
3572,Drama,,,2003
3573,Action,,,2003
3574,Action,Drama,,2003
3575,Drama,,,2003
3576,Action,Fantasy,Sci-Fi,2003
3577,Drama,,,2003
3578,Drama,,,2003
3579,Comedy,,,2003
3580,Family,,,2003
3581,Sport,,,2003
3582,Action,Drama,,2003
3583,Family,,,2003
3584,Drama,,,2003
3585,History,,,2003
3586,Music,,,2003
3587,Horror,,,2003
3588,Drama,,,2003
3589,Thriller,,,2003
3590,Drama,,,2003
3591,Drama,,,2003
3592,Sci-Fi,,,2003
3593,Animation,,,2003
3594,Reality-TV,,,2003
3595,Drama,,,2003
3596,Drama,Romance,,2003
3597,Musical,,,2003
3598,Fantasy,Horror,,2003
