,descriptor1,descriptor2,descriptor3,year
0,Drama,History,,2004
1,Comedy,,,2004
2,Animation,Adventure,Comedy,2004
3,Comedy,Sport,,2004
4,Adventure,Family,Fantasy,2004
5,Animation,Action,Adventure,2004
6,Drama,Romance,,2004
7,Drama,Thriller,,2004
8,Drama,Romance,Sci-Fi,2004
9,Action,Adventure,Sci-Fi,2004
10,Adventure,Comedy,Family,2004
11,Comedy,Family,,2004
12,Action,Adventure,Drama,2004
13,Drama,Musical,Romance,2004
14,Biography,Drama,,2004
15,Action,Adventure,Fantasy,2004
16,Action,Crime,Drama,2004
17,Comedy,Horror,,2004
18,Comedy,,,2004
19,Crime,Drama,Thriller,2004
20,Comedy,Drama,Romance,2004
21,Drama,Music,Romance,2004
22,Horror,Mystery,Thriller,2004
23,Drama,Mystery,Thriller,2004
24,Drama,,,2004
25,Action,Crime,Thriller,2004
26,Biography,Drama,History,2004
27,Comedy,Crime,,2004
28,Drama,Sport,,2004
29,Action,Adventure,Mystery,2004
30,Action,Adventure,Fantasy,2004
31,Action,Mystery,Thriller,2004
32,Comedy,,,2004
33,Animation,Adventure,Family,2004
34,Biography,Drama,History,2004
35,Crime,Thriller,,2004
36,Action,Horror,,2004
37,Crime,Drama,Thriller,2004
38,Action,Adventure,Sci-Fi,2004
39,Drama,Romance,,2004
40,Action,Adventure,Sci-Fi,2004
41,Drama,Sci-Fi,Thriller,2004
42,Action,Biography,Drama,2004
43,Action,Crime,Drama,2004
44,Action,Crime,Drama,2004
45,Animation,Adventure,Comedy,2004
46,Action,Crime,Drama,2004
47,Comedy,Fantasy,Romance,2004
48,Comedy,Family,Romance,2004
49,Comedy,Drama,Romance,2004
50,Comedy,Drama,Romance,2004
51,Animation,Adventure,Comedy,2004
52,Action,Crime,,2004
53,Comedy,,,2004
54,Action,Comedy,Fantasy,2004
55,Adventure,Comedy,,2004
56,Action,Adventure,Comedy,2004
57,Action,Horror,Sci-Fi,2004
58,Comedy,Family,Music,2004
59,Comedy,Family,Romance,2004
60,Animation,Adventure,Comedy,2004
61,Horror,Mystery,Thriller,2004
62,Biography,Drama,History,2004
63,Adventure,Comedy,Family,2004
64,Drama,Romance,,2004
65,Action,Drama,Sport,2004
66,Comedy,Crime,,2004
67,Action,Adventure,Horror,2004
68,Action,Comedy,,2004
69,Action,Comedy,Crime,2004
70,Comedy,Drama,Romance,2004
71,Comedy,Family,Romance,2004
72,Comedy,Crime,,2004
73,Action,Crime,Fantasy,2004
74,Drama,Mystery,Sci-Fi,2004
75,Biography,Drama,Family,2004
76,Action,Horror,Sci-Fi,2004
77,Adventure,Comedy,Mystery,2004
78,Drama,Sci-Fi,Thriller,2004
79,Comedy,Drama,,2004
80,Drama,Mystery,Thriller,2004
81,Comedy,Romance,,2004
82,Crime,Mystery,Thriller,2004
83,Comedy,Family,Fantasy,2004
84,Comedy,Crime,Thriller,2004
85,Drama,Music,Romance,2004
86,Comedy,Drama,Romance,2004
87,Drama,,,2004
88,Family,Music,Musical,2004
89,Biography,Drama,Music,2004
90,Comedy,Romance,,2004
91,Drama,Mystery,Romance,2004
92,Action,Adventure,Horror,2004
93,Drama,,,2004
94,Comedy,Horror,Mystery,2004
95,Comedy,Romance,,2004
96,Comedy,Drama,Music,2004
97,Comedy,Drama,Romance,2004
98,Action,Comedy,Crime,2004
99,Action,Adventure,Comedy,2004
100,Action,Adventure,Crime,2004
101,Comedy,Romance,,2004
102,Action,Adventure,Drama,2004
103,Animation,Comedy,Family,2004
104,Comedy,,,2004
105,Drama,Romance,,2004
106,Crime,Drama,Thriller,2004
107,Comedy,Drama,Romance,2004
108,Comedy,Drama,Romance,2004
109,Drama,Mystery,Romance,2004
110,Drama,,,2004
111,Action,Adventure,Comedy,2004
112,Drama,,,2004
113,Drama,,,2004
114,Animation,Adventure,Comedy,2004
115,Horror,Mystery,Thriller,2004
116,Comedy,Fantasy,Horror,2004
117,Drama,Sci-Fi,Thriller,2004
118,Action,Adventure,Biography,2004
119,Comedy,Horror,Sci-Fi,2004
120,Biography,Drama,Romance,2004
121,Comedy,Family,Romance,2004
122,Horror,Mystery,Thriller,2004
123,Adventure,Comedy,Crime,2004
124,Action,Crime,Thriller,2004
125,Drama,Thriller,,2004
126,Comedy,Drama,Romance,2004
127,Comedy,,,2004
128,Adventure,Biography,Drama,2004
129,Drama,History,War,2004
130,Crime,Horror,Mystery,2004
131,Drama,,,2004
132,Drama,Romance,,2004
133,Biography,Drama,,2004
134,Crime,Drama,,2004
135,Drama,Romance,,2004
136,Comedy,Drama,Romance,2004
137,Drama,Romance,,2004
138,Crime,Drama,,2004
139,Drama,Music,,2004
140,Drama,Romance,Sci-Fi,2004
141,Drama,,,2004
142,Drama,,,2004
143,Comedy,Romance,Sport,2004
144,Comedy,,,2004
145,Comedy,Crime,Thriller,2004
146,Drama,Comedy,Romance,2004
147,Action,Crime,Sci-Fi,2004
148,Comedy,Drama,,2004
149,Drama,Mystery,Sci-Fi,2004
150,Drama,Music,Romance,2004
151,Comedy,Crime,Family,2004
152,Drama,Romance,War,2004
153,Crime,Drama,Romance,2004
154,Action,Comedy,Romance,2004
155,Crime,Drama,Sport,2004
156,Drama,,,2004
157,Comedy,Drama,Romance,2004
158,Horror,Mystery,Thriller,2004
159,Action,Adventure,Drama,2004
160,Crime,Drama,Mystery,2004
161,Action,Crime,Drama,2004
162,Horror,Thriller,,2004
163,Drama,Fantasy,Mystery,2004
164,Action,Crime,Drama,2004
165,Adventure,Comedy,Sci-Fi,2004
166,Action,Comedy,Crime,2004
167,Drama,Romance,,2004
168,Action,Drama,Fantasy,2004
169,Crime,Drama,Romance,2004
170,Action,Crime,Drama,2004
171,Action,Comedy,Drama,2004
172,Comedy,Family,Sci-Fi,2004
173,Animation,Comedy,Family,2004
174,Comedy,Drama,Romance,2004
175,Comedy,Romance,,2004
176,Comedy,Crime,Drama,2004
177,Biography,Drama,History,2004
178,Action,Crime,Drama,2004
179,Drama,Romance,,2004
180,Comedy,Crime,,2004
181,Comedy,Drama,,2004
182,Drama,Music,,2004
183,Comedy,Drama,Musical,2004
184,Drama,,,2004
185,Comedy,Drama,,2004
186,Comedy,Drama,Fantasy,2004
187,Action,Drama,War,2004
188,Comedy,Romance,,2004
189,Crime,Drama,,2004
190,Drama,Horror,,2004
191,Crime,Horror,Mystery,2004
192,Animation,Action,Crime,2004
193,Crime,Drama,Romance,2004
194,Drama,Mystery,Sci-Fi,2004
195,Drama,Romance,,2004
196,Crime,Horror,Mystery,2004
197,Biography,Drama,Music,2004
198,Drama,Thriller,War,2004
199,Animation,Drama,Romance,2004
200,Action,Fantasy,Horror,2004
201,Drama,Family,Musical,2004
202,Horror,,,2004
203,Comedy,Drama,Music,2004
204,Horror,,,2004
205,Comedy,Drama,Romance,2004
206,Comedy,Romance,Drama,2004
207,Adventure,Drama,Family,2004
208,Biography,Comedy,Drama,2004
209,Crime,Drama,,2004
210,Action,Adventure,Fantasy,2004
211,Drama,Romance,,2004
212,Biography,Comedy,Drama,2004
213,Comedy,,,2004
214,Drama,,,2004
215,Comedy,Drama,Romance,2004
216,Action,Drama,Romance,2004
217,Drama,Romance,,2004
218,Biography,Drama,,2004
219,Action,Adventure,Comedy,2004
220,Comedy,Drama,Fantasy,2004
221,Drama,,,2004
222,Animation,Drama,Sci-Fi,2004
223,Comedy,Drama,Romance,2004
224,Drama,Thriller,,2004
225,Comedy,Drama,Romance,2004
226,Biography,Drama,History,2004
227,Comedy,Drama,,2004
228,Comedy,Mystery,,2004
229,Comedy,Romance,,2004
230,Horror,Thriller,,2004
231,Drama,War,,2004
232,Adventure,Family,Fantasy,2004
233,Comedy,Drama,,2004
234,Comedy,Drama,,2004
235,Drama,Romance,,2004
236,Crime,Drama,Mystery,2004
237,Animation,Adventure,Comedy,2004
238,Comedy,Horror,,2004
239,Comedy,Drama,,2004
240,Action,Thriller,,2004
241,Drama,Sport,Thriller,2004
242,Comedy,,,2004
243,Comedy,Drama,Romance,2004
244,Comedy,Crime,Music,2004
245,Adventure,Western,,2004
246,Comedy,Drama,,2004
247,Comedy,Drama,,2004
248,Comedy,,,2004
249,Comedy,Drama,Romance,2004
250,Action,Crime,Horror,2004
251,Biography,Drama,Music,2004
252,Drama,Mystery,Thriller,2004
253,Action,Adventure,Drama,2004
254,Comedy,,,2004
255,Comedy,Romance,,2004
256,Drama,,,2004
257,Drama,,,2004
258,Drama,Horror,,2004
259,Action,Crime,Drama,2004
260,Drama,Romance,,2004
261,Drama,Romance,,2004
262,Comedy,Drama,War,2004
263,Horror,Thriller,Western,2004
264,Drama,Mystery,,2004
265,Drama,Fantasy,Horror,2004
266,Drama,Mystery,Romance,2004
267,Drama,Fantasy,Romance,2004
268,Biography,Crime,Drama,2004
269,Drama,Thriller,,2004
270,Action,Adventure,Crime,2004
271,Drama,,,2004
272,Animation,Action,Adventure,2004
273,Action,Crime,Drama,2004
274,Drama,War,,2004
275,Horror,Mystery,Thriller,2004
276,Drama,Thriller,,2004
277,Horror,Sci-Fi,,2004
278,Action,Crime,Horror,2004
279,Adventure,Comedy,Fantasy,2004
280,Adventure,Comedy,Crime,2004
281,Animation,Adventure,Comedy,2004
282,Drama,Romance,,2004
283,Comedy,Crime,Drama,2004
284,Comedy,Romance,Music,2004
285,Biography,Drama,Romance,2004
286,Drama,Romance,,2004
287,Animation,Action,Adventure,2004
288,Comedy,Drama,,2004
289,Horror,Thriller,,2004
290,Mystery,Sci-Fi,Thriller,2004
291,Comedy,Drama,,2004
292,Animation,Comedy,Musical,2004
293,Drama,Mystery,Thriller,2004
294,Comedy,,,2004
295,Horror,,,2004
296,Drama,,,2004
297,Drama,Romance,,2004
298,Action,Crime,Drama,2004
299,Animation,Adventure,Drama,2004
300,Drama,Romance,,2004
301,Drama,Romance,,2004
302,Action,Comedy,Drama,2004
303,Drama,Romance,,2004
304,Crime,Drama,Thriller,2004
305,Horror,,,2004
306,Comedy,Crime,Drama,2004
307,Comedy,Horror,Sci-Fi,2004
308,Comedy,Romance,,2004
309,Animation,Action,Drama,2004
310,Animation,Action,Adventure,2004
311,Horror,Thriller,,2004
312,Comedy,Romance,,2004
313,Drama,Romance,Thriller,2004
314,Drama,Thriller,Action,2004
315,Action,Crime,Drama,2004
316,Action,Crime,Drama,2004
317,Crime,Drama,,2004
318,Drama,,,2004
319,Drama,Romance,,2004
320,Drama,Thriller,War,2004
321,Crime,Sci-Fi,Thriller,2004
322,Comedy,Crime,Thriller,2004
323,Comedy,Drama,Music,2004
324,Drama,Romance,,2004
325,Drama,Comedy,Romance,2004
326,Biography,Drama,Romance,2004
327,Comedy,Crime,Fantasy,2004
328,Comedy,Fantasy,,2004
329,Drama,,,2004
330,Comedy,Romance,,2004
331,Comedy,,,2004
332,Drama,History,Romance,2004
333,Thriller,,,2004
334,Action,Adventure,Family,2004
335,Comedy,Drama,Romance,2004
336,Action,Sci-Fi,,2004
337,Comedy,Drama,Musical,2004
338,Comedy,Drama,,2004
339,Comedy,Drama,Romance,2004
340,Drama,Romance,,2004
341,Action,Drama,Thriller,2004
342,Drama,Mystery,Thriller,2004
343,Fantasy,Mystery,Romance,2004
344,Drama,Horror,Mystery,2004
345,Drama,,,2004
346,Action,Crime,Drama,2004
347,Action,Adventure,Drama,2004
348,Action,Adventure,Comedy,2004
349,Drama,Mystery,Romance,2004
350,Drama,Romance,,2004
351,Drama,,,2004
352,Animation,Adventure,Comedy,2004
353,Action,Drama,Thriller,2004
354,Action,Adventure,Comedy,2004
355,Comedy,Drama,Romance,2004
356,Drama,Crime,,2004
357,Drama,Fantasy,Horror,2004
358,Comedy,Drama,,2004
359,Action,Drama,History,2004
360,Comedy,Romance,,2004
361,Action,Adventure,Comedy,2004
362,Comedy,Drama,Sport,2004
363,Comedy,Drama,Fantasy,2004
364,Drama,Romance,,2004
365,Action,Horror,Sci-Fi,2004
366,Action,Adventure,Comedy,2004
367,Drama,Romance,,2004
368,Comedy,Romance,,2004
369,Comedy,,,2004
370,Drama,Music,Romance,2004
371,Comedy,Drama,Music,2004
372,Comedy,,,2004
373,Action,Adventure,Sci-Fi,2004
374,Drama,Comedy,Romance,2004
375,Drama,Romance,,2004
376,Crime,Drama,Horror,2004
377,Action,Crime,Drama,2004
378,Horror,Mystery,Thriller,2004
379,Horror,Mystery,Thriller,2004
380,Drama,Thriller,,2004
381,Comedy,,,2004
382,Comedy,,,2004
383,Drama,Thriller,,2004
384,Comedy,Romance,,2004
385,Comedy,Drama,,2004
386,Comedy,Romance,,2004
387,Horror,Mystery,,2004
388,Romance,,,2004
389,Drama,,,2004
390,Drama,Romance,,2004
391,Action,Drama,War,2004
392,Crime,Drama,Thriller,2004
393,Drama,,,2004
394,Drama,,,2004
395,Drama,,,2004
396,Action,Thriller,,2004
397,Drama,Horror,Mystery,2004
398,Comedy,Drama,,2004
399,Thriller,,,2004
400,Action,Horror,War,2004
401,Drama,Romance,,2004
402,Drama,Horror,Thriller,2004
403,Thriller,Comedy,Romance,2004
404,Crime,Drama,,2004
405,Romance,,,2004
406,Crime,Action,Thriller,2004
407,Comedy,,,2004
408,Drama,Romance,Thriller,2004
409,Action,Adventure,Thriller,2004
410,Adventure,Comedy,,2004
411,Crime,Mystery,Romance,2004
412,Drama,,,2004
413,Action,Crime,Drama,2004
414,Crime,Drama,Thriller,2004
415,Comedy,Drama,Mystery,2004
416,Crime,Drama,Horror,2004
417,Drama,,,2004
418,Romance,,,2004
419,Drama,,,2004
420,Comedy,,,2004
421,Horror,Drama,Mystery,2004
422,Comedy,Crime,Mystery,2004
423,Drama,Mystery,Romance,2004
424,Drama,Romance,,2004
425,Drama,Mystery,Thriller,2004
426,Drama,Thriller,,2004
427,Drama,,,2004
428,Thriller,Drama,Romance,2004
429,Drama,,,2004
430,Comedy,,,2004
431,Drama,Horror,,2004
432,Comedy,Drama,Family,2004
433,Comedy,,,2004
434,Drama,Thriller,,2004
435,Horror,,,2004
436,Drama,Romance,,2004
437,Comedy,,,2004
438,Comedy,Drama,,2004
439,Animation,Action,Adventure,2004
440,Drama,Horror,,2004
441,Comedy,Sci-Fi,,2004
442,Drama,Music,Romance,2004
443,Comedy,Drama,Family,2004
444,Drama,,,2004
445,Comedy,Fantasy,Horror,2004
446,Romance,,,2004
447,Action,Drama,Thriller,2004
448,Comedy,Drama,,2004
449,Comedy,Drama,Romance,2004
450,Comedy,,,2004
451,Action,Crime,Drama,2004
452,Drama,,,2004
453,Drama,Comedy,Music,2004
454,Drama,Horror,Sci-Fi,2004
455,Drama,,,2004
456,Drama,Horror,Mystery,2004
457,Horror,Thriller,,2004
458,Comedy,Family,,2004
459,Action,Drama,Thriller,2004
460,Action,Adventure,Sci-Fi,2004
461,Action,Crime,Thriller,2004
462,Drama,,,2004
463,Drama,Romance,Thriller,2004
464,Drama,,,2004
465,Drama,,,2004
466,Comedy,Drama,,2004
467,Drama,,,2004
468,Drama,,,2004
469,Action,Comedy,,2004
470,Action,,,2004
471,Comedy,Drama,,2004
472,Comedy,Drama,,2004
473,Action,Adventure,Horror,2004
474,Action,Comedy,Crime,2004
475,Drama,Mystery,Thriller,2004
476,Comedy,War,,2004
477,Romance,Drama,,2004
478,Action,Crime,Drama,2004
479,Drama,History,War,2004
480,Action,Adventure,Comedy,2004
481,Horror,Thriller,,2004
482,Action,Sci-Fi,,2004
483,Drama,Romance,Thriller,2004
484,Thriller,,,2004
485,Action,Crime,Drama,2004
486,Comedy,Crime,Mystery,2004
487,Comedy,,,2004
488,Drama,War,,2004
489,Action,Crime,Drama,2004
490,Action,Comedy,,2004
491,Animation,Action,Adventure,2004
492,Drama,Thriller,War,2004
493,Drama,,,2004
494,Fantasy,,,2004
495,Romance,Thriller,,2004
496,Drama,War,,2004
497,Comedy,Family,,2004
498,Drama,Sport,,2004
499,Action,Crime,Drama,2004
500,Comedy,,,2004
501,Action,Drama,History,2004
502,Drama,,,2004
503,Drama,,,2004
504,Mystery,Romance,Thriller,2004
505,Drama,Thriller,,2004
506,Action,Adventure,Fantasy,2004
507,Action,Biography,Drama,2004
508,Action,Drama,War,2004
509,Comedy,,,2004
510,Drama,,,2004
511,Drama,Thriller,Crime,2004
512,Drama,Sci-Fi,Thriller,2004
513,Comedy,,,2004
514,Comedy,,,2004
515,Comedy,Romance,,2004
516,Drama,,,2004
517,Drama,,,2004
518,Comedy,Horror,,2004
519,Comedy,Western,,2004
520,Action,Musical,Thriller,2004
521,Drama,,,2004
522,Comedy,Drama,,2004
523,Comedy,,,2004
524,Comedy,Drama,Musical,2004
525,Drama,Romance,,2004
526,Action,Comedy,Romance,2004
527,Horror,Thriller,,2004
528,Drama,Mystery,Thriller,2004
529,Comedy,Drama,,2004
530,Drama,,,2004
531,Drama,Thriller,,2004
532,Comedy,Drama,Music,2004
533,Comedy,Drama,,2004
534,Drama,,,2004
535,Drama,,,2004
536,Thriller,,,2004
537,Comedy,,,2004
538,Drama,Mystery,Sci-Fi,2004
539,Drama,,,2004
540,Action,Romance,,2004
541,Horror,Mystery,,2004
542,Action,Crime,Thriller,2004
543,Drama,Musical,Romance,2004
544,Comedy,Drama,Romance,2004
545,Action,Drama,,2004
546,Drama,,,2004
547,Family,Fantasy,,2004
548,Comedy,,,2004
549,Drama,Thriller,,2004
550,Drama,,,2004
551,Thriller,,,2004
552,Comedy,Drama,,2004
553,Comedy,Drama,Romance,2004
554,Action,Comedy,Horror,2004
555,Drama,,,2004
556,Action,Drama,Sci-Fi,2004
557,Musical,Action,Drama,2004
558,Action,Biography,Drama,2004
559,Drama,Horror,Mystery,2004
560,Crime,Drama,Mystery,2004
561,Biography,Drama,Fantasy,2004
562,Drama,Fantasy,Romance,2004
563,Drama,Horror,Mystery,2004
564,Action,Drama,,2004
565,Drama,,,2004
566,Drama,,,2004
567,Animation,Adventure,Family,2004
568,Drama,,,2004
569,Drama,,,2004
570,Action,Horror,Thriller,2004
571,Drama,Romance,,2004
572,Comedy,Drama,,2004
573,Drama,,,2004
574,Comedy,Horror,,2004
575,Action,Crime,Drama,2004
576,Comedy,Drama,,2004
577,Romance,,,2004
578,Drama,Music,,2004
579,Action,Comedy,Drama,2004
580,Comedy,Drama,Music,2004
581,Drama,Horror,Thriller,2004
582,Comedy,Horror,,2004
583,Drama,,,2004
584,Action,Crime,Drama,2004
585,Comedy,Drama,,2004
586,Drama,,,2004
587,Comedy,,,2004
588,Comedy,Drama,,2004
589,Comedy,Drama,Sport,2004
590,Drama,Romance,,2004
591,Drama,Mystery,Romance,2004
592,Comedy,Drama,,2004
593,Action,Drama,Fantasy,2004
594,Comedy,,,2004
595,Drama,Romance,Thriller,2004
596,Comedy,Drama,Romance,2004
597,Drama,Horror,,2004
598,Crime,Horror,,2004
599,Comedy,Drama,Romance,2004
600,Action,Drama,Sport,2004
601,Comedy,Drama,,2004
602,Action,Fantasy,Horror,2004
603,Drama,Thriller,,2004
604,Comedy,,,2004
605,Thriller,Drama,,2004
606,Action,Drama,Horror,2004
607,Animation,Family,Fantasy,2004
608,Family,Fantasy,,2004
609,Drama,Romance,,2004
610,Drama,,,2004
611,Drama,Thriller,,2004
612,Action,Comedy,Romance,2004
613,Action,Fantasy,Thriller,2004
614,Action,Comedy,Romance,2004
615,Drama,Fantasy,,2004
616,Adventure,Comedy,Sci-Fi,2004
617,Crime,Drama,Horror,2004
618,Drama,,,2004
619,Comedy,Drama,,2004
620,Drama,,,2004
621,Adventure,Drama,,2004
622,Drama,History,Romance,2004
623,Action,Crime,Drama,2004
624,Action,Comedy,Thriller,2004
625,Comedy,Drama,,2004
626,Drama,Romance,,2004
627,Drama,Family,Fantasy,2004
628,Drama,Music,,2004
629,Drama,Action,Thriller,2004
630,Crime,Thriller,Drama,2004
631,Biography,Drama,History,2004
632,Drama,Romance,,2004
633,Action,Drama,,2004
634,Drama,,,2004
635,Drama,,,2004
636,Comedy,Horror,,2004
637,Comedy,Drama,Musical,2004
638,Horror,Mystery,,2004
639,Drama,,,2004
640,Drama,,,2004
641,Drama,,,2004
642,Comedy,Romance,,2004
643,Animation,Comedy,Horror,2004
644,Drama,,,2004
645,Action,Comedy,Romance,2004
646,Comedy,,,2004
647,Drama,Romance,,2004
648,Action,,,2004
649,Animation,Action,Adventure,2004
650,Horror,,,2004
651,Crime,Drama,Mystery,2004
652,Action,Adventure,Drama,2004
653,Mystery,Thriller,,2004
654,Comedy,Drama,,2004
655,Musical,Adventure,Comedy,2004
656,Drama,,,2004
657,Drama,,,2004
658,Comedy,Crime,Drama,2004
659,Horror,,,2004
660,Comedy,Drama,,2004
661,Drama,,,2004
662,Drama,Horror,Romance,2004
663,Action,Drama,,2004
664,Biography,Drama,,2004
665,Crime,Drama,,2004
666,Action,Drama,Romance,2004
667,Action,Adventure,Comedy,2004
668,Comedy,Drama,,2004
669,Comedy,Fantasy,,2004
670,Drama,Romance,,2004
671,Comedy,Drama,,2004
672,Drama,Horror,Thriller,2004
673,Biography,Crime,Drama,2004
674,Action,Thriller,,2004
675,Drama,,,2004
676,Musical,,,2004
677,Action,Drama,Musical,2004
678,Comedy,Romance,,2004
679,Drama,,,2004
680,Drama,Family,,2004
681,Action,,,2004
682,Action,Comedy,Thriller,2004
683,Family,Musical,Romance,2004
684,Drama,,,2004
685,Adventure,Comedy,Romance,2004
686,Drama,Romance,,2004
687,Drama,,,2004
688,Comedy,Romance,,2004
689,Action,Adventure,Comedy,2004
690,Comedy,Romance,,2004
691,Comedy,Family,,2004
692,Fantasy,Animation,,2004
693,Action,Drama,Sci-Fi,2004
694,Comedy,Action,,2004
695,Adventure,Action,Thriller,2004
696,Comedy,Romance,,2004
697,Comedy,,,2004
698,Action,Drama,Romance,2004
699,Comedy,Romance,,2004
700,Adventure,Drama,Music,2004
701,Drama,Romance,,2004
702,Comedy,Drama,,2004
703,Horror,Thriller,,2004
704,Crime,Drama,,2004
705,Action,Drama,Thriller,2004
706,Comedy,Drama,Romance,2004
707,Action,Comedy,Romance,2004
708,Comedy,,,2004
709,Drama,Horror,,2004
710,Horror,Thriller,,2004
711,Comedy,Drama,,2004
712,Comedy,Drama,Romance,2004
713,Horror,Mystery,Thriller,2004
714,Drama,,,2004
715,Drama,Romance,,2004
716,Drama,,,2004
717,Drama,Romance,,2004
718,Drama,Thriller,,2004
719,Comedy,,,2004
720,Comedy,Drama,Romance,2004
721,Comedy,Drama,Romance,2004
722,Drama,,,2004
723,Comedy,Drama,,2004
724,Comedy,Romance,,2004
725,Comedy,,,2004
726,Drama,,,2004
727,Crime,Drama,Thriller,2004
728,Drama,Romance,,2004
729,Comedy,,,2004
730,Comedy,Sci-Fi,,2004
731,Drama,,,2004
732,Comedy,Horror,,2004
733,Drama,,,2004
734,Comedy,,,2004
735,Animation,Action,Adventure,2004
736,Comedy,Mystery,Romance,2004
737,Drama,Romance,,2004
738,Comedy,Drama,,2004
739,Action,Adventure,Drama,2004
740,Drama,Music,Romance,2004
741,Drama,Music,,2004
742,Drama,Adventure,,2004
743,Drama,Romance,,2004
744,Drama,,,2004
745,Drama,,,2004
746,Musical,Mystery,Drama,2004
747,Action,Mystery,Thriller,2004
748,Comedy,,,2004
749,Drama,,,2004
750,Musical,Romance,,2004
751,Drama,,,2004
752,Horror,,,2004
753,Comedy,Romance,,2004
754,Crime,Drama,,2004
755,Comedy,Drama,,2004
756,Drama,,,2004
757,Drama,,,2004
758,Drama,War,,2004
759,Drama,War,,2004
760,Romance,,,2004
761,Comedy,Horror,,2004
762,Drama,Comedy,,2004
763,Drama,,,2004
764,Animation,Fantasy,,2004
765,Comedy,Crime,Romance,2004
766,Drama,,,2004
767,Horror,Thriller,,2004
768,Biography,Drama,Music,2004
769,Crime,Drama,,2004
770,Drama,,,2004
771,Drama,Romance,,2004
772,Drama,Romance,,2004
773,Comedy,War,,2004
774,Drama,Musical,Romance,2004
775,Drama,,,2004
776,Crime,Drama,Romance,2004
777,Comedy,Drama,,2004
778,Drama,Romance,,2004
779,Drama,,,2004
780,Crime,Comedy,,2004
781,Drama,War,,2004
782,Comedy,Drama,Romance,2004
783,Action,Comedy,,2004
784,Crime,Drama,Thriller,2004
785,Comedy,Drama,Mystery,2004
786,Action,Drama,Romance,2004
787,Musical,,,2004
788,Comedy,,,2004
789,Comedy,Drama,Romance,2004
790,Comedy,Sci-Fi,,2004
791,Drama,,,2004
792,Action,Crime,Drama,2004
793,Drama,,,2004
794,Drama,Romance,,2004
795,Animation,Family,,2004
796,Comedy,Family,Fantasy,2004
797,Action,Adventure,Drama,2004
798,Thriller,,,2004
799,Crime,Drama,Romance,2004
800,Crime,Drama,Horror,2004
801,Action,Crime,Drama,2004
802,Action,Fantasy,Sci-Fi,2004
803,Thriller,,,2004
804,Action,Sci-Fi,,2004
805,Drama,Romance,,2004
806,Comedy,Drama,Romance,2004
807,Crime,Thriller,,2004
808,Drama,,,2004
809,Drama,,,2004
810,Action,Crime,Thriller,2004
811,Horror,,,2004
812,Drama,,,2004
813,Action,Romance,,2004
814,Comedy,Romance,,2004
815,Comedy,Action,,2004
816,Action,Crime,Drama,2004
817,Action,Adventure,Comedy,2004
818,Fantasy,Horror,,2004
819,Action,,,2004
820,Drama,,,2004
821,Comedy,Romance,,2004
822,Comedy,Romance,,2004
823,Drama,Horror,Thriller,2004
824,Drama,,,2004
825,Drama,Action,Thriller,2004
826,Horror,Thriller,,2004
827,Comedy,Drama,,2004
828,Drama,Fantasy,Thriller,2004
829,Comedy,Romance,,2004
830,Thriller,,,2004
831,Romance,,,2004
832,Biography,Drama,,2004
833,Drama,,,2004
834,Drama,Romance,War,2004
835,Drama,,,2004
836,Comedy,Family,Sport,2004
837,Crime,Drama,,2004
838,Comedy,Romance,,2004
839,Drama,,,2004
840,Drama,,,2004
841,Comedy,Music,,2004
842,Comedy,,,2004
843,Drama,,,2004
844,Comedy,Drama,,2004
845,Drama,,,2004
846,Drama,Horror,,2004
847,Thriller,,,2004
848,Drama,Comedy,,2004
849,Action,Comedy,Romance,2004
850,Drama,,,2004
851,Comedy,,,2004
852,Comedy,,,2004
853,Horror,,,2004
854,Action,,,2004
855,Horror,Mystery,,2004
856,Drama,History,War,2004
857,Action,Adventure,,2004
858,Action,,,2004
859,Drama,,,2004
860,Drama,,,2004
861,Drama,Romance,,2004
862,Drama,,,2004
863,Comedy,,,2004
864,Drama,Mystery,Romance,2004
865,Action,Drama,,2004
866,Crime,Drama,Mystery,2004
867,Drama,,,2004
868,Action,Crime,Drama,2004
869,Adventure,Comedy,Family,2004
870,Crime,Thriller,,2004
871,Comedy,Drama,Romance,2004
872,Action,Comedy,Adventure,2004
873,Action,Drama,,2004
874,Comedy,Romance,,2004
875,Comedy,Romance,,2004
876,Comedy,Drama,,2004
877,Drama,,,2004
878,Drama,Romance,,2004
879,Action,Crime,Drama,2004
880,Action,Adventure,Thriller,2004
881,Drama,,,2004
882,Drama,,,2004
883,Comedy,Romance,,2004
884,Drama,,,2004
885,Comedy,Music,,2004
886,Adventure,Family,,2004
887,Action,Drama,,2004
888,Action,Comedy,,2004
889,Action,Crime,Drama,2004
890,Drama,Romance,,2004
891,Action,,,2004
892,Crime,Comedy,,2004
893,Drama,Sci-Fi,Thriller,2004
894,Drama,,,2004
895,Animation,Comedy,Family,2004
896,Drama,Romance,,2004
897,Comedy,,,2004
898,Sci-Fi,Fantasy,,2004
899,Comedy,Romance,,2004
900,Adventure,Drama,,2004
901,Drama,,,2004
902,Drama,Thriller,,2004
903,Horror,Mystery,,2004
904,Comedy,,,2004
905,Drama,Adventure,Romance,2004
906,Drama,,,2004
907,Family,Fantasy,,2004
908,Action,Thriller,,2004
909,Comedy,Horror,Thriller,2004
910,Comedy,Music,,2004
911,Animation,Adventure,Comedy,2004
912,Drama,,,2004
913,Drama,Horror,,2004
914,Drama,Mystery,,2004
915,Drama,Musical,Romance,2004
916,Action,Crime,,2004
917,Drama,,,2004
918,Drama,,,2004
919,Comedy,Mystery,Romance,2004
920,Drama,,,2004
921,Mystery,Thriller,,2004
922,Action,Comedy,,2004
923,Comedy,Romance,,2004
924,Drama,Thriller,,2004
925,Comedy,,,2004
926,Drama,Horror,,2004
927,Comedy,Crime,,2004
928,Drama,,,2004
929,Drama,Family,Music,2004
930,Drama,,,2004
931,Drama,,,2004
932,Drama,,,2004
933,Comedy,Drama,,2004
934,Comedy,,,2004
935,Drama,Romance,,2004
936,Comedy,Drama,,2004
937,Comedy,Drama,Romance,2004
938,Adventure,Comedy,Crime,2004
939,Action,Crime,Drama,2004
940,Action,Comedy,Drama,2004
941,Action,Crime,Thriller,2004
942,Comedy,Drama,,2004
943,Drama,Romance,,2004
944,Action,Comedy,Romance,2004
945,Drama,Romance,,2004
946,Drama,,,2004
947,Comedy,,,2004
948,Action,Drama,,2004
949,Action,,,2004
950,Drama,Thriller,,2004
951,Comedy,Family,,2004
952,Drama,Romance,,2004
953,Comedy,Romance,,2004
954,Drama,,,2004
955,Comedy,Drama,,2004
956,Crime,Drama,Thriller,2004
957,Drama,,,2004
958,Drama,War,,2004
959,Thriller,,,2004
960,Thriller,Drama,,2004
961,Comedy,Sci-Fi,,2004
962,Drama,Horror,Thriller,2004
963,Comedy,Horror,,2004
964,Romance,,,2004
965,Romance,Drama,,2004
966,Action,Drama,Thriller,2004
967,Action,Thriller,,2004
968,Fantasy,Horror,Thriller,2004
969,Drama,,,2004
970,Drama,,,2004
971,Drama,,,2004
972,Horror,Thriller,,2004
973,Sci-Fi,Drama,Mystery,2004
974,Drama,Romance,,2004
975,Horror,,,2004
976,Mystery,,,2004
977,Sport,,,2004
978,Drama,Music,Romance,2004
979,Comedy,,,2004
980,Comedy,Romance,,2004
981,Drama,,,2004
982,Drama,Family,Romance,2004
983,Comedy,Horror,Mystery,2004
984,Horror,Sci-Fi,,2004
985,Horror,,,2004
986,Comedy,Drama,,2004
987,Adventure,Biography,Comedy,2004
988,Crime,Thriller,,2004
989,Drama,Romance,,2004
990,Crime,Drama,,2004
991,Family,Comedy,,2004
992,Drama,Music,,2004
993,Drama,,,2004
994,Animation,Mystery,,2004
995,Comedy,Drama,Romance,2004
996,Drama,Comedy,,2004
997,Drama,Romance,,2004
998,Comedy,,,2004
999,Adventure,Comedy,,2004
1000,Drama,,,2004
1001,Comedy,Romance,,2004
1002,Drama,,,2004
1003,Comedy,Drama,,2004
1004,Drama,,,2004
1005,Drama,,,2004
1006,Horror,Thriller,,2004
1007,Comedy,Drama,,2004
1008,Action,Mystery,,2004
1009,Action,,,2004
1010,Horror,Mystery,,2004
1011,Horror,Thriller,,2004
1012,Drama,,,2004
1013,Horror,,,2004
1014,Drama,,,2004
1015,Drama,Sport,,2004
1016,Comedy,Drama,Romance,2004
1017,Adventure,Biography,Drama,2004
1018,Drama,Romance,Thriller,2004
1019,Drama,,,2004
1020,Drama,Romance,,2004
1021,Drama,Thriller,,2004
1022,Drama,,,2004
1023,Drama,,,2004
1024,Comedy,,,2004
1025,Comedy,Crime,,2004
1026,Romance,Drama,Comedy,2004
1027,Comedy,Music,,2004
1028,Action,Drama,Thriller,2004
1029,Mystery,Thriller,,2004
1030,Horror,Mystery,Thriller,2004
1031,Action,Crime,Drama,2004
1032,Action,Comedy,,2004
1033,Crime,Drama,Action,2004
1034,Comedy,Drama,,2004
1035,Comedy,,,2004
1036,Action,,,2004
1037,Action,Romance,,2004
1038,Horror,Mystery,Thriller,2004
1039,Drama,,,2004
1040,Action,Adventure,Comedy,2004
1041,Adventure,Romance,,2004
1042,Action,Adventure,Thriller,2004
1043,Horror,Sci-Fi,Thriller,2004
1044,Drama,,,2004
1045,Comedy,,,2004
1046,Action,Comedy,Drama,2004
1047,Drama,,,2004
1048,Action,Crime,Drama,2004
1049,Drama,,,2004
1050,Drama,,,2004
1051,Drama,Music,,2004
1052,Comedy,Drama,,2004
1053,Drama,,,2004
1054,Drama,,,2004
1055,Comedy,Fantasy,Romance,2004
1056,Animation,,,2004
1057,Horror,,,2004
1058,Animation,Comedy,,2004
1059,Romance,Sci-Fi,,2004
1060,Comedy,Adventure,Romance,2004
1061,Comedy,Drama,Sport,2004
1062,Adventure,Comedy,Crime,2004
1063,Drama,,,2004
1064,Crime,Drama,,2004
1065,Comedy,Drama,,2004
1066,Comedy,Drama,,2004
1067,Drama,,,2004
1068,Comedy,Drama,Romance,2004
1069,Animation,Action,Fantasy,2004
1070,Comedy,Romance,,2004
1071,Comedy,,,2004
1072,Drama,Horror,Romance,2004
1073,Comedy,,,2004
1074,Comedy,Drama,Romance,2004
1075,Drama,Mystery,,2004
1076,Comedy,Romance,,2004
1077,Action,Drama,Thriller,2004
1078,Comedy,Thriller,,2004
1079,Biography,Drama,Music,2004
1080,Comedy,Romance,,2004
1081,Action,Romance,Thriller,2004
1082,Comedy,Romance,,2004
1083,Drama,,,2004
1084,Drama,Mystery,Sci-Fi,2004
1085,Musical,,,2004
1086,Comedy,Drama,,2004
1087,Comedy,Action,,2004
1088,Thriller,Drama,,2004
1089,Comedy,Drama,,2004
1090,Action,Comedy,Crime,2004
1091,Comedy,Drama,,2004
1092,Comedy,War,,2004
1093,Adventure,Comedy,,2004
1094,Drama,,,2004
1095,Crime,Romance,Thriller,2004
1096,Comedy,,,2004
1097,Action,Adventure,Drama,2004
1098,Thriller,,,2004
1099,Drama,Thriller,,2004
1100,Crime,Drama,Romance,2004
1101,Drama,,,2004
1102,Drama,,,2004
1103,Drama,Horror,Mystery,2004
1104,Drama,,,2004
1105,Crime,Thriller,Drama,2004
1106,Comedy,Romance,,2004
1107,Horror,Thriller,,2004
1108,Romance,Drama,,2004
1109,Comedy,Crime,Drama,2004
1110,Action,Crime,Drama,2004
1111,Drama,,,2004
1112,Drama,Romance,,2004
1113,Adventure,Comedy,,2004
1114,Drama,,,2004
1115,Crime,Drama,Romance,2004
1116,Crime,Drama,Thriller,2004
1117,Drama,,,2004
1118,Comedy,,,2004
1119,Crime,,,2004
1120,Comedy,Drama,,2004
1121,Comedy,Drama,Music,2004
1122,Comedy,Drama,,2004
1123,Comedy,Fantasy,Romance,2004
1124,Comedy,Romance,,2004
1125,Drama,Horror,Thriller,2004
1126,Comedy,,,2004
1127,Crime,Drama,Romance,2004
1128,Horror,,,2004
1129,Comedy,Drama,,2004
1130,Comedy,,,2004
1131,Thriller,,,2004
1132,Biography,Drama,Musical,2004
1133,Comedy,,,2004
1134,Comedy,,,2004
1135,Comedy,Drama,,2004
1136,Drama,,,2004
1137,Drama,,,2004
1138,Drama,,,2004
1139,Drama,Animation,Thriller,2004
1140,Musical,Drama,Family,2004
1141,Adventure,Comedy,Horror,2004
1142,Horror,Romance,,2004
1143,Drama,,,2004
1144,Horror,,,2004
1145,Comedy,,,2004
1146,Drama,Romance,,2004
1147,Drama,,,2004
1148,Drama,,,2004
1149,Drama,,,2004
1150,Drama,,,2004
1151,Comedy,Romance,,2004
1152,Comedy,,,2004
1153,Comedy,Romance,,2004
1154,Drama,,,2004
1155,Action,,,2004
1156,Comedy,Romance,,2004
1157,Thriller,,,2004
1158,Comedy,Drama,,2004
1159,Action,Comedy,Romance,2004
1160,Comedy,,,2004
1161,Thriller,Drama,,2004
1162,Action,Comedy,Musical,2004
1163,Crime,Drama,Thriller,2004
1164,Drama,,,2004
1165,Drama,,,2004
1166,Thriller,,,2004
1167,Drama,,,2004
1168,Comedy,Drama,Romance,2004
1169,Drama,,,2004
1170,Comedy,,,2004
1171,Comedy,Drama,Romance,2004
1172,Romance,Comedy,Drama,2004
1173,Family,,,2004
1174,Action,Comedy,Drama,2004
1175,Action,Romance,Thriller,2004
1176,Drama,,,2004
1177,Drama,,,2004
1178,Crime,Drama,,2004
1179,Horror,,,2004
1180,Comedy,Romance,,2004
1181,Comedy,Drama,,2004
1182,Fantasy,,,2004
1183,Comedy,Drama,,2004
1184,Comedy,,,2004
1185,Adventure,Thriller,Horror,2004
1186,Action,Crime,Thriller,2004
1187,Action,Comedy,Drama,2004
1188,Action,Comedy,,2004
1189,Action,Adventure,Romance,2004
1190,Horror,,,2004
1191,Biography,Drama,,2004
1192,Comedy,,,2004
1193,Action,,,2004
1194,Comedy,,,2004
1195,Comedy,Drama,Romance,2004
1196,Comedy,,,2004
1197,Drama,,,2004
1198,Horror,Mystery,,2004
1199,Comedy,,,2004
1200,Action,Drama,Thriller,2004
1201,Action,Crime,Romance,2004
1202,Adventure,Comedy,,2004
1203,Comedy,Horror,Mystery,2004
1204,Comedy,Drama,,2004
1205,Drama,,,2004
1206,Comedy,Drama,,2004
1207,Comedy,Crime,Romance,2004
1208,Drama,,,2004
1209,Drama,Romance,,2004
1210,Comedy,,,2004
1211,Horror,Thriller,,2004
1212,Comedy,,,2004
1213,Comedy,Horror,,2004
1214,Drama,Romance,,2004
1215,Drama,,,2004
1216,Drama,Crime,,2004
1217,Comedy,,,2004
1218,Action,Drama,,2004
1219,Action,,,2004
1220,Drama,Thriller,,2004
1221,Thriller,Drama,,2004
1222,Drama,,,2004
1223,Drama,Romance,,2004
1224,Animation,Action,Adventure,2004
1225,Drama,,,2004
1226,Biography,Drama,,2004
1227,Drama,,,2004
1228,Action,Drama,History,2004
1229,Action,Crime,Drama,2004
1230,Drama,,,2004
1231,Comedy,Drama,,2004
1232,Adventure,Comedy,Sport,2004
1233,Action,Adventure,,2004
1234,Action,Drama,War,2004
1235,Sci-Fi,Comedy,Horror,2004
1236,Comedy,,,2004
1237,Drama,,,2004
1238,Drama,Romance,Sport,2004
1239,Musical,Drama,,2004
1240,Drama,Comedy,,2004
1241,Drama,,,2004
1242,Drama,,,2004
1243,Drama,,,2004
1244,Drama,Comedy,,2004
1245,Action,Thriller,Crime,2004
1246,Romance,,,2004
1247,Drama,,,2004
1248,Comedy,Horror,Mystery,2004
1249,Drama,,,2004
1250,Comedy,,,2004
1251,Thriller,Drama,,2004
1252,Comedy,Drama,Romance,2004
1253,Horror,,,2004
1254,Comedy,Drama,,2004
1255,Horror,,,2004
1256,Action,Thriller,,2004
1257,Crime,Thriller,,2004
1258,Action,Drama,,2004
1259,Drama,,,2004
1260,Comedy,,,2004
1261,Drama,Romance,,2004
1262,Drama,,,2004
1263,Drama,,,2004
1264,Action,Adventure,Horror,2004
1265,Comedy,Romance,,2004
1266,Drama,Mystery,,2004
1267,Drama,,,2004
1268,Comedy,Drama,Romance,2004
1269,Action,Adventure,Comedy,2004
1270,Drama,,,2004
1271,Drama,Family,,2004
1272,Adventure,Family,Comedy,2004
1273,Romance,,,2004
1274,Comedy,Drama,Romance,2004
1275,Comedy,Drama,,2004
1276,Family,,,2004
1277,Drama,Romance,,2004
1278,Drama,,,2004
1279,Crime,Drama,,2004
1280,Comedy,,,2004
1281,Comedy,Drama,,2004
1282,Action,,,2004
1283,Comedy,,,2004
1284,Crime,Drama,Mystery,2004
1285,Drama,,,2004
1286,Drama,,,2004
1287,Comedy,,,2004
1288,Drama,,,2004
1289,Drama,Horror,Thriller,2004
1290,Comedy,Romance,,2004
1291,Horror,,,2004
1292,Comedy,,,2004
1293,Comedy,Crime,Horror,2004
1294,Comedy,Drama,Romance,2004
1295,Comedy,,,2004
1296,Action,Drama,,2004
1297,Crime,Horror,Mystery,2004
1298,Comedy,,,2004
1299,Drama,,,2004
1300,Crime,Drama,,2004
1301,Comedy,Drama,,2004
1302,Action,,,2004
1303,Action,Adventure,Comedy,2004
1304,Drama,,,2004
1305,Drama,,,2004
1306,Biography,Drama,,2004
1307,Mystery,Thriller,,2004
1308,Drama,History,Horror,2004
1309,Drama,,,2004
1310,Drama,Family,,2004
1311,Drama,Thriller,,2004
1312,Comedy,Romance,,2004
1313,Action,Crime,Drama,2004
1314,Crime,Mystery,Thriller,2004
1315,Horror,Thriller,,2004
1316,Drama,Western,,2004
1317,Horror,,,2004
1318,Comedy,,,2004
1319,Family,,,2004
1320,Action,Crime,Thriller,2004
1321,Drama,,,2004
1322,Action,Comedy,Fantasy,2004
1323,Comedy,,,2004
1324,Drama,Comedy,,2004
1325,Romance,Drama,War,2004
1326,Drama,,,2004
1327,Drama,Fantasy,Romance,2004
1328,Drama,,,2004
1329,Horror,Drama,Mystery,2004
1330,Drama,Romance,Music,2004
1331,Action,Adventure,Comedy,2004
1332,Drama,Romance,,2004
1333,Romance,Sci-Fi,Thriller,2004
1334,Drama,,,2004
1335,Drama,,,2004
1336,Drama,,,2004
1337,Drama,War,,2004
1338,Comedy,Fantasy,Action,2004
1339,Drama,Mystery,,2004
1340,Drama,,,2004
1341,Drama,Family,Romance,2004
1342,Drama,,,2004
1343,Drama,,,2004
1344,Comedy,,,2004
1345,Drama,Comedy,Romance,2004
1346,Comedy,,,2004
1347,Action,,,2004
1348,Drama,,,2004
1349,Horror,,,2004
1350,Adventure,Drama,,2004
1351,Drama,Family,,2004
1352,Action,Crime,,2004
1353,Comedy,Drama,,2004
1354,Family,,,2004
1355,Romance,Drama,,2004
1356,Drama,,,2004
1357,Comedy,Romance,,2004
1358,Drama,,,2004
1359,Drama,,,2004
1360,Drama,,,2004
1361,Musical,Drama,,2004
1362,Action,Adventure,Crime,2004
1363,Fantasy,,,2004
1364,Adventure,Comedy,Thriller,2004
1365,Drama,,,2004
1366,Comedy,Drama,Romance,2004
1367,Comedy,Horror,,2004
1368,Action,,,2004
1369,Adventure,Drama,Romance,2004
1370,Comedy,,,2004
1371,Drama,Comedy,,2004
1372,Drama,War,,2004
1373,Crime,Drama,,2004
1374,Comedy,,,2004
1375,Comedy,Drama,,2004
1376,Drama,Comedy,,2004
1377,Action,Comedy,Fantasy,2004
1378,Drama,Mystery,,2004
1379,Action,,,2004
1380,Comedy,,,2004
1381,Comedy,Sport,,2004
1382,Adventure,Comedy,Sci-Fi,2004
1383,Drama,,,2004
1384,Action,Drama,,2004
1385,Animation,Adventure,Comedy,2004
1386,Romance,Comedy,,2004
1387,Drama,Romance,,2004
1388,Drama,,,2004
1389,Drama,,,2004
1390,Action,,,2004
1391,Drama,Romance,Thriller,2004
1392,Comedy,Romance,,2004
1393,Comedy,Drama,Romance,2004
1394,Adventure,,,2004
1395,Comedy,,,2004
1396,Drama,,,2004
1397,Drama,,,2004
1398,Crime,Drama,,2004
1399,Action,Adventure,,2004
1400,Horror,,,2004
1401,Crime,Drama,,2004
1402,Drama,Family,,2004
1403,Comedy,,,2004
1404,Horror,,,2004
1405,Comedy,Romance,Crime,2004
1406,Drama,Thriller,Sci-Fi,2004
1407,Drama,,,2004
1408,Comedy,Drama,Musical,2004
1409,Drama,,,2004
1410,Drama,,,2004
1411,Comedy,Drama,,2004
1412,Family,Action,Adventure,2004
1413,Drama,,,2004
1414,Drama,,,2004
1415,Comedy,Drama,,2004
1416,Romance,,,2004
1417,Animation,Family,,2004
1418,Action,Drama,,2004
1419,Comedy,,,2004
1420,Action,Adventure,Crime,2004
1421,Mystery,,,2004
1422,Comedy,Fantasy,,2004
1423,Action,Crime,Thriller,2004
1424,Comedy,,,2004
1425,Animation,Action,Drama,2004
1426,Drama,Thriller,,2004
1427,Action,Comedy,Drama,2004
1428,Comedy,Crime,Drama,2004
1429,Action,Crime,Mystery,2004
1430,Comedy,Horror,,2004
1431,Drama,Romance,,2004
1432,Drama,,,2004
1433,Horror,Thriller,,2004
1434,Comedy,,,2004
1435,Comedy,Drama,,2004
1436,Drama,,,2004
1437,Horror,,,2004
1438,Drama,,,2004
1439,Drama,,,2004
1440,Comedy,Drama,Romance,2004
1441,Drama,,,2004
1442,Romance,,,2004
1443,Drama,,,2004
1444,Drama,,,2004
1445,Comedy,Drama,,2004
1446,Sci-Fi,Horror,Thriller,2004
1447,Horror,,,2004
1448,Comedy,,,2004
1449,Crime,Drama,,2004
1450,Crime,Drama,Horror,2004
1451,Drama,,,2004
1452,Thriller,,,2004
1453,Comedy,Drama,Music,2004
1454,Crime,Drama,,2004
1455,Comedy,,,2004
1456,Action,,,2004
1457,Drama,,,2004
1458,Sci-Fi,,,2004
1459,Animation,,,2004
1460,Family,,,2004
1461,Drama,,,2004
1462,Drama,,,2004
1463,Action,Comedy,,2004
1464,Comedy,Drama,,2004
1465,Action,Comedy,Horror,2004
1466,Comedy,,,2004
1467,Adventure,Family,Mystery,2004
1468,Drama,,,2004
1469,Drama,Music,,2004
1470,Drama,,,2004
1471,Comedy,,,2004
1472,Comedy,Romance,,2004
1473,Comedy,Drama,,2004
1474,Action,Crime,Drama,2004
1475,Drama,,,2004
1476,Comedy,Romance,,2004
1477,Comedy,,,2004
1478,Drama,,,2004
1479,Comedy,,,2004
1480,Action,Crime,Thriller,2004
1481,Comedy,Drama,Music,2004
1482,Action,Thriller,,2004
1483,Crime,Drama,,2004
1484,Comedy,,,2004
1485,Comedy,Drama,,2004
1486,Action,Adventure,,2004
1487,Drama,,,2004
1488,Drama,,,2004
1489,Drama,,,2004
1490,Drama,,,2004
1491,Animation,Drama,Music,2004
1492,Comedy,,,2004
1493,Comedy,,,2004
1494,Drama,,,2004
1495,Drama,,,2004
1496,Comedy,,,2004
1497,Comedy,,,2004
1498,Drama,,,2004
1499,Action,Drama,,2004
1500,Comedy,,,2004
1501,Horror,,,2004
1502,Drama,,,2004
1503,Horror,,,2004
1504,Horror,Thriller,,2004
1505,Family,Musical,,2004
1506,Adventure,Crime,Thriller,2004
1507,Drama,,,2004
1508,Comedy,Drama,,2004
1509,Drama,,,2004
1510,Adventure,Musical,Romance,2004
1511,Drama,,,2004
1512,Drama,,,2004
1513,Comedy,Drama,Romance,2004
1514,Drama,,,2004
1515,Comedy,,,2004
1516,Biography,Drama,Sport,2004
1517,Drama,,,2004
1518,Comedy,,,2004
1519,Drama,,,2004
1520,Action,Drama,Fantasy,2004
1521,Romance,,,2004
1522,Comedy,,,2004
1523,Drama,,,2004
1524,Comedy,Drama,,2004
1525,Drama,Music,,2004
1526,Comedy,Drama,,2004
1527,Drama,,,2004
1528,Action,Crime,Comedy,2004
1529,Drama,Thriller,War,2004
1530,Comedy,,,2004
1531,Drama,History,,2004
1532,Comedy,,,2004
1533,Comedy,Drama,Romance,2004
1534,Romance,Comedy,Drama,2004
1535,Fantasy,Horror,Romance,2004
1536,Comedy,Drama,Romance,2004
1537,Action,Thriller,,2004
1538,Drama,,,2004
1539,Crime,,,2004
1540,Horror,,,2004
1541,Mystery,Thriller,,2004
1542,Drama,,,2004
1543,Drama,Mystery,Romance,2004
1544,Drama,Romance,,2004
1545,Drama,,,2004
1546,Thriller,,,2004
1547,Comedy,Drama,Romance,2004
1548,Drama,Music,,2004
1549,Crime,Drama,Thriller,2004
1550,Thriller,Mystery,,2004
1551,Thriller,Action,,2004
1552,Drama,Romance,,2004
1553,Drama,,,2004
1554,Comedy,Romance,,2004
1555,Comedy,,,2004
1556,Action,Fantasy,Horror,2004
1557,Drama,,,2004
1558,Comedy,,,2004
1559,Comedy,,,2004
1560,Action,Drama,,2004
1561,Comedy,Drama,,2004
1562,Adventure,Family,Mystery,2004
1563,Horror,Thriller,,2004
1564,Drama,,,2004
1565,Comedy,Romance,,2004
1566,Romance,Fantasy,Drama,2004
1567,Comedy,,,2004
1568,Crime,Drama,Music,2004
1569,Drama,Sci-Fi,,2004
1570,Crime,Drama,Mystery,2004
1571,Drama,Romance,,2004
1572,Comedy,Drama,,2004
1573,Drama,,,2004
1574,Drama,,,2004
1575,Drama,,,2004
1576,Family,Comedy,,2004
1577,Comedy,Drama,Romance,2004
1578,Drama,,,2004
1579,Horror,,,2004
1580,Thriller,,,2004
1581,Comedy,Drama,,2004
1582,Comedy,Family,,2004
1583,Animation,Family,,2004
1584,Comedy,Romance,,2004
1585,Drama,Romance,,2004
1586,Action,,,2004
1587,Drama,Mystery,Thriller,2004
1588,Drama,,,2004
1589,Action,,,2004
1590,Thriller,,,2004
1591,Crime,Drama,Romance,2004
1592,Drama,,,2004
1593,Comedy,Horror,Sci-Fi,2004
1594,Comedy,Drama,,2004
1595,Drama,,,2004
1596,Drama,,,2004
1597,Music,,,2004
1598,Comedy,Fantasy,Thriller,2004
1599,Action,Drama,,2004
1600,Horror,,,2004
1601,Comedy,Family,Romance,2004
1602,Drama,,,2004
1603,Thriller,Drama,Mystery,2004
1604,Comedy,Romance,,2004
1605,Comedy,Fantasy,Horror,2004
1606,Drama,Romance,,2004
1607,Comedy,,,2004
1608,Comedy,,,2004
1609,Drama,,,2004
1610,Romance,,,2004
1611,Comedy,Mystery,,2004
1612,Crime,Drama,,2004
1613,Drama,,,2004
1614,Action,Comedy,,2004
1615,Drama,,,2004
1616,Horror,,,2004
1617,Comedy,Romance,,2004
1618,Drama,,,2004
1619,Romance,Thriller,,2004
1620,Action,Adventure,Comedy,2004
1621,Comedy,,,2004
1622,Drama,,,2004
1623,Comedy,,,2004
1624,Drama,Romance,,2004
1625,Comedy,,,2004
1626,Comedy,Romance,,2004
1627,Action,,,2004
1628,Action,Drama,,2004
1629,Romance,Comedy,,2004
1630,Drama,,,2004
1631,Romance,,,2004
1632,Comedy,Drama,,2004
1633,Drama,,,2004
1634,Romance,,,2004
1635,Horror,,,2004
1636,Action,Crime,Drama,2004
1637,Family,,,2004
1638,Animation,,,2004
1639,Action,Comedy,Drama,2004
1640,Comedy,,,2004
1641,Romance,,,2004
1642,Comedy,Drama,,2004
1643,Drama,,,2004
1644,Drama,Thriller,,2004
1645,Drama,Music,Romance,2004
1646,Action,,,2004
1647,Drama,History,,2004
1648,Drama,Thriller,,2004
1649,Drama,,,2004
1650,Comedy,,,2004
1651,Drama,,,2004
1652,Crime,Romance,Thriller,2004
1653,Drama,,,2004
1654,Comedy,Romance,,2004
1655,Action,Thriller,,2004
1656,Comedy,,,2004
1657,Animation,Drama,Fantasy,2004
1658,Comedy,Crime,,2004
1659,Comedy,Drama,Romance,2004
1660,Sci-Fi,,,2004
1661,Drama,Thriller,,2004
1662,Drama,,,2004
1663,Drama,,,2004
1664,Drama,,,2004
1665,Drama,,,2004
1666,Drama,Mystery,,2004
1667,Action,Horror,,2004
1668,Drama,,,2004
1669,Comedy,Drama,,2004
1670,Family,,,2004
1671,Adventure,Family,,2004
1672,Drama,,,2004
1673,Comedy,Romance,,2004
1674,History,,,2004
1675,Drama,,,2004
1676,Comedy,,,2004
1677,Comedy,,,2004
1678,Drama,History,,2004
1679,Family,,,2004
1680,Drama,,,2004
1681,Drama,,,2004
1682,Comedy,,,2004
1683,Drama,,,2004
1684,Drama,,,2004
1685,Action,,,2004
1686,Comedy,Drama,Romance,2004
1687,Drama,,,2004
1688,Drama,,,2004
1689,Drama,,,2004
1690,Comedy,Drama,Romance,2004
1691,Drama,,,2004
1692,Adventure,Drama,Mystery,2004
1693,Drama,Romance,,2004
1694,Action,Thriller,,2004
1695,Drama,,,2004
1696,Drama,Romance,,2004
1697,Drama,Sci-Fi,,2004
1698,Romance,,,2004
1699,Thriller,,,2004
1700,Animation,Comedy,Drama,2004
1701,Comedy,Drama,Romance,2004
1702,Comedy,Romance,,2004
1703,Comedy,,,2004
1704,Adventure,Family,,2004
1705,Comedy,,,2004
1706,Adventure,Family,,2004
1707,Drama,Romance,War,2004
1708,Drama,,,2004
1709,Action,Comedy,Drama,2004
1710,Drama,Family,,2004
1711,Action,Comedy,,2004
1712,Comedy,Drama,,2004
1713,Drama,,,2004
1714,Drama,,,2004
1715,Drama,,,2004
1716,Action,Thriller,,2004
1717,Mystery,,,2004
1718,Comedy,,,2004
1719,Comedy,Fantasy,,2004
1720,Comedy,,,2004
1721,Drama,History,,2004
1722,Comedy,,,2004
1723,Horror,,,2004
1724,Drama,,,2004
1725,Drama,Sport,,2004
1726,Drama,Fantasy,,2004
1727,Drama,,,2004
1728,Comedy,Drama,,2004
1729,Thriller,,,2004
1730,Action,Crime,Drama,2004
1731,Drama,Romance,,2004
1732,Drama,,,2004
1733,Horror,Drama,,2004
1734,Fantasy,,,2004
1735,Music,Comedy,Drama,2004
1736,Horror,,,2004
1737,Drama,,,2004
1738,Action,Crime,Drama,2004
1739,Drama,,,2004
1740,Comedy,Drama,,2004
1741,Drama,,,2004
1742,Action,Drama,Romance,2004
1743,Action,,,2004
1744,Romance,,,2004
1745,Comedy,Drama,,2004
1746,Romance,,,2004
1747,Thriller,Horror,,2004
1748,Drama,,,2004
1749,Thriller,,,2004
1750,Comedy,,,2004
1751,Comedy,,,2004
1752,Comedy,,,2004
1753,Comedy,Drama,Romance,2004
1754,Comedy,Drama,,2004
1755,Family,,,2004
1756,Drama,,,2004
1757,Drama,,,2004
1758,Drama,,,2004
1759,Drama,,,2004
1760,Comedy,Music,,2004
1761,Drama,Romance,,2004
1762,Action,,,2004
1763,Family,,,2004
1764,Comedy,Romance,,2004
1765,Comedy,,,2004
1766,Comedy,,,2004
1767,Romance,Drama,,2004
1768,Comedy,Drama,,2004
1769,Comedy,,,2004
1770,Horror,,,2004
1771,Drama,,,2004
1772,Fantasy,Western,,2004
1773,Sci-Fi,,,2004
1774,Drama,,,2004
1775,Comedy,Crime,Romance,2004
1776,Musical,Action,Crime,2004
1777,Comedy,,,2004
1778,Comedy,,,2004
1779,Action,Romance,,2004
1780,Crime,,,2004
1781,Horror,Mystery,,2004
1782,Drama,,,2004
1783,Drama,,,2004
1784,Thriller,,,2004
1785,Drama,Family,,2004
1786,Drama,,,2004
1787,Horror,,,2004
1788,Sci-Fi,,,2004
1789,Horror,,,2004
1790,Comedy,,,2004
1791,Drama,Romance,,2004
1792,Drama,,,2004
1793,Comedy,,,2004
1794,Drama,War,,2004
1795,Drama,,,2004
1796,Drama,,,2004
1797,Drama,Romance,,2004
1798,War,,,2004
1799,Action,Drama,,2004
1800,Mystery,Thriller,,2004
1801,Comedy,Musical,,2004
1802,Drama,,,2004
1803,Drama,,,2004
1804,Thriller,,,2004
1805,Drama,,,2004
1806,Horror,,,2004
1807,Comedy,Drama,Music,2004
1808,Comedy,,,2004
1809,Comedy,,,2004
1810,Drama,,,2004
1811,Comedy,,,2004
1812,Drama,,,2004
1813,Romance,,,2004
1814,Comedy,,,2004
1815,Horror,,,2004
1816,Drama,,,2004
1817,Drama,,,2004
1818,Sci-Fi,Drama,Fantasy,2004
1819,Comedy,Crime,,2004
1820,Drama,,,2004
1821,Comedy,Drama,,2004
1822,Horror,,,2004
1823,Drama,,,2004
1824,Adventure,Family,Fantasy,2004
1825,Action,Drama,,2004
1826,Drama,,,2004
1827,Animation,,,2004
1828,Drama,,,2004
1829,Crime,,,2004
1830,Comedy,,,2004
1831,Comedy,Fantasy,,2004
1832,Drama,,,2004
1833,Comedy,,,2004
1834,Drama,,,2004
1835,Drama,,,2004
1836,Drama,,,2004
1837,Drama,Mystery,Romance,2004
1838,Comedy,,,2004
1839,Drama,Romance,,2004
1840,Drama,Romance,,2004
1841,Crime,Horror,Thriller,2004
1842,Action,Drama,,2004
1843,Drama,Horror,Thriller,2004
1844,Comedy,,,2004
1845,Drama,Action,,2004
1846,Comedy,,,2004
1847,Comedy,Romance,,2004
1848,Drama,,,2004
1849,Drama,Romance,,2004
1850,Comedy,Romance,,2004
1851,Drama,,,2004
1852,Drama,,,2004
1853,Comedy,,,2004
1854,Drama,,,2004
1855,Horror,,,2004
1856,Drama,,,2004
1857,Drama,Mystery,Thriller,2004
1858,Comedy,,,2004
1859,Drama,,,2004
1860,Comedy,Crime,,2004
1861,Drama,Romance,,2004
1862,Comedy,Action,Thriller,2004
1863,Horror,,,2004
1864,Comedy,Romance,,2004
1865,Drama,Mystery,,2004
1866,Drama,,,2004
1867,Romance,,,2004
1868,Drama,,,2004
1869,Comedy,,,2004
1870,Drama,,,2004
1871,Fantasy,,,2004
1872,Biography,Drama,,2004
1873,Action,Comedy,,2004
1874,Adventure,Comedy,Family,2004
1875,Drama,Romance,,2004
1876,Drama,,,2004
1877,Comedy,,,2004
1878,Drama,,,2004
1879,Thriller,,,2004
1880,Drama,Family,,2004
1881,Drama,,,2004
1882,Mystery,Crime,,2004
1883,Drama,,,2004
1884,Action,Comedy,,2004
1885,Drama,,,2004
1886,Comedy,Drama,,2004
1887,Action,Drama,,2004
1888,Drama,,,2004
1889,Comedy,Romance,,2004
1890,Romance,,,2004
1891,Comedy,,,2004
1892,Comedy,Drama,,2004
1893,Sci-Fi,,,2004
1894,Comedy,Romance,,2004
1895,Thriller,,,2004
1896,Horror,,,2004
1897,Comedy,,,2004
1898,Crime,Drama,,2004
1899,Comedy,Romance,,2004
1900,Comedy,,,2004
1901,Drama,,,2004
1902,Drama,Fantasy,Sci-Fi,2004
1903,Drama,,,2004
1904,Drama,,,2004
1905,Action,Crime,Drama,2004
1906,Drama,,,2004
1907,Action,Crime,Drama,2004
1908,Comedy,Romance,,2004
1909,Thriller,,,2004
1910,Comedy,,,2004
1911,Drama,,,2004
1912,Horror,,,2004
1913,Drama,,,2004
1914,Drama,,,2004
1915,Comedy,Sport,,2004
1916,Action,Comedy,Crime,2004
1917,Comedy,Drama,,2004
1918,Action,Crime,Drama,2004
1919,Drama,Sport,,2004
1920,Romance,,,2004
1921,Comedy,,,2004
1922,Comedy,,,2004
1923,Action,Drama,Sport,2004
1924,Comedy,,,2004
1925,Drama,Thriller,,2004
1926,Drama,,,2004
1927,Horror,Thriller,,2004
1928,Drama,Romance,,2004
1929,Drama,,,2004
1930,Action,,,2004
1931,Musical,,,2004
1932,Comedy,Music,,2004
1933,Drama,,,2004
1934,Drama,,,2004
1935,Family,,,2004
1936,Drama,,,2004
1937,Drama,,,2004
1938,Comedy,,,2004
1939,Drama,,,2004
1940,Crime,Drama,Thriller,2004
1941,Romance,,,2004
1942,Action,Drama,,2004
1943,Drama,,,2004
1944,Drama,Romance,,2004
1945,Drama,Action,,2004
1946,Drama,,,2004
1947,Comedy,Romance,,2004
1948,Action,Comedy,Horror,2004
1949,Comedy,Crime,,2004
1950,Comedy,Adventure,,2004
1951,Action,,,2004
1952,Drama,Romance,,2004
1953,Comedy,Drama,,2004
1954,Drama,,,2004
1955,Comedy,Music,,2004
1956,Animation,Family,,2004
1957,Romance,,,2004
1958,Action,,,2004
1959,Drama,,,2004
1960,Comedy,,,2004
1961,Musical,Romance,,2004
1962,History,,,2004
1963,Drama,,,2004
1964,Action,,,2004
1965,Drama,,,2004
1966,Drama,,,2004
1967,Drama,,,2004
1968,Horror,Mystery,Thriller,2004
1969,Drama,Romance,,2004
1970,Action,Crime,,2004
1971,Comedy,Romance,,2004
1972,Comedy,,,2004
1973,Drama,Thriller,,2004
1974,Family,,,2004
1975,Action,,,2004
1976,Drama,,,2004
1977,Adventure,Comedy,,2004
1978,Thriller,,,2004
1979,Drama,,,2004
1980,Family,,,2004
1981,Drama,Mystery,,2004
1982,Drama,,,2004
1983,Comedy,,,2004
1984,Drama,,,2004
1985,Action,Crime,Drama,2004
1986,Comedy,Crime,,2004
1987,Adventure,Animation,,2004
1988,Drama,Horror,,2004
1989,Drama,,,2004
1990,Drama,,,2004
1991,War,,,2004
1992,Drama,Musical,Romance,2004
1993,Action,Drama,,2004
1994,Drama,,,2004
1995,Drama,,,2004
1996,Drama,,,2004
1997,Action,,,2004
1998,Sci-Fi,,,2004
1999,Animation,Adventure,Comedy,2004
2000,Romance,,,2004
2001,Comedy,Drama,,2004
2002,Drama,,,2004
2003,Drama,Romance,,2004
2004,Animation,Comedy,Family,2004
2005,Action,Crime,Drama,2004
2006,Drama,,,2004
2007,Horror,Thriller,,2004
2008,Mystery,,,2004
2009,Action,Comedy,,2004
2010,Animation,,,2004
2011,Drama,,,2004
2012,Drama,Romance,,2004
2013,Drama,,,2004
2014,Comedy,Crime,,2004
2015,Crime,Drama,Mystery,2004
2016,Comedy,Romance,,2004
2017,Comedy,Horror,,2004
2018,Drama,,,2004
2019,Drama,,,2004
2020,Drama,Fantasy,Music,2004
2021,Romance,,,2004
2022,Action,Crime,Drama,2004
2023,Drama,,,2004
2024,Comedy,,,2004
2025,Drama,,,2004
2026,Drama,,,2004
2027,Comedy,,,2004
2028,Comedy,,,2004
2029,Horror,,,2004
2030,Comedy,,,2004
2031,Comedy,Horror,,2004
2032,Drama,,,2004
2033,Drama,,,2004
2034,Comedy,,,2004
2035,Drama,,,2004
2036,Thriller,,,2004
2037,Drama,,,2004
2038,Drama,Horror,Thriller,2004
2039,Mystery,Horror,,2004
2040,Drama,Thriller,Mystery,2004
2041,Comedy,Drama,,2004
2042,Romance,,,2004
2043,Comedy,Romance,,2004
2044,Drama,,,2004
2045,Horror,Thriller,,2004
2046,Drama,,,2004
2047,Drama,,,2004
2048,Action,Drama,Musical,2004
2049,Family,Drama,,2004
2050,Drama,,,2004
2051,Horror,,,2004
2052,Drama,,,2004
2053,Drama,,,2004
2054,Family,,,2004
2055,Comedy,Sci-Fi,,2004
2056,Sci-Fi,,,2004
2057,Drama,,,2004
2058,Action,,,2004
2059,Drama,,,2004
2060,Action,Comedy,Fantasy,2004
2061,Crime,Drama,Sci-Fi,2004
2062,Drama,,,2004
2063,Action,,,2004
2064,Comedy,,,2004
2065,Thriller,,,2004
2066,Drama,,,2004
2067,Crime,,,2004
2068,Comedy,,,2004
2069,Action,Crime,Drama,2004
2070,Action,Crime,Drama,2004
2071,Action,Drama,,2004
2072,Thriller,,,2004
2073,Drama,,,2004
2074,Adventure,,,2004
2075,Horror,Thriller,,2004
2076,Drama,,,2004
2077,Comedy,Drama,,2004
2078,Drama,,,2004
2079,Drama,,,2004
2080,Comedy,,,2004
2081,Horror,,,2004
2082,Comedy,Crime,,2004
2083,Comedy,,,2004
2084,Comedy,Drama,,2004
2085,Comedy,,,2004
2086,Fantasy,,,2004
2087,Comedy,Family,Fantasy,2004
2088,Comedy,,,2004
2089,Horror,,,2004
2090,Horror,,,2004
2091,Mystery,Sci-Fi,,2004
2092,Comedy,,,2004
2093,Drama,,,2004
2094,Thriller,,,2004
2095,Family,,,2004
2096,Comedy,Romance,,2004
2097,Drama,,,2004
2098,Comedy,,,2004
2099,Comedy,,,2004
2100,Horror,,,2004
2101,Drama,Sport,,2004
2102,Drama,,,2004
2103,Drama,,,2004
2104,Comedy,,,2004
2105,Action,,,2004
2106,Drama,,,2004
2107,Action,,,2004
2108,Biography,Comedy,Crime,2004
2109,Drama,,,2004
2110,Romance,,,2004
2111,Comedy,,,2004
2112,Thriller,,,2004
2113,Comedy,,,2004
2114,Animation,Comedy,Crime,2004
2115,Thriller,,,2004
2116,Drama,,,2004
2117,Drama,,,2004
2118,Mystery,Thriller,,2004
2119,Adventure,Comedy,Crime,2004
2120,Drama,Romance,Thriller,2004
2121,Romance,,,2004
2122,Drama,,,2004
2123,Drama,,,2004
2124,Biography,,,2004
2125,Comedy,,,2004
2126,Comedy,,,2004
2127,Drama,,,2004
2128,Drama,,,2004
2129,Comedy,,,2004
2130,Drama,,,2004
2131,Sci-Fi,,,2004
2132,Romance,,,2004
2133,Comedy,Drama,,2004
2134,Comedy,Sport,,2004
2135,Comedy,Fantasy,Horror,2004
2136,Comedy,,,2004
2137,Thriller,,,2004
2138,Action,,,2004
2139,Action,Drama,Sport,2004
2140,Drama,,,2004
2141,Comedy,Drama,,2004
2142,Drama,,,2004
2143,Musical,Comedy,,2004
2144,Drama,,,2004
2145,Drama,,,2004
2146,Action,Drama,Romance,2004
2147,Drama,,,2004
2148,Drama,History,,2004
2149,Comedy,,,2004
2150,Comedy,,,2004
2151,Musical,Comedy,Drama,2004
2152,Action,,,2004
2153,Drama,,,2004
2154,Action,,,2004
2155,Thriller,,,2004
2156,Comedy,,,2004
2157,Drama,Romance,,2004
2158,Animation,,,2004
2159,Comedy,,,2004
2160,Comedy,Drama,,2004
2161,Drama,Mystery,,2004
2162,Horror,,,2004
2163,Thriller,,,2004
2164,Drama,,,2004
2165,Romance,,,2004
2166,Musical,,,2004
2167,Crime,Mystery,Thriller,2004
2168,Comedy,,,2004
2169,Drama,,,2004
2170,Comedy,,,2004
2171,Drama,,,2004
2172,Drama,,,2004
2173,Drama,,,2004
2174,Drama,,,2004
2175,Action,,,2004
2176,Horror,,,2004
2177,Action,Crime,Drama,2004
2178,Comedy,,,2004
2179,Family,,,2004
2180,Comedy,Romance,,2004
2181,Comedy,,,2004
2182,Comedy,,,2004
2183,Drama,,,2004
2184,Comedy,Romance,,2004
2185,Horror,,,2004
2186,Action,Comedy,Fantasy,2004
2187,Horror,Thriller,,2004
2188,Comedy,,,2004
2189,Comedy,,,2004
2190,Comedy,,,2004
2191,Comedy,,,2004
2192,Fantasy,,,2004
2193,Comedy,Drama,,2004
2194,Comedy,Romance,,2004
2195,Comedy,Crime,,2004
2196,Comedy,,,2004
2197,Drama,,,2004
2198,Thriller,,,2004
2199,Comedy,,,2004
2200,Comedy,,,2004
2201,Drama,,,2004
2202,Comedy,,,2004
2203,Comedy,Fantasy,,2004
2204,Comedy,,,2004
2205,Drama,,,2004
2206,Comedy,,,2004
2207,Drama,Comedy,,2004
2208,Horror,Thriller,,2004
2209,Drama,,,2004
2210,Drama,,,2004
2211,Comedy,,,2004
2212,Comedy,,,2004
2213,Action,,,2004
2214,Comedy,Romance,,2004
2215,Romance,Horror,Drama,2004
2216,Animation,Family,,2004
2217,Drama,,,2004
2218,Comedy,Romance,,2004
2219,Drama,,,2004
2220,Adventure,Comedy,,2004
2221,Comedy,Drama,,2004
2222,Action,,,2004
2223,Drama,,,2004
2224,Drama,,,2004
2225,Drama,Mystery,,2004
2226,Horror,Sci-Fi,,2004
2227,Comedy,,,2004
2228,Drama,,,2004
2229,Drama,,,2004
2230,Comedy,,,2004
2231,Horror,Mystery,Thriller,2004
2232,Thriller,,,2004
2233,Action,Crime,,2004
2234,Drama,,,2004
2235,Drama,,,2004
2236,Comedy,,,2004
2237,Musical,Drama,,2004
2238,Drama,,,2004
2239,Drama,,,2004
2240,Thriller,,,2004
2241,Drama,,,2004
2242,Thriller,,,2004
2243,Romance,,,2004
2244,Drama,,,2004
2245,Thriller,,,2004
2246,Drama,,,2004
2247,Drama,Thriller,,2004
2248,Action,,,2004
2249,Drama,,,2004
2250,Action,Drama,,2004
2251,Drama,,,2004
2252,Action,Drama,Thriller,2004
2253,Drama,,,2004
2254,Drama,,,2004
2255,Drama,Romance,,2004
2256,Comedy,,,2004
2257,Horror,Thriller,,2004
2258,Romance,,,2004
2259,Action,,,2004
2260,Comedy,Romance,,2004
2261,Drama,Action,,2004
2262,Comedy,Romance,,2004
2263,Drama,,,2004
2264,Adventure,Family,,2004
2265,Drama,,,2004
2266,Drama,,,2004
2267,Drama,Sci-Fi,Thriller,2004
2268,Drama,,,2004
2269,Crime,Drama,Mystery,2004
2270,Romance,Drama,War,2004
2271,Drama,,,2004
2272,Drama,,,2004
2273,Horror,,,2004
2274,Comedy,,,2004
2275,Fantasy,,,2004
2276,Drama,Horror,,2004
2277,Romance,,,2004
2278,Drama,Romance,,2004
2279,Comedy,Drama,,2004
2280,Drama,,,2004
2281,Drama,,,2004
2282,Drama,,,2004
2283,Drama,,,2004
2284,Drama,,,2004
2285,Action,Fantasy,Sci-Fi,2004
2286,Action,Horror,Thriller,2004
2287,Comedy,Romance,,2004
2288,Drama,,,2004
2289,Horror,Thriller,,2004
2290,Drama,,,2004
2291,Horror,,,2004
2292,Drama,,,2004
2293,Drama,,,2004
2294,Action,,,2004
2295,Drama,,,2004
2296,Drama,,,2004
2297,Action,Comedy,Drama,2004
2298,Comedy,Drama,,2004
2299,Drama,,,2004
2300,Adventure,Drama,,2004
2301,Comedy,,,2004
2302,Drama,,,2004
2303,Drama,,,2004
2304,Comedy,,,2004
2305,Romance,,,2004
2306,Comedy,Romance,,2004
2307,Comedy,,,2004
2308,Fantasy,Mystery,,2004
2309,Horror,,,2004
2310,Thriller,Drama,,2004
2311,Drama,,,2004
2312,Comedy,,,2004
2313,Drama,,,2004
2314,Horror,Comedy,Fantasy,2004
2315,Comedy,,,2004
2316,Drama,,,2004
2317,Action,,,2004
2318,Drama,,,2004
2319,Drama,,,2004
2320,Drama,Romance,,2004
2321,Drama,War,,2004
2322,Action,,,2004
2323,Drama,,,2004
2324,Drama,,,2004
2325,Action,Comedy,,2004
2326,Comedy,,,2004
2327,Action,,,2004
2328,Drama,,,2004
2329,Action,Horror,Thriller,2004
2330,Drama,Musical,Romance,2004
2331,Musical,Comedy,Romance,2004
2332,Drama,,,2004
2333,Drama,,,2004
2334,Biography,Drama,History,2004
2335,Drama,,,2004
2336,Drama,War,,2004
2337,Family,,,2004
2338,Musical,,,2004
2339,Comedy,,,2004
2340,Action,Crime,Drama,2004
2341,Thriller,,,2004
2342,Comedy,,,2004
2343,Comedy,,,2004
2344,History,,,2004
2345,Comedy,Fantasy,,2004
2346,Drama,,,2004
2347,Thriller,Drama,,2004
2348,Drama,Romance,,2004
2349,Comedy,Drama,,2004
2350,Action,Horror,Thriller,2004
2351,Musical,Drama,,2004
2352,Action,Crime,Drama,2004
2353,Drama,,,2004
2354,Comedy,,,2004
2355,Drama,Mystery,Thriller,2004
2356,Thriller,Comedy,Crime,2004
2357,Action,Thriller,,2004
2358,Comedy,,,2004
2359,Drama,,,2004
2360,Comedy,,,2004
2361,Comedy,Drama,Musical,2004
2362,Drama,Romance,,2004
2363,Drama,,,2004
2364,Drama,,,2004
2365,Drama,Romance,,2004
2366,Romance,Drama,,2004
2367,Comedy,,,2004
2368,Sci-Fi,Drama,,2004
2369,Drama,,,2004
2370,Horror,,,2004
2371,Mystery,,,2004
2372,Drama,,,2004
2373,Drama,Romance,,2004
2374,Comedy,,,2004
2375,Thriller,,,2004
2376,Horror,,,2004
2377,Comedy,,,2004
2378,Drama,,,2004
2379,Comedy,Drama,,2004
2380,Crime,Thriller,,2004
2381,Comedy,Romance,,2004
2382,Comedy,Romance,,2004
2383,Comedy,Drama,,2004
2384,Drama,,,2004
2385,Romance,,,2004
2386,Comedy,Drama,Romance,2004
2387,Romance,,,2004
2388,Drama,,,2004
2389,Drama,,,2004
2390,Comedy,,,2004
2391,Drama,,,2004
2392,Comedy,,,2004
2393,Thriller,,,2004
2394,Horror,Thriller,Comedy,2004
2395,Sci-Fi,,,2004
2396,Drama,,,2004
2397,Action,Drama,Romance,2004
2398,Action,Drama,,2004
2399,Drama,,,2004
2400,Action,Drama,War,2004
2401,Drama,,,2004
2402,Comedy,,,2004
2403,Horror,Thriller,,2004
2404,Drama,,,2004
2405,Action,Adventure,War,2004
2406,Drama,,,2004
2407,Comedy,,,2004
2408,Comedy,Musical,,2004
2409,Adventure,Sci-Fi,,2004
2410,Animation,,,2004
2411,Comedy,Romance,,2004
2412,Drama,,,2004
2413,Drama,,,2004
2414,Action,War,,2004
2415,Comedy,,,2004
2416,Thriller,Crime,Drama,2004
2417,Drama,,,2004
2418,Drama,,,2004
2419,Drama,,,2004
2420,Drama,,,2004
2421,Biography,Drama,History,2004
2422,Drama,,,2004
2423,Comedy,Romance,,2004
2424,Fantasy,Thriller,,2004
2425,Comedy,,,2004
2426,Comedy,,,2004
2427,Drama,,,2004
2428,Horror,Mystery,,2004
2429,Action,War,,2004
2430,Comedy,,,2004
2431,Drama,History,,2004
2432,Comedy,Drama,,2004
2433,Action,,,2004
2434,Crime,Drama,Romance,2004
2435,Action,,,2004
2436,Thriller,,,2004
2437,Comedy,Music,Romance,2004
2438,Comedy,,,2004
2439,Drama,Romance,,2004
2440,Comedy,,,2004
2441,Thriller,,,2004
2442,Thriller,Horror,,2004
2443,Drama,,,2004
2444,Comedy,,,2004
2445,Romance,,,2004
2446,Crime,Drama,,2004
2447,Comedy,Drama,,2004
2448,Drama,,,2004
2449,Adventure,Drama,Romance,2004
2450,Thriller,,,2004
2451,Drama,,,2004
2452,Drama,,,2004
2453,Drama,,,2004
2454,Comedy,Drama,,2004
2455,Comedy,Drama,,2004
2456,Drama,,,2004
2457,Drama,,,2004
2458,Drama,,,2004
2459,Comedy,,,2004
2460,Drama,,,2004
2461,Drama,,,2004
2462,Action,Fantasy,,2004
2463,Drama,,,2004
2464,Drama,Family,Western,2004
2465,Comedy,,,2004
2466,Drama,Mystery,,2004
2467,Drama,,,2004
2468,Biography,,,2004
2469,Comedy,,,2004
2470,Drama,,,2004
2471,Drama,Fantasy,Horror,2004
2472,Drama,,,2004
2473,Drama,,,2004
2474,Thriller,,,2004
2475,Comedy,Drama,,2004
2476,Drama,,,2004
2477,Drama,Comedy,,2004
2478,Drama,Romance,,2004
2479,Thriller,,,2004
2480,Action,Drama,,2004
2481,Comedy,Romance,Thriller,2004
2482,Drama,Fantasy,,2004
2483,Drama,,,2004
2484,Romance,Thriller,,2004
2485,Drama,,,2004
2486,Drama,,,2004
2487,Drama,,,2004
2488,Drama,,,2004
2489,Drama,Thriller,,2004
2490,Drama,,,2004
2491,Sci-Fi,Action,Crime,2004
2492,Comedy,,,2004
2493,Action,War,,2004
2494,Drama,,,2004
2495,Drama,,,2004
2496,Crime,,,2004
2497,Drama,,,2004
2498,Animation,,,2004
2499,Horror,,,2004
2500,Thriller,,,2004
2501,Drama,,,2004
2502,Action,Adventure,Drama,2004
2503,Horror,Thriller,,2004
2504,Drama,,,2004
2505,Comedy,,,2004
2506,Drama,,,2004
2507,Drama,,,2004
2508,Comedy,,,2004
2509,Drama,,,2004
2510,Comedy,Drama,,2004
2511,Drama,Romance,Sport,2004
2512,Action,,,2004
2513,Action,Horror,Thriller,2004
2514,Drama,,,2004
2515,Family,,,2004
2516,Drama,,,2004
2517,Comedy,,,2004
2518,Drama,,,2004
2519,Drama,Comedy,,2004
2520,Action,Comedy,,2004
2521,Drama,,,2004
2522,Drama,,,2004
2523,Action,,,2004
2524,Drama,,,2004
2525,Drama,,,2004
2526,Action,Adventure,Drama,2004
2527,Comedy,,,2004
2528,Comedy,Romance,,2004
2529,Comedy,Crime,Drama,2004
2530,Drama,,,2004
2531,Drama,,,2004
2532,Drama,,,2004
2533,Action,,,2004
2534,Horror,Thriller,,2004
2535,Drama,,,2004
2536,Romance,,,2004
2537,Comedy,Drama,,2004
2538,Thriller,Drama,,2004
2539,Action,,,2004
2540,Drama,,,2004
2541,Animation,,,2004
2542,Romance,,,2004
2543,Drama,,,2004
2544,Drama,,,2004
2545,Thriller,,,2004
2546,Drama,,,2004
2547,Comedy,,,2004
2548,Drama,,,2004
2549,Romance,Thriller,,2004
2550,Comedy,,,2004
2551,Comedy,,,2004
2552,Horror,Crime,Mystery,2004
2553,Action,Drama,,2004
2554,Action,Thriller,Western,2004
2555,Action,Drama,,2004
2556,Comedy,Romance,,2004
2557,Drama,,,2004
2558,Drama,Music,Romance,2004
2559,Action,,,2004
2560,Adventure,Sci-Fi,,2004
2561,Action,,,2004
2562,Drama,Romance,,2004
2563,Horror,,,2004
2564,Drama,,,2004
2565,Comedy,Horror,,2004
2566,Drama,Thriller,,2004
2567,Horror,Crime,Drama,2004
2568,Drama,,,2004
2569,Comedy,,,2004
2570,Comedy,Thriller,Mystery,2004
2571,Action,,,2004
2572,Crime,Drama,Fantasy,2004
2573,Comedy,Drama,,2004
2574,Thriller,,,2004
2575,Adventure,Thriller,,2004
2576,Drama,,,2004
2577,Drama,,,2004
2578,Drama,,,2004
2579,Thriller,,,2004
2580,Drama,,,2004
2581,Crime,Thriller,,2004
2582,Action,Romance,,2004
2583,Drama,,,2004
2584,Drama,,,2004
2585,Action,Adventure,Comedy,2004
2586,Comedy,,,2004
2587,Adventure,,,2004
2588,Drama,,,2004
2589,Drama,,,2004
2590,Drama,,,2004
2591,Horror,,,2004
2592,Comedy,Crime,,2004
2593,Action,Drama,Romance,2004
2594,Drama,,,2004
2595,Drama,,,2004
2596,Action,Drama,,2004
2597,Comedy,,,2004
2598,Drama,,,2004
2599,Comedy,Drama,,2004
2600,Drama,War,,2004
2601,Drama,,,2004
2602,Comedy,,,2004
2603,Comedy,,,2004
2604,Horror,,,2004
2605,Comedy,,,2004
2606,Action,,,2004
2607,Adventure,Fantasy,Thriller,2004
2608,Drama,,,2004
2609,Animation,,,2004
2610,Drama,,,2004
2611,Action,Crime,Sci-Fi,2004
2612,Drama,,,2004
2613,Drama,Romance,,2004
2614,Drama,,,2004
2615,Horror,,,2004
2616,Comedy,,,2004
2617,Drama,,,2004
2618,Action,,,2004
2619,Drama,,,2004
2620,Sci-Fi,,,2004
2621,Action,Crime,,2004
2622,Horror,,,2004
2623,Drama,,,2004
2624,Comedy,Drama,,2004
2625,Action,Adventure,,2004
2626,Comedy,Horror,Mystery,2004
2627,Comedy,Drama,Romance,2004
2628,Action,Drama,,2004
2629,Drama,,,2004
2630,Drama,,,2004
2631,Drama,,,2004
2632,Drama,,,2004
2633,Drama,,,2004
2634,Drama,,,2004
2635,Animation,Musical,Adventure,2004
2636,Drama,Comedy,,2004
2637,Comedy,,,2004
2638,Thriller,,,2004
2639,Drama,,,2004
2640,Drama,Romance,,2004
2641,Thriller,,,2004
2642,Drama,,,2004
2643,Action,,,2004
2644,Comedy,,,2004
2645,Action,Comedy,,2004
2646,Music,,,2004
2647,Drama,Fantasy,,2004
2648,Thriller,,,2004
2649,Comedy,,,2004
2650,Drama,,,2004
2651,Drama,,,2004
2652,Comedy,Drama,,2004
2653,Drama,,,2004
2654,Comedy,,,2004
2655,Drama,,,2004
2656,Drama,,,2004
2657,Comedy,,,2004
2658,Drama,Horror,,2004
2659,Comedy,,,2004
2660,Drama,,,2004
2661,Action,,,2004
2662,Thriller,,,2004
2663,Drama,Music,,2004
2664,Drama,,,2004
2665,Comedy,,,2004
2666,Animation,,,2004
2667,Horror,,,2004
2668,Comedy,Drama,Fantasy,2004
2669,Drama,,,2004
2670,History,,,2004
2671,Drama,,,2004
2672,Comedy,,,2004
2673,Horror,,,2004
2674,Action,,,2004
2675,Comedy,,,2004
2676,Adventure,Comedy,Family,2004
2677,Adventure,,,2004
2678,Drama,,,2004
2679,Drama,,,2004
2680,Comedy,Romance,,2004
2681,Horror,,,2004
2682,Drama,,,2004
2683,Drama,,,2004
2684,Drama,,,2004
2685,Action,Comedy,Crime,2004
2686,Drama,,,2004
2687,Romance,,,2004
2688,Drama,,,2004
2689,Drama,,,2004
2690,Family,,,2004
2691,Action,,,2004
2692,Biography,,,2004
2693,Comedy,Romance,,2004
2694,Action,,,2004
2695,Drama,,,2004
2696,Comedy,,,2004
2697,Comedy,,,2004
2698,Music,,,2004
2699,Drama,,,2004
2700,Drama,,,2004
2701,Action,,,2004
2702,Drama,Thriller,,2004
2703,Action,Crime,Thriller,2004
2704,Comedy,,,2004
2705,Action,Drama,Romance,2004
2706,Comedy,Crime,Drama,2004
2707,Drama,Musical,,2004
2708,Action,,,2004
2709,Comedy,,,2004
2710,Horror,,,2004
2711,Fantasy,Horror,,2004
2712,Comedy,,,2004
2713,Action,Thriller,,2004
2714,Drama,Fantasy,Horror,2004
2715,Comedy,Romance,,2004
2716,Drama,,,2004
2717,Mystery,,,2004
2718,Drama,,,2004
2719,Drama,,,2004
2720,Music,Comedy,Crime,2004
2721,Drama,,,2004
2722,Comedy,,,2004
2723,Sci-Fi,,,2004
2724,Drama,,,2004
2725,Drama,,,2004
2726,Crime,Romance,,2004
2727,Mystery,,,2004
2728,Drama,,,2004
2729,Family,,,2004
2730,Thriller,Crime,,2004
2731,Drama,Comedy,,2004
2732,Comedy,,,2004
2733,Drama,,,2004
2734,Crime,,,2004
2735,Drama,,,2004
2736,Drama,,,2004
2737,Drama,,,2004
2738,Comedy,,,2004
2739,Romance,,,2004
2740,Action,Drama,,2004
2741,Music,,,2004
2742,Drama,,,2004
2743,Thriller,,,2004
2744,Drama,Mystery,Thriller,2004
2745,Action,,,2004
2746,Thriller,,,2004
2747,Comedy,Romance,,2004
2748,Drama,,,2004
2749,Drama,Romance,War,2004
2750,Comedy,,,2004
2751,Drama,,,2004
2752,Comedy,Drama,,2004
2753,Action,Sci-Fi,Thriller,2004
2754,Comedy,,,2004
2755,Drama,Romance,,2004
2756,Comedy,Drama,,2004
2757,Drama,Music,Romance,2004
2758,Action,,,2004
2759,Comedy,,,2004
2760,Crime,Thriller,,2004
2761,Drama,,,2004
2762,Comedy,Drama,Romance,2004
2763,Comedy,,,2004
2764,Drama,,,2004
2765,Drama,Horror,,2004
2766,Drama,,,2004
2767,Drama,,,2004
2768,Comedy,,,2004
2769,Sport,,,2004
2770,Thriller,,,2004
2771,Drama,,,2004
2772,Horror,,,2004
2773,Adventure,,,2004
2774,Drama,,,2004
2775,Drama,,,2004
2776,Comedy,,,2004
2777,Animation,,,2004
2778,Crime,Drama,Thriller,2004
2779,Comedy,Romance,,2004
2780,Drama,,,2004
2781,Drama,,,2004
2782,Drama,,,2004
2783,Drama,,,2004
2784,Thriller,Action,Horror,2004
2785,Drama,,,2004
2786,Action,Crime,Drama,2004
2787,Drama,,,2004
2788,Animation,Comedy,,2004
2789,Drama,,,2004
2790,Drama,,,2004
2791,Comedy,,,2004
2792,Comedy,Sci-Fi,,2004
2793,Comedy,,,2004
2794,Drama,,,2004
2795,Drama,,,2004
2796,Comedy,Crime,,2004
2797,Drama,,,2004
2798,Comedy,,,2004
2799,Drama,Comedy,,2004
2800,Comedy,,,2004
2801,Romance,,,2004
2802,Drama,,,2004
2803,Drama,,,2004
2804,Drama,,,2004
2805,Drama,,,2004
2806,Comedy,,,2004
2807,Drama,,,2004
2808,Drama,,,2004
2809,Comedy,,,2004
2810,Action,,,2004
2811,Comedy,Adventure,,2004
2812,Action,,,2004
2813,Comedy,,,2004
2814,Drama,,,2004
2815,Drama,,,2004
2816,Drama,,,2004
2817,Family,,,2004
2818,Action,,,2004
2819,Drama,,,2004
2820,Fantasy,,,2004
2821,Thriller,,,2004
2822,Biography,,,2004
2823,Drama,,,2004
2824,Drama,,,2004
2825,Action,,,2004
2826,Drama,,,2004
2827,Music,,,2004
2828,Drama,,,2004
2829,Comedy,,,2004
2830,Fantasy,,,2004
2831,Drama,,,2004
2832,Drama,,,2004
2833,Drama,,,2004
2834,Drama,Romance,,2004
2835,Thriller,Comedy,,2004
2836,Drama,,,2004
2837,Animation,,,2004
2838,Music,,,2004
2839,Crime,Thriller,,2004
2840,Drama,Family,,2004
2841,Drama,,,2004
2842,Comedy,,,2004
2843,Musical,,,2004
2844,Drama,,,2004
2845,Action,Crime,Drama,2004
2846,Thriller,,,2004
2847,Drama,,,2004
2848,Action,,,2004
2849,Thriller,Horror,Mystery,2004
2850,Adventure,Comedy,Drama,2004
2851,Drama,,,2004
2852,Drama,,,2004
2853,Adventure,,,2004
2854,Comedy,,,2004
2855,Drama,,,2004
2856,Comedy,,,2004
2857,Drama,,,2004
2858,Mystery,,,2004
2859,Drama,Family,,2004
2860,Comedy,Mystery,,2004
2861,Drama,,,2004
2862,War,,,2004
2863,Drama,,,2004
2864,Comedy,,,2004
2865,Drama,Romance,,2004
2866,Drama,,,2004
2867,Comedy,,,2004
2868,Comedy,,,2004
2869,Drama,,,2004
2870,Comedy,,,2004
2871,Horror,,,2004
2872,Drama,,,2004
2873,Music,,,2004
2874,Comedy,Romance,,2004
2875,Comedy,,,2004
2876,Music,,,2004
2877,Sci-Fi,,,2004
2878,Thriller,,,2004
2879,Action,,,2004
2880,Drama,,,2004
2881,Comedy,,,2004
2882,Comedy,,,2004
2883,Mystery,Thriller,,2004
2884,Drama,,,2004
2885,Drama,,,2004
2886,Action,Drama,Thriller,2004
2887,Comedy,,,2004
2888,Drama,,,2004
2889,Horror,Thriller,,2004
2890,Drama,,,2004
2891,Drama,,,2004
2892,Drama,,,2004
2893,Action,,,2004
2894,Drama,Romance,,2004
2895,Comedy,,,2004
2896,Drama,,,2004
2897,Drama,,,2004
2898,Comedy,,,2004
2899,Drama,,,2004
2900,Comedy,Romance,,2004
2901,Comedy,,,2004
2902,Drama,Thriller,,2004
2903,Comedy,Sci-Fi,,2004
2904,Action,Comedy,,2004
2905,Drama,,,2004
2906,Drama,,,2004
2907,Comedy,Drama,,2004
2908,Comedy,Horror,,2004
2909,Drama,,,2004
2910,Drama,,,2004
2911,Drama,,,2004
2912,Drama,,,2004
2913,Drama,,,2004
2914,Drama,,,2004
2915,Action,,,2004
2916,Drama,,,2004
2917,Drama,,,2004
2918,Mystery,,,2004
2919,Drama,Crime,Thriller,2004
2920,Family,,,2004
2921,Comedy,,,2004
2922,Drama,Romance,Thriller,2004
2923,Family,Comedy,,2004
2924,Comedy,,,2004
2925,Drama,,,2004
2926,Comedy,,,2004
2927,Drama,,,2004
2928,Drama,Horror,Mystery,2004
2929,Family,,,2004
2930,Drama,Sport,,2004
2931,Comedy,,,2004
2932,Comedy,,,2004
2933,Drama,History,,2004
2934,Drama,,,2004
2935,Comedy,,,2004
2936,Thriller,,,2004
2937,Comedy,Music,,2004
2938,Drama,,,2004
2939,Adventure,Drama,,2004
2940,Drama,,,2004
2941,Music,,,2004
2942,Drama,Family,,2004
2943,Drama,,,2004
2944,Drama,,,2004
2945,Drama,,,2004
2946,Thriller,,,2004
2947,Comedy,,,2004
2948,Comedy,,,2004
2949,War,,,2004
2950,Drama,,,2004
2951,Drama,,,2004
2952,Comedy,Drama,,2004
2953,Drama,Fantasy,,2004
2954,Drama,,,2004
2955,Romance,,,2004
2956,Drama,,,2004
2957,Drama,,,2004
2958,Drama,,,2004
2959,Comedy,,,2004
2960,Drama,,,2004
2961,Drama,,,2004
2962,Drama,,,2004
2963,Thriller,,,2004
2964,Drama,,,2004
2965,Comedy,Romance,,2004
2966,Drama,Romance,,2004
2967,Drama,,,2004
2968,Horror,,,2004
2969,Comedy,,,2004
2970,Thriller,,,2004
2971,Drama,,,2004
2972,Drama,,,2004
2973,Horror,,,2004
2974,Action,Comedy,,2004
2975,Comedy,Romance,,2004
2976,Action,,,2004
2977,Thriller,Action,,2004
2978,Drama,,,2004
2979,Mystery,,,2004
2980,Comedy,Romance,,2004
2981,Action,,,2004
2982,Drama,,,2004
2983,Drama,,,2004
2984,Comedy,,,2004
2985,Drama,,,2004
2986,Drama,,,2004
2987,Drama,,,2004
2988,Action,,,2004
2989,Comedy,,,2004
2990,Comedy,,,2004
2991,Comedy,,,2004
2992,Drama,,,2004
2993,Drama,,,2004
2994,Drama,Comedy,,2004
2995,Adventure,Fantasy,,2004
2996,Drama,Family,,2004
2997,Horror,,,2004
2998,Comedy,,,2004
2999,Comedy,Fantasy,,2004
3000,Comedy,,,2004
3001,Comedy,,,2004
3002,Comedy,,,2004
3003,Drama,Horror,,2004
3004,Comedy,Drama,,2004
3005,Drama,,,2004
3006,Drama,,,2004
3007,Drama,,,2004
3008,Drama,,,2004
3009,Comedy,,,2004
3010,Comedy,,,2004
3011,Horror,,,2004
3012,Romance,Thriller,,2004
3013,Drama,,,2004
3014,Romance,,,2004
3015,Drama,,,2004
3016,Comedy,Drama,,2004
3017,Sport,,,2004
3018,Horror,,,2004
3019,Drama,,,2004
3020,Comedy,,,2004
3021,Drama,,,2004
3022,Romance,,,2004
3023,Sci-Fi,,,2004
3024,Drama,,,2004
3025,Comedy,Drama,Romance,2004
3026,Sci-Fi,,,2004
3027,Action,,,2004
3028,Drama,,,2004
3029,Drama,,,2004
3030,Thriller,,,2004
3031,Action,Comedy,Crime,2004
3032,Comedy,,,2004
3033,Drama,,,2004
3034,Drama,Family,,2004
3035,Horror,,,2004
3036,Comedy,,,2004
3037,Drama,,,2004
3038,Drama,,,2004
3039,Drama,,,2004
3040,Music,,,2004
3041,Drama,Family,Fantasy,2004
3042,Comedy,Fantasy,Romance,2004
3043,Romance,,,2004
3044,Romance,,,2004
3045,Drama,,,2004
3046,Comedy,,,2004
3047,Drama,,,2004
3048,Thriller,,,2004
3049,Comedy,,,2004
3050,Romance,,,2004
3051,Comedy,,,2004
3052,Biography,Comedy,Horror,2004
3053,Action,,,2004
3054,Drama,,,2004
3055,Romance,,,2004
3056,Drama,,,2004
3057,History,,,2004
3058,Action,,,2004
3059,Comedy,Mystery,,2004
3060,Comedy,,,2004
3061,Romance,,,2004
3062,Family,,,2004
3063,Drama,,,2004
3064,Comedy,,,2004
3065,Thriller,Drama,,2004
3066,Drama,,,2004
3067,Action,,,2004
3068,Drama,,,2004
3069,Drama,,,2004
3070,Drama,,,2004
3071,Drama,,,2004
3072,Comedy,,,2004
3073,Fantasy,Horror,Thriller,2004
3074,Comedy,Horror,Mystery,2004
3075,Comedy,,,2004
3076,Comedy,Drama,,2004
3077,Thriller,,,2004
3078,Drama,,,2004
3079,War,,,2004
3080,Drama,,,2004
3081,Action,Mystery,Thriller,2004
3082,Family,,,2004
3083,Drama,,,2004
3084,Romance,,,2004
3085,Drama,,,2004
3086,Horror,,,2004
3087,Drama,,,2004
3088,Drama,,,2004
3089,Drama,,,2004
3090,Action,Drama,Thriller,2004
3091,Comedy,,,2004
3092,Comedy,Drama,,2004
3093,Romance,,,2004
3094,Drama,,,2004
3095,Drama,,,2004
3096,Family,,,2004
3097,Comedy,Fantasy,Romance,2004
3098,Thriller,,,2004
3099,Action,,,2004
3100,Comedy,Thriller,Family,2004
3101,Comedy,,,2004
3102,Drama,,,2004
3103,Drama,,,2004
3104,Drama,,,2004
3105,Action,,,2004
3106,Adventure,Drama,,2004
3107,Drama,,,2004
3108,Drama,,,2004
3109,Adventure,Sci-Fi,Animation,2004
3110,Drama,,,2004
3111,Drama,Romance,,2004
3112,Music,,,2004
3113,Drama,,,2004
3114,Comedy,,,2004
3115,Drama,,,2004
3116,Comedy,,,2004
3117,Drama,,,2004
3118,Drama,,,2004
3119,Drama,,,2004
3120,Drama,,,2004
3121,Drama,,,2004
3122,Action,,,2004
3123,Animation,Comedy,Romance,2004
3124,Fantasy,Horror,Mystery,2004
3125,Action,Comedy,,2004
3126,Drama,,,2004
3127,Comedy,Drama,,2004
3128,Drama,,,2004
3129,Drama,,,2004
3130,Comedy,Drama,,2004
3131,Comedy,Sport,,2004
3132,Comedy,Action,Animation,2004
3133,Comedy,,,2004
3134,Comedy,,,2004
3135,Comedy,,,2004
3136,Thriller,,,2004
3137,Fantasy,,,2004
3138,Drama,,,2004
3139,Drama,,,2004
3140,Drama,History,,2004
3141,Drama,,,2004
3142,Action,Drama,,2004
3143,Animation,Action,Adventure,2004
3144,Comedy,,,2004
3145,Fantasy,,,2004
3146,Thriller,,,2004
3147,Drama,,,2004
3148,Thriller,,,2004
3149,Drama,,,2004
3150,Drama,,,2004
3151,Comedy,,,2004
3152,Drama,,,2004
3153,Comedy,,,2004
3154,Comedy,Horror,,2004
3155,Horror,,,2004
3156,Drama,,,2004
3157,Comedy,,,2004
3158,Drama,,,2004
3159,Drama,,,2004
3160,Comedy,,,2004
3161,Action,Comedy,,2004
3162,Thriller,,,2004
3163,Thriller,,,2004
3164,Drama,,,2004
3165,Action,,,2004
3166,Drama,,,2004
3167,Drama,,,2004
3168,Action,Crime,Thriller,2004
3169,Comedy,,,2004
3170,Drama,,,2004
3171,Drama,,,2004
3172,Thriller,,,2004
3173,Horror,,,2004
3174,Comedy,,,2004
3175,Drama,,,2004
3176,Drama,,,2004
3177,Drama,,,2004
3178,Thriller,Horror,,2004
3179,Drama,,,2004
3180,War,,,2004
3181,Drama,,,2004
3182,Drama,,,2004
3183,Drama,Comedy,Crime,2004
3184,Drama,,,2004
3185,Horror,,,2004
3186,Drama,,,2004
3187,Drama,,,2004
3188,Crime,Horror,Thriller,2004
3189,Comedy,,,2004
3190,Thriller,,,2004
3191,Comedy,Drama,Romance,2004
3192,Crime,,,2004
3193,Comedy,,,2004
3194,Drama,,,2004
3195,Drama,,,2004
3196,Drama,Romance,Sci-Fi,2004
3197,Crime,,,2004
3198,Drama,,,2004
3199,Drama,,,2004
3200,Crime,Thriller,,2004
3201,Mystery,,,2004
3202,Family,,,2004
3203,Drama,,,2004
3204,Comedy,Romance,,2004
3205,Romance,,,2004
3206,Comedy,Drama,,2004
3207,Drama,,,2004
3208,Drama,,,2004
3209,Comedy,,,2004
3210,Action,,,2004
3211,Comedy,,,2004
3212,Drama,,,2004
3213,Comedy,Romance,,2004
3214,Comedy,,,2004
3215,Comedy,,,2004
3216,Drama,,,2004
3217,Music,,,2004
3218,Comedy,Romance,,2004
3219,Comedy,,,2004
3220,Drama,,,2004
3221,News,,,2004
3222,Comedy,,,2004
3223,Comedy,,,2004
3224,Drama,Comedy,,2004
3225,Comedy,Drama,,2004
3226,Drama,,,2004
3227,Drama,,,2004
3228,Drama,Mystery,Sci-Fi,2004
3229,Drama,Thriller,,2004
3230,Drama,,,2004
3231,Horror,Thriller,,2004
3232,Drama,,,2004
3233,Action,,,2004
3234,Comedy,Drama,Fantasy,2004
3235,Drama,,,2004
3236,Comedy,Drama,Romance,2004
3237,Romance,,,2004
3238,Drama,,,2004
3239,Drama,Fantasy,,2004
3240,Drama,,,2004
3241,Comedy,,,2004
3242,Drama,,,2004
3243,Drama,,,2004
3244,Drama,,,2004
3245,Comedy,,,2004
3246,Drama,,,2004
3247,Fantasy,,,2004
3248,Action,,,2004
3249,Drama,Romance,,2004
3250,Thriller,,,2004
3251,Horror,,,2004
3252,Drama,,,2004
3253,Crime,Romance,Comedy,2004
3254,Drama,,,2004
3255,History,,,2004
3256,Drama,,,2004
3257,Drama,,,2004
3258,Biography,Comedy,Sci-Fi,2004
3259,Drama,,,2004
3260,Action,,,2004
3261,Comedy,Drama,Fantasy,2004
3262,Horror,,,2004
3263,Drama,,,2004
3264,Drama,,,2004
3265,Comedy,Drama,Mystery,2004
3266,Drama,,,2004
3267,Comedy,Thriller,,2004
3268,Drama,War,,2004
3269,Comedy,,,2004
3270,Action,Drama,,2004
3271,Comedy,,,2004
3272,Thriller,,,2004
3273,Drama,,,2004
3274,Drama,,,2004
3275,Mystery,,,2004
3276,Horror,,,2004
3277,Comedy,Drama,,2004
3278,Drama,,,2004
3279,Adventure,Family,,2004
3280,Drama,,,2004
3281,Action,Crime,Thriller,2004
3282,Drama,,,2004
3283,Comedy,,,2004
3284,Animation,Sci-Fi,,2004
3285,Western,,,2004
3286,Drama,,,2004
3287,Horror,,,2004
3288,Romance,,,2004
3289,Drama,,,2004
3290,Action,Thriller,Crime,2004
3291,Crime,Drama,Thriller,2004
3292,Drama,,,2004
3293,Horror,,,2004
3294,Crime,,,2004
3295,Action,,,2004
3296,Drama,,,2004
3297,Drama,,,2004
3298,Drama,Romance,,2004
3299,Drama,,,2004
3300,Drama,,,2004
3301,Music,,,2004
3302,Drama,,,2004
3303,Action,,,2004
3304,Animation,,,2004
3305,Drama,,,2004
3306,Musical,,,2004
3307,Drama,,,2004
3308,Drama,,,2004
3309,Action,Comedy,Crime,2004
3310,Family,,,2004
3311,Drama,,,2004
3312,Comedy,,,2004
3313,Drama,,,2004
3314,Mystery,Adventure,,2004
3315,Drama,,,2004
3316,Drama,,,2004
3317,Drama,,,2004
3318,Drama,,,2004
3319,Drama,,,2004
3320,Drama,Mystery,,2004
3321,Drama,,,2004
3322,Action,,,2004
3323,Drama,,,2004
3324,Drama,,,2004
3325,Adventure,Comedy,Mystery,2004
3326,Crime,Drama,Thriller,2004
3327,Drama,Thriller,,2004
3328,Comedy,Family,,2004
3329,Sci-Fi,,,2004
3330,Drama,,,2004
3331,Comedy,,,2004
3332,Horror,,,2004
3333,History,,,2004
3334,Drama,,,2004
3335,Comedy,Drama,,2004
3336,Drama,,,2004
3337,Comedy,,,2004
3338,Drama,,,2004
3339,Comedy,,,2004
3340,War,,,2004
3341,Drama,,,2004
3342,Drama,,,2004
3343,Drama,,,2004
3344,Drama,,,2004
3345,Drama,,,2004
3346,Drama,,,2004
3347,Drama,,,2004
3348,Drama,,,2004
3349,Comedy,Family,,2004
3350,Action,,,2004
3351,Action,,,2004
3352,Action,Horror,,2004
3353,Drama,Romance,,2004
3354,Drama,Romance,,2004
3355,Thriller,,,2004
3356,Horror,,,2004
3357,Drama,,,2004
3358,Comedy,Horror,,2004
3359,Comedy,,,2004
3360,Drama,,,2004
3361,Drama,Romance,,2004
3362,Thriller,,,2004
3363,Adventure,,,2004
3364,Drama,Romance,,2004
3365,Drama,,,2004
3366,Drama,,,2004
3367,Comedy,,,2004
3368,Drama,,,2004
3369,Drama,,,2004
3370,Action,,,2004
3371,Drama,,,2004
3372,Comedy,,,2004
3373,Drama,,,2004
3374,Drama,,,2004
3375,Thriller,,,2004
3376,Drama,,,2004
3377,Thriller,,,2004
3378,Adventure,Fantasy,,2004
3379,Comedy,,,2004
3380,Horror,,,2004
3381,Drama,,,2004
3382,Music,,,2004
3383,Drama,,,2004
3384,Drama,,,2004
3385,Sci-Fi,,,2004
3386,Drama,,,2004
3387,Sci-Fi,,,2004
3388,Drama,Romance,,2004
3389,Sport,,,2004
3390,Action,,,2004
3391,Drama,,,2004
3392,Sci-Fi,Thriller,,2004
3393,Comedy,,,2004
3394,Horror,Thriller,,2004
3395,Drama,,,2004
3396,Comedy,Horror,,2004
3397,Comedy,Drama,,2004
3398,Sci-Fi,,,2004
3399,Drama,,,2004
3400,Romance,,,2004
3401,Comedy,,,2004
3402,Comedy,,,2004
3403,Drama,,,2004
3404,Drama,,,2004
3405,Horror,,,2004
3406,Drama,Animation,,2004
3407,Thriller,,,2004
3408,Drama,Family,,2004
3409,Drama,,,2004
3410,Crime,Drama,Thriller,2004
3411,Drama,War,,2004
3412,Thriller,,,2004
3413,Crime,,,2004
3414,Drama,,,2004
3415,Music,,,2004
3416,Drama,,,2004
3417,Thriller,,,2004
3418,Horror,,,2004
3419,Drama,,,2004
3420,Action,Drama,Mystery,2004
3421,Drama,,,2004
3422,Drama,,,2004
3423,Comedy,,,2004
3424,Drama,,,2004
3425,Romance,,,2004
3426,Drama,,,2004
3427,Biography,,,2004
3428,Comedy,,,2004
3429,Crime,,,2004
3430,Drama,,,2004
3431,Comedy,Drama,,2004
3432,Music,,,2004
3433,Horror,,,2004
3434,Mystery,,,2004
3435,Music,,,2004
3436,Comedy,,,2004
3437,Drama,,,2004
3438,Drama,,,2004
3439,Comedy,,,2004
3440,Action,Comedy,,2004
3441,Drama,,,2004
3442,Drama,Romance,,2004
3443,Fantasy,,,2004
3444,Crime,Drama,Comedy,2004
3445,Drama,,,2004
3446,Drama,,,2004
3447,Comedy,,,2004
3448,Comedy,,,2004
3449,Comedy,,,2004
3450,Horror,,,2004
3451,Animation,,,2004
3452,Comedy,,,2004
3453,Comedy,Crime,,2004
3454,Horror,,,2004
3455,Action,Crime,Drama,2004
3456,Sci-Fi,,,2004
3457,Thriller,,,2004
3458,Comedy,,,2004
3459,Drama,,,2004
3460,Action,,,2004
3461,Drama,,,2004
3462,Sci-Fi,Drama,Mystery,2004
3463,Musical,,,2004
3464,Horror,,,2004
3465,Drama,,,2004
3466,Thriller,,,2004
3467,Action,,,2004
3468,Comedy,Crime,Drama,2004
3469,Drama,,,2004
3470,Action,,,2004
3471,Drama,Comedy,Romance,2004
3472,Drama,,,2004
3473,Drama,,,2004
3474,Drama,Thriller,,2004
3475,Music,,,2004
3476,Comedy,,,2004
3477,Comedy,,,2004
3478,Horror,,,2004
3479,Family,,,2004
3480,Drama,,,2004
3481,Drama,,,2004
3482,Drama,Thriller,,2004
3483,Romance,,,2004
3484,Action,Horror,Thriller,2004
3485,Crime,Drama,,2004
3486,Sci-Fi,,,2004
3487,Drama,,,2004
3488,Horror,,,2004
3489,Comedy,,,2004
3490,Romance,,,2004
3491,Action,Adventure,Comedy,2004
3492,Drama,,,2004
3493,Comedy,,,2004
3494,Sport,,,2004
3495,Drama,,,2004
3496,Drama,,,2004
3497,Drama,,,2004
3498,Drama,,,2004
3499,Comedy,,,2004
3500,Comedy,,,2004
3501,Drama,,,2004
3502,Thriller,,,2004
3503,Sci-Fi,,,2004
3504,Action,,,2004
3505,Biography,,,2004
3506,Drama,,,2004
3507,Sport,,,2004
3508,Comedy,Horror,Thriller,2004
3509,Thriller,,,2004
3510,Sport,,,2004
3511,Sport,,,2004
3512,Fantasy,,,2004
3513,Sci-Fi,,,2004
3514,Drama,,,2004
3515,Comedy,,,2004
3516,Horror,Thriller,,2004
3517,Drama,,,2004
3518,Romance,,,2004
3519,War,,,2004
3520,Sport,,,2004
3521,Horror,,,2004
3522,Animation,Comedy,Drama,2004
3523,Drama,,,2004
3524,Thriller,,,2004
3525,Drama,,,2004
3526,Drama,Fantasy,,2004
3527,Drama,,,2004
3528,Drama,,,2004
3529,Drama,,,2004
3530,Drama,,,2004
3531,Fantasy,,,2004
3532,Comedy,,,2004
3533,Drama,Thriller,,2004
3534,Drama,,,2004
3535,Comedy,,,2004
3536,Drama,,,2004
3537,Drama,,,2004
3538,Comedy,,,2004
3539,Action,,,2004
3540,Comedy,Drama,,2004
3541,Thriller,,,2004
3542,Thriller,War,,2004
3543,Romance,Drama,,2004
3544,Comedy,,,2004
3545,Action,,,2004
3546,Biography,,,2004
3547,Action,Comedy,Crime,2004
3548,Drama,,,2004
3549,Drama,,,2004
3550,Drama,,,2004
3551,Drama,,,2004
3552,Action,,,2004
3553,Comedy,,,2004
3554,Comedy,,,2004
3555,Adventure,Drama,Fantasy,2004
3556,Drama,,,2004
3557,Action,,,2004
3558,Drama,,,2004
3559,Drama,Thriller,,2004
3560,Action,Drama,,2004
3561,Comedy,,,2004
3562,Drama,Romance,,2004
3563,Action,Crime,Thriller,2004
3564,Drama,,,2004
3565,Comedy,,,2004
3566,Comedy,,,2004
3567,Thriller,,,2004
3568,Drama,,,2004
3569,Drama,,,2004
3570,Sport,,,2004
3571,Comedy,,,2004
3572,Drama,Romance,,2004
3573,Comedy,,,2004
3574,Drama,,,2004
3575,Thriller,,,2004
3576,Drama,,,2004
3577,Thriller,,,2004
3578,Mystery,,,2004
3579,Horror,,,2004
3580,History,War,,2004
3581,Thriller,,,2004
3582,Comedy,,,2004
3583,Comedy,,,2004
3584,Animation,,,2004
3585,Action,,,2004
3586,Romance,,,2004
3587,Thriller,,,2004
3588,Crime,,,2004
3589,Crime,Romance,Action,2004
3590,Drama,,,2004
3591,Comedy,,,2004
3592,Drama,,,2004
3593,Thriller,,,2004
3594,Drama,,,2004
3595,Drama,Mystery,,2004
3596,Drama,,,2004
3597,Drama,,,2004
3598,Drama,,,2004
3599,Action,Crime,Drama,2004
3600,Drama,,,2004
3601,Drama,,,2004
3602,Drama,,,2004
3603,Adventure,,,2004
3604,Comedy,Romance,,2004
3605,Comedy,,,2004
3606,Comedy,,,2004
3607,Drama,War,,2004
3608,Music,,,2004
3609,Thriller,,,2004
3610,Drama,,,2004
3611,Thriller,,,2004
3612,Drama,War,,2004
3613,Drama,,,2004
3614,Comedy,,,2004
3615,Comedy,,,2004
3616,Comedy,Romance,,2004
3617,Action,,,2004
3618,Drama,,,2004
3619,Action,,,2004
3620,Drama,,,2004
3621,Drama,,,2004
3622,Fantasy,,,2004
3623,Action,Comedy,Crime,2004
3624,Drama,,,2004
3625,Drama,,,2004
3626,Family,,,2004
3627,Drama,Horror,Mystery,2004
3628,Drama,,,2004
3629,Action,,,2004
3630,Music,,,2004
3631,Horror,,,2004
3632,Drama,,,2004
3633,Drama,Thriller,,2004
3634,Drama,,,2004
3635,Drama,Romance,,2004
3636,Drama,Fantasy,Mystery,2004
3637,Drama,,,2004
3638,Drama,,,2004
3639,Sci-Fi,,,2004
3640,Comedy,,,2004
3641,Comedy,Romance,Drama,2004
3642,Drama,,,2004
3643,Comedy,,,2004
3644,Comedy,,,2004
3645,Comedy,Horror,,2004
3646,Comedy,,,2004
3647,Horror,,,2004
3648,Drama,,,2004
3649,Horror,Mystery,Thriller,2004
3650,Comedy,,,2004
3651,Family,,,2004
3652,Drama,,,2004
3653,Sport,,,2004
3654,Horror,,,2004
3655,Action,,,2004
3656,Comedy,,,2004
3657,Drama,Thriller,,2004
3658,Romance,Drama,,2004
3659,Comedy,,,2004
3660,Drama,,,2004
3661,Crime,Drama,Romance,2004
3662,Drama,,,2004
3663,Comedy,Fantasy,Horror,2004
3664,Drama,,,2004
3665,Drama,,,2004
3666,Drama,,,2004
3667,Drama,,,2004
3668,Animation,,,2004
3669,Horror,,,2004
3670,Drama,,,2004
3671,Drama,,,2004
3672,Fantasy,,,2004
3673,Music,,,2004
3674,Romance,,,2004
3675,Musical,,,2004
3676,Biography,Drama,War,2004
3677,Drama,,,2004
3678,Drama,,,2004
3679,Family,,,2004
3680,Drama,War,,2004
3681,Drama,,,2004
3682,Thriller,,,2004
3683,Family,,,2004
3684,Comedy,,,2004
3685,Biography,,,2004
3686,Drama,,,2004
3687,Action,Comedy,,2004
3688,Drama,Romance,,2004
3689,Comedy,Drama,,2004
3690,Sci-Fi,,,2004
3691,Drama,,,2004
3692,Horror,,,2004
3693,Drama,,,2004
3694,Horror,,,2004
3695,Sci-Fi,,,2004
3696,Comedy,,,2004
3697,Drama,,,2004
3698,Crime,Drama,,2004
3699,Sport,,,2004
3700,Drama,,,2004
3701,Comedy,Romance,,2004
3702,Romance,,,2004
3703,Drama,,,2004
3704,Drama,Family,,2004
3705,Drama,,,2004
3706,Comedy,Fantasy,,2004
3707,Drama,,,2004
3708,Drama,,,2004
3709,Drama,,,2004
3710,Comedy,,,2004
3711,Horror,,,2004
3712,Drama,,,2004
3713,Horror,,,2004
3714,Action,Thriller,,2004
3715,Drama,,,2004
3716,Romance,,,2004
3717,Drama,,,2004
3718,Crime,,,2004
3719,Drama,,,2004
3720,Drama,,,2004
3721,Animation,,,2004
3722,Comedy,,,2004
3723,Crime,,,2004
3724,Biography,,,2004
3725,Romance,,,2004
3726,Drama,,,2004
3727,Comedy,Family,,2004
3728,Drama,,,2004
3729,Drama,,,2004
3730,Comedy,,,2004
3731,Music,,,2004
3732,Drama,,,2004
3733,Drama,,,2004
3734,Action,Drama,,2004
3735,Drama,,,2004
3736,War,,,2004
3737,Drama,,,2004
3738,Drama,,,2004
3739,Fantasy,,,2004
3740,Romance,,,2004
3741,Drama,,,2004
3742,Sci-Fi,,,2004
3743,Drama,,,2004
3744,Comedy,Romance,,2004
3745,Animation,Adventure,Family,2004
3746,Drama,,,2004
3747,Drama,,,2004
3748,Comedy,,,2004
3749,Comedy,,,2004
3750,Drama,,,2004
3751,Drama,,,2004
3752,Drama,,,2004
3753,Action,Crime,Thriller,2004
3754,Sport,,,2004
3755,Romance,,,2004
3756,Thriller,,,2004
3757,Drama,Romance,,2004
3758,Drama,,,2004
3759,Comedy,,,2004
3760,Romance,War,,2004
3761,Drama,,,2004
3762,Comedy,,,2004
3763,Drama,,,2004
3764,Drama,Thriller,,2004
3765,Action,Mystery,Thriller,2004
3766,Drama,,,2004
3767,Thriller,,,2004
3768,Drama,,,2004
3769,Romance,,,2004
3770,Comedy,Romance,,2004
3771,Comedy,Drama,,2004
3772,Comedy,,,2004
3773,Comedy,,,2004
3774,Musical,,,2004
3775,Drama,,,2004
3776,Thriller,,,2004
3777,Drama,,,2004
3778,Thriller,,,2004
3779,Crime,Drama,Thriller,2004
3780,Comedy,,,2004
3781,Animation,Adventure,Fantasy,2004
3782,Drama,,,2004
3783,Comedy,Drama,Romance,2004
3784,Romance,,,2004
3785,Thriller,,,2004
3786,Drama,,,2004
3787,Drama,Mystery,,2004
3788,Horror,,,2004
3789,Thriller,,,2004
3790,Drama,,,2004
3791,Horror,,,2004
3792,Drama,,,2004
3793,Romance,,,2004
3794,Drama,,,2004
3795,Drama,,,2004
3796,Drama,,,2004
3797,Drama,,,2004
3798,Drama,,,2004
3799,Drama,,,2004
3800,Drama,,,2004
3801,Drama,,,2004
3802,Drama,,,2004
3803,Drama,,,2004
3804,Horror,,,2004
3805,Horror,,,2004
3806,Comedy,,,2004
3807,Drama,,,2004
3808,Drama,,,2004
3809,War,Thriller,Action,2004
3810,Drama,,,2004
3811,Drama,,,2004
3812,Drama,,,2004
3813,Drama,,,2004
3814,Comedy,,,2004
3815,Comedy,,,2004
3816,Drama,,,2004
3817,Fantasy,,,2004
3818,Thriller,,,2004
3819,Crime,Drama,,2004
3820,Drama,,,2004
3821,Musical,Comedy,Drama,2004
3822,Drama,,,2004
3823,Sci-Fi,,,2004
3824,Crime,Drama,,2004
3825,Drama,,,2004
3826,Drama,,,2004
3827,Thriller,,,2004
3828,Music,,,2004
3829,Thriller,,,2004
3830,Comedy,,,2004
3831,Mystery,,,2004
3832,Music,,,2004
3833,History,,,2004
3834,Musical,,,2004
3835,Comedy,,,2004
3836,Action,Comedy,,2004
3837,Thriller,,,2004
3838,Drama,,,2004
3839,Comedy,Family,,2004
3840,Comedy,Crime,Thriller,2004
3841,Comedy,Drama,,2004
3842,Horror,,,2004
3843,Drama,,,2004
3844,Comedy,,,2004
3845,Romance,,,2004
3846,Comedy,,,2004
3847,Drama,,,2004
3848,Drama,,,2004
3849,Drama,,,2004
3850,Thriller,,,2004
3851,Fantasy,,,2004
3852,Sport,,,2004
3853,Drama,,,2004
3854,Family,,,2004
3855,Action,,,2004
3856,Drama,,,2004
3857,Comedy,Drama,Romance,2004
3858,Comedy,,,2004
3859,Drama,,,2004
3860,Fantasy,,,2004
3861,Crime,Drama,,2004
3862,Drama,,,2004
3863,Music,,,2004
3864,Comedy,,,2004
3865,Drama,,,2004
3866,Action,,,2004
3867,Adventure,,,2004
3868,Drama,,,2004
3869,Drama,,,2004
3870,Drama,,,2004
3871,Adventure,,,2004
3872,Action,,,2004
3873,Drama,,,2004
3874,Drama,,,2004
3875,History,Music,,2004
3876,Comedy,Romance,,2004
3877,Drama,,,2004
3878,Action,Crime,Mystery,2004
3879,Comedy,Mystery,Thriller,2004
3880,Drama,,,2004
3881,Action,,,2004
3882,Biography,Drama,,2004
3883,Biography,,,2004
3884,Action,Drama,Thriller,2004
3885,Crime,,,2004
3886,History,,,2004
3887,Action,,,2004
3888,Action,Drama,Family,2004
3889,Comedy,,,2004
3890,Drama,,,2004
3891,Drama,,,2004
3892,Crime,Drama,Thriller,2004
3893,Drama,,,2004
3894,Drama,Family,,2004
3895,Animation,,,2004
3896,Drama,,,2004
3897,Crime,,,2004
3898,Drama,,,2004
3899,Drama,,,2004
3900,Drama,Romance,,2004
3901,Adventure,,,2004
3902,Thriller,,,2004
3903,Drama,,,2004
3904,Drama,,,2004
3905,Drama,,,2004
3906,Crime,,,2004
3907,Thriller,,,2004
3908,Drama,,,2004
3909,Drama,,,2004
3910,Action,,,2004
3911,Comedy,,,2004
3912,Comedy,Romance,,2004
3913,Drama,,,2004
3914,Drama,,,2004
3915,Horror,,,2004
3916,Music,,,2004
3917,Comedy,,,2004
3918,History,,,2004
3919,Drama,,,2004
3920,Drama,,,2004
3921,Drama,Fantasy,,2004
3922,Romance,,,2004
3923,Action,Crime,Drama,2004
3924,Comedy,,,2004
3925,Drama,,,2004
3926,Drama,,,2004
3927,Drama,,,2004
3928,Drama,,,2004
3929,Adventure,Drama,,2004
3930,Crime,,,2004
3931,Drama,Romance,,2004
3932,Drama,,,2004
3933,Comedy,,,2004
3934,Music,,,2004
3935,Comedy,,,2004
3936,Animation,,,2004
3937,Drama,,,2004
3938,Drama,,,2004
3939,Horror,,,2004
3940,Romance,,,2004
3941,Crime,,,2004
3942,Comedy,,,2004
3943,Romance,,,2004
3944,Drama,,,2004
3945,Action,Comedy,Horror,2004
3946,Comedy,,,2004
3947,Drama,,,2004
3948,Drama,War,,2004
3949,Comedy,Horror,Musical,2004
3950,Mystery,,,2004
3951,Action,Comedy,Western,2004
3952,Drama,,,2004
3953,Drama,,,2004
3954,Action,,,2004
3955,Drama,,,2004
3956,Comedy,,,2004
3957,Musical,,,2004
3958,Comedy,,,2004
3959,Comedy,,,2004
3960,Sport,,,2004
3961,Family,,,2004
3962,Drama,,,2004
3963,Comedy,,,2004
3964,Action,,,2004
3965,Horror,,,2004
3966,Drama,,,2004
3967,Biography,,,2004
3968,Thriller,,,2004
3969,Music,,,2004
3970,Drama,,,2004
3971,Fantasy,,,2004
3972,Drama,Fantasy,,2004
3973,Romance,,,2004
3974,Drama,,,2004
3975,Drama,,,2004
3976,Action,Crime,Drama,2004
3977,Comedy,Romance,Sci-Fi,2004
3978,Drama,,,2004
3979,Family,Fantasy,,2004
3980,Drama,,,2004
3981,Reality-TV,,,2004
3982,Drama,,,2004
3983,Drama,,,2004
3984,Music,,,2004
3985,Thriller,,,2004
3986,Drama,,,2004
3987,Comedy,,,2004
3988,Animation,,,2004
3989,Horror,,,2004
3990,Drama,,,2004
3991,Sport,,,2004
3992,Music,,,2004
3993,Biography,,,2004
3994,Drama,,,2004
3995,Family,,,2004
3996,Comedy,,,2004
3997,Drama,,,2004
